[sampler] legal-row overrides: deck_pick_smoothing_eps=0.02, legal_row_temperature=None
[sampler] schedule configured: subaction_temperature=1.200000->1.200000 (steps 0->307200), smoothing_eps=0.050000->0.050000 (steps 0->307200), applied_step=0, subaction_temperature_now=1.200000, smoothing_eps_now=0.050000
/home/skylark/git/azuki-tcg/python/.venv-codex/lib/python3.13/site-packages/torch/__init__.py:1617: UserWarning: Please use the new API settings to control TF32 behavior, such as torch.backends.cudnn.conv.fp32_precision = 'tf32' or torch.backends.cuda.matmul.fp32_precision = 'ieee'. Old settings, e.g, torch.backends.cuda.matmul.allow_tf32 = True, torch.backends.cudnn.allow_tf32 = True, allowTF32CuDNN() and allowTF32CuBLAS() will be deprecated after Pytorch 2.9. Please see https://pytorch.org/docs/main/notes/cuda.html#tensorfloat-32-tf32-on-ampere-and-later-devices (Triggered internally at /pytorch/aten/src/ATen/Context.cpp:80.)
  _C._set_float32_matmul_precision(precision)
[0;0H╭──────────────────────────────────────────────────────────────────────────────╮
│  PufferLib 4.0 🐡             CPU: 0.0%  GPU: 0.0%  DRAM: 0.0%   VRAM: 0.0%  │
│                                                                              │
│  Summary          Value    Evaluate      0s   0%    Losses            Value  │
│  Env        azuki_local      Forwa…      0s   0%                             │
│  Params           90.2M      Env         0s   0%                             │
│  Steps                0      Copy        0s   0%                             │
│  SPS                  0      Misc        0s   0%                             │
│  Epoch                0    Train         0s   0%                             │
│  Uptime              0s      Forwa…      0s   0%                             │
│  Remaini…   A hair past      Backw…      0s   0%                             │
│               a freckle      Optim…      0s   0%                             │
│                              Copy        0s   0%                             │
│                              Misc        0s   0%                             │
│                                                                              │
│  User Stats                    Value    User Stats                    Value  │
╰──────────────────────────────────────────────────────────────────────────────╯

[train] epoch plan: batch_size=15360, total_epochs=20, effective_total_timesteps=307200, sampler_temp=1.200000, sampler_smoothing=0.050000, ent_coef=0.010000
[anneal] ent_coef schedule: 0.010000->0.002000 (steps 184320->276480), applied_step=0
/home/skylark/git/azuki-tcg/python/.venv-codex/lib/python3.13/site-packages/torch/_dynamo/variables/functions.py:1598: UserWarning: Dynamo does not know how to trace the builtin `<unknown module>.Tensor.as_strided.` This function is either a Python builtin (e.g. _warnings.warn) or a third-party C/C++ Python extension (perhaps created with pybind).
If it is a Python builtin, please file an issue on GitHub so the PyTorch team can add support for it and see the next case for a workaround.
If it is a third-party C/C++ Python extension, please either wrap it into a PyTorch-understood custom operator (see https://pytorch.org/tutorials/advanced/custom_ops_landing_page.html for more details) or, if it is traceable, use `torch.compiler.allow_in_graph`.
  torch._dynamo.utils.warn_once(explanation + "\n" + "\n".join(hints))
W0715 18:21:04.632000 3404085 torch/_dynamo/convert_frame.py:1358] [5/8] torch._dynamo hit config.recompile_limit (8)
W0715 18:21:04.632000 3404085 torch/_dynamo/convert_frame.py:1358] [5/8]    function: 'torch_dynamo_resume_in_extract_at_272' (/home/skylark/git/azuki-tcg/python/src/policy/v2/tcg_policy.py:272)
W0715 18:21:04.632000 3404085 torch/_dynamo/convert_frame.py:1358] [5/8]    last reason: 5/0: Cache line invalidated because L['___stack0'] got deallocated
W0715 18:21:04.632000 3404085 torch/_dynamo/convert_frame.py:1358] [5/8] To log all recompilation reasons, use TORCH_LOGS="recompiles".
W0715 18:21:04.632000 3404085 torch/_dynamo/convert_frame.py:1358] [5/8] To diagnose recompilation issues, see https://pytorch.org/docs/main/torch.compiler_troubleshooting.html
W0715 18:21:04.993000 3404085 torch/_dynamo/convert_frame.py:1358] [4/8] torch._dynamo hit config.recompile_limit (8)
W0715 18:21:04.993000 3404085 torch/_dynamo/convert_frame.py:1358] [4/8]    function: 'extract' (/home/skylark/git/azuki-tcg/python/src/policy/v2/tcg_policy.py:263)
W0715 18:21:04.993000 3404085 torch/_dynamo/convert_frame.py:1358] [4/8]    last reason: 4/7: self.view_dtype == torch.int16                           # if self.view_dtype is torch.uint8:  # src/policy/v2/tcg_policy.py:266 in extract
W0715 18:21:04.993000 3404085 torch/_dynamo/convert_frame.py:1358] [4/8] To log all recompilation reasons, use TORCH_LOGS="recompiles".
W0715 18:21:04.993000 3404085 torch/_dynamo/convert_frame.py:1358] [4/8] To diagnose recompilation issues, see https://pytorch.org/docs/main/torch.compiler_troubleshooting.html
W0715 18:21:07.399000 3404085 torch/_dynamo/variables/tensor.py:1048] [31/0] Graph break from `Tensor.item()`, consider setting:
W0715 18:21:07.399000 3404085 torch/_dynamo/variables/tensor.py:1048] [31/0]     torch._dynamo.config.capture_scalar_outputs = True
W0715 18:21:07.399000 3404085 torch/_dynamo/variables/tensor.py:1048] [31/0] or:
W0715 18:21:07.399000 3404085 torch/_dynamo/variables/tensor.py:1048] [31/0]     env TORCHDYNAMO_CAPTURE_SCALAR_OUTPUTS=1
W0715 18:21:07.399000 3404085 torch/_dynamo/variables/tensor.py:1048] [31/0] to include these operations in the captured graph.
W0715 18:21:07.399000 3404085 torch/_dynamo/variables/tensor.py:1048] [31/0] 
W0715 18:21:07.399000 3404085 torch/_dynamo/variables/tensor.py:1048] [31/0] Graph break: from user code at:
W0715 18:21:07.399000 3404085 torch/_dynamo/variables/tensor.py:1048] [31/0]   File "/home/skylark/git/azuki-tcg/python/src/policy/v2/tcg_policy.py", line 2367, in torch_dynamo_resume_in_encode_observations_at_2354
W0715 18:21:07.399000 3404085 torch/_dynamo/variables/tensor.py:1048] [31/0]     self._cached_trim_bucket = self._compute_legal_action_trim_bucket(
W0715 18:21:07.399000 3404085 torch/_dynamo/variables/tensor.py:1048] [31/0]   File "/home/skylark/git/azuki-tcg/python/src/policy/v2/tcg_policy.py", line 2730, in _compute_legal_action_trim_bucket
W0715 18:21:07.399000 3404085 torch/_dynamo/variables/tensor.py:1048] [31/0]     max_active_rows = int(legal_action_count.long().max().item()) if legal_action_count.numel() > 0 else 0
W0715 18:21:07.399000 3404085 torch/_dynamo/variables/tensor.py:1048] [31/0] 
W0715 18:21:07.399000 3404085 torch/_dynamo/variables/tensor.py:1048] [31/0] 
W0715 18:22:46.578000 3404085 torch/_dynamo/convert_frame.py:1358] [0/8] torch._dynamo hit config.recompile_limit (8)
W0715 18:22:46.578000 3404085 torch/_dynamo/convert_frame.py:1358] [0/8]    function: 'encode_observations' (/home/skylark/git/azuki-tcg/python/src/policy/v2/tcg_policy.py:2351)
W0715 18:22:46.578000 3404085 torch/_dynamo/convert_frame.py:1358] [0/8]    last reason: 0/7: self._text_table_version == 7                            # self._text_table_version += 1  # src/policy/v2/tcg_policy.py:1656 in _invalidate_text_feature_table (HINT: torch.compile considers integer attributes of the nn.Module to be static. If you are observing recompilation, you might want to make this integer dynamic using torch._dynamo.config.allow_unspec_int_on_nn_module = True, or convert this integer into a tensor.)
W0715 18:22:46.578000 3404085 torch/_dynamo/convert_frame.py:1358] [0/8] To log all recompilation reasons, use TORCH_LOGS="recompiles".
W0715 18:22:46.578000 3404085 torch/_dynamo/convert_frame.py:1358] [0/8] To diagnose recompilation issues, see https://pytorch.org/docs/main/torch.compiler_troubleshooting.html
[0;0H╭──────────────────────────────────────────────────────────────────────────────╮
│  PufferLib 4.0          🐡      CPU:     GPU: 0.0%  DRAM: 8.7%   VRAM: 0.0%  │
│                                 45.0%                                        │
│                                                                              │
│  Summary          Value    Evaluate      0s   0%    Losses            Value  │
│  Env        azuki_local      Forwa…      0s   0%    policy_loss      -0.020  │
│  Params           90.2M      Env         0s   0%    value_loss        0.000  │
│  Steps            15.4K      Copy        0s   0%    value_loss_to…    0.000  │
│  SPS       122.9862402…      Misc        0s   0%    entropy           1.950  │
│  Epoch                1    Train         0s   0%    old_approx_kl    -0.000  │
│  Uptime           2m 4s      Forwa…      0s   0%    approx_kl         0.000  │
│  Remaini…       39m 32s      Backw…      0s   0%    clipfrac          0.000  │
│                              Optim…      0s   0%    importance        1.000  │
│                              Copy        0s   0%    win_prob_aux_…    0.000  │
│                              Misc        0s   0%    win_prob_aux_…    0.000  │
│                                                     explained_var…    0.141  │
│                                                     win_prob_aux_…    0.000  │
│                                                     win_prob_aux_…    0.000  │
│                                                     win_prob_aux_…    0.000  │
│                                                     win_prob_aux_…    0.000  │
│                                                                              │
│  User Stats                    Value    User Stats                    Value  │
│  sampler/subaction_tem…        1.200    sampler/smoothing_eps         0.050  │
│  anneal/ent_coef               0.010                                         │
╰──────────────────────────────────────────────────────────────────────────────╯

[epoch 1] {'SPS': 122.98626556814669, 'agent_steps': 15360, 'uptime': 124.89199542999268, 'epoch': 1, 'learning_rate': 0.0029815325108927073, 'environment/sampler/subaction_temperature': np.float64(1.2), 'environment/sampler/smoothing_eps': np.float64(0.05), 'environment/anneal/ent_coef': np.float64(0.01), 'performance/eval': 0.0, 'performance/train': 0.0, 'performance/eval_forward': 0.0, 'performance/env': 0.0, 'performance/eval_copy': 0.0, 'performance/eval_misc': 0.0, 'performance/train_forward': 0.0, 'performance/learn_backward': 0.0, 'performance/learn_opt': 0.0, 'performance/train_copy': 0.0, 'performance/train_misc': 0.0}
[0;0H╭──────────────────────────────────────────────────────────────────────────────╮
│  PufferLib 4.0         🐡       CPU:     GPU: 0.0%  DRAM: 8.9%   VRAM: 0.0%  │
│                                 51.4%                                        │
│                                                                              │
│  Summary          Value    Evaluate      0s   0%    Losses            Value  │
│  Env        azuki_local      Forwa…      0s   0%    policy_loss      -0.043  │
│  Params           90.2M      Env         0s   0%    value_loss        0.000  │
│  Steps            30.7K      Copy        0s   0%    value_loss_to…    0.000  │
│  SPS               4.8K      Misc        0s   0%    entropy           2.179  │
│  Epoch                2    Train         0s   0%    old_approx_kl    -0.000  │
│  Uptime           2m 8s      Forwa…      0s   0%    approx_kl         0.000  │
│  Remaini…           58s      Backw…      0s   0%    clipfrac          0.000  │
│                              Optim…      0s   0%    importance        1.000  │
│                              Copy        0s   0%    win_prob_aux_…    0.000  │
│                              Misc        0s   0%    win_prob_aux_…    0.000  │
│                                                     explained_var…   -0.455  │
│                                                     win_prob_aux_…    0.000  │
│                                                     win_prob_aux_…    0.000  │
│                                                     win_prob_aux_…    0.000  │
│                                                     win_prob_aux_…    0.000  │
│                                                                              │
│  User Stats                    Value    User Stats                    Value  │
│  league/active                 1.000    sampler/subaction_tem…        1.200  │
│  sampler/smoothing_eps         0.050    anneal/ent_coef               0.010  │
╰──────────────────────────────────────────────────────────────────────────────╯

[epoch 2] {'SPS': 4759.687649814941, 'agent_steps': 30720, 'uptime': 128.12819266319275, 'epoch': 2, 'learning_rate': 0.002926584774442731, 'environment/league/active': np.float64(1.0), 'environment/sampler/subaction_temperature': np.float64(1.2), 'environment/sampler/smoothing_eps': np.float64(0.05), 'environment/anneal/ent_coef': np.float64(0.01), 'losses/policy_loss': -0.020207509398460388, 'losses/value_loss': 4.6825638833070116e-07, 'losses/value_loss_total': 4.6825638833070116e-07, 'losses/entropy': 1.9502570629119873, 'losses/old_approx_kl': -1.5356059520854615e-05, 'losses/approx_kl': 1.3204554534240742e-06, 'losses/clipfrac': 0.0, 'losses/importance': 1.000016689300537, 'losses/win_prob_aux_loss': 0.0, 'losses/win_prob_aux_labeled_frac': 0.0, 'losses/explained_variance': 0.1414855718612671, 'losses/win_prob_aux_accuracy': 0.0, 'losses/win_prob_aux_brier': 0.0, 'losses/win_prob_aux_pred_mean': 0.0, 'losses/win_prob_aux_target_mean': 0.0, 'performance/eval': 0.0, 'performance/train': 0.0, 'performance/eval_forward': 0.0, 'performance/env': 0.0, 'performance/eval_copy': 0.0, 'performance/eval_misc': 0.0, 'performance/train_forward': 0.0, 'performance/learn_backward': 0.0, 'performance/learn_opt': 0.0, 'performance/train_copy': 0.0, 'performance/train_misc': 0.0}
[0;0H╭──────────────────────────────────────────────────────────────────────────────╮
│  PufferLib 4.0        🐡        CPU:     GPU: 0.0%  DRAM: 9.0%   VRAM: 0.0%  │
│                                 68.8%                                        │
│                                                                              │
│  Summary          Value    Evaluate      0s   0%    Losses            Value  │
│  Env        azuki_local      Forwa…      0s   0%    policy_loss       0.032  │
│  Params           90.2M      Env         0s   0%    value_loss        0.000  │
│  Steps            46.1K      Copy        0s   0%    value_loss_to…    0.000  │
│  SPS               5.1K      Misc        0s   0%    entropy           2.178  │
│  Epoch                3    Train         0s   0%    old_approx_kl     0.000  │
│  Uptime          2m 11s      Forwa…      0s   0%    approx_kl         0.000  │
│  Remaini…           50s      Backw…      0s   0%    clipfrac          0.000  │
│                              Optim…      0s   0%    importance        1.000  │
│                              Copy        0s   0%    win_prob_aux_…    0.000  │
│                              Misc        0s   0%    win_prob_aux_…    0.000  │
│                                                     explained_var…   -2.290  │
│                                                     win_prob_aux_…    0.000  │
│                                                     win_prob_aux_…    0.000  │
│                                                     win_prob_aux_…    0.000  │
│                                                     win_prob_aux_…    0.000  │
│                                                                              │
│  User Stats                    Value    User Stats                    Value  │
│  league/active                 1.000    sampler/subaction_tem…        1.200  │
│  sampler/smoothing_eps         0.050    anneal/ent_coef               0.010  │
╰──────────────────────────────────────────────────────────────────────────────╯

[epoch 3] {'SPS': 5136.138764578015, 'agent_steps': 46080, 'uptime': 131.12819480895996, 'epoch': 3, 'learning_rate': 0.0028365097862825526, 'environment/league/active': np.float64(1.0), 'environment/sampler/subaction_temperature': np.float64(1.2), 'environment/sampler/smoothing_eps': np.float64(0.05), 'environment/anneal/ent_coef': np.float64(0.01), 'losses/policy_loss': -0.0434579998254776, 'losses/value_loss': 4.4036443114237045e-07, 'losses/value_loss_total': 4.4036443114237045e-07, 'losses/entropy': 2.179034948348999, 'losses/old_approx_kl': -2.5302488211309537e-06, 'losses/approx_kl': 9.66140532909776e-07, 'losses/clipfrac': 0.0, 'losses/importance': 1.0000035762786865, 'losses/win_prob_aux_loss': 0.0, 'losses/win_prob_aux_labeled_frac': 0.0, 'losses/explained_variance': -0.4546074867248535, 'losses/win_prob_aux_accuracy': 0.0, 'losses/win_prob_aux_brier': 0.0, 'losses/win_prob_aux_pred_mean': 0.0, 'losses/win_prob_aux_target_mean': 0.0, 'performance/eval': 0.0, 'performance/train': 0.0, 'performance/eval_forward': 0.0, 'performance/env': 0.0, 'performance/eval_copy': 0.0, 'performance/eval_misc': 0.0, 'performance/train_forward': 0.0, 'performance/learn_backward': 0.0, 'performance/learn_opt': 0.0, 'performance/train_copy': 0.0, 'performance/train_misc': 0.0}
[0;0H╭──────────────────────────────────────────────────────────────────────────────╮
│  PufferLib 4.0       🐡         CPU:     GPU: 0.0%  DRAM: 9.1%   VRAM: 0.0%  │
│                                 83.9%                                        │
│                                                                              │
│  Summary          Value    Evaluate      0s   0%    Losses            Value  │
│  Env        azuki_local      Forwa…      0s   0%    policy_loss      -0.060  │
│  Params           90.2M      Env         0s   0%    value_loss        0.000  │
│  Steps            61.4K      Copy        0s   0%    value_loss_to…    0.000  │
│  SPS               5.1K      Misc        0s   0%    entropy           2.179  │
│  Epoch                4    Train         0s   0%    old_approx_kl    -0.000  │
│  Uptime          2m 14s      Forwa…      0s   0%    approx_kl         0.000  │
│  Remaini…           47s      Backw…      0s   0%    clipfrac          0.000  │
│                              Optim…      0s   0%    importance        1.000  │
│                              Copy        0s   0%    win_prob_aux_…    0.000  │
│                              Misc        0s   0%    win_prob_aux_…    0.000  │
│                                                     explained_var…   -0.256  │
│                                                     win_prob_aux_…    0.000  │
│                                                     win_prob_aux_…    0.000  │
│                                                     win_prob_aux_…    0.000  │
│                                                     win_prob_aux_…    0.000  │
│                                                                              │
│  User Stats                    Value    User Stats                    Value  │
│  league/active                 1.000    sampler/subaction_tem…        1.200  │
│  sampler/smoothing_eps         0.050    anneal/ent_coef               0.010  │
╰──────────────────────────────────────────────────────────────────────────────╯

[epoch 4] {'SPS': 5143.608112280252, 'agent_steps': 61440, 'uptime': 134.1235249042511, 'epoch': 4, 'learning_rate': 0.0027135254915624223, 'environment/league/active': np.float64(1.0), 'environment/sampler/subaction_temperature': np.float64(1.2), 'environment/sampler/smoothing_eps': np.float64(0.05), 'environment/anneal/ent_coef': np.float64(0.01), 'losses/policy_loss': 0.032204315066337585, 'losses/value_loss': 7.579806151625235e-07, 'losses/value_loss_total': 7.579806151625235e-07, 'losses/entropy': 2.17789363861084, 'losses/old_approx_kl': 8.873676415532827e-05, 'losses/approx_kl': 8.826357770885807e-06, 'losses/clipfrac': 0.0, 'losses/importance': 0.999920129776001, 'losses/win_prob_aux_loss': 0.0, 'losses/win_prob_aux_labeled_frac': 0.0, 'losses/explained_variance': -2.290001630783081, 'losses/win_prob_aux_accuracy': 0.0, 'losses/win_prob_aux_brier': 0.0, 'losses/win_prob_aux_pred_mean': 0.0, 'losses/win_prob_aux_target_mean': 0.0, 'performance/eval': 0.0, 'performance/train': 0.0, 'performance/eval_forward': 0.0, 'performance/env': 0.0, 'performance/eval_copy': 0.0, 'performance/eval_misc': 0.0, 'performance/train_forward': 0.0, 'performance/learn_backward': 0.0, 'performance/learn_opt': 0.0, 'performance/train_copy': 0.0, 'performance/train_misc': 0.0}
[0;0H╭──────────────────────────────────────────────────────────────────────────────╮
│  PufferLib 4.0      🐡          CPU:     GPU: 0.0%  DRAM: 9.1%   VRAM: 0.0%  │
│                                103.2%                                        │
│                                                                              │
│  Summary          Value    Evaluate      7s   0%    Losses            Value  │
│  Env        azuki_local      Forwa…      7s   0%    policy_loss       0.068  │
│  Params           90.2M      Env         0s   0%    value_loss        0.000  │
│  Steps            76.8K      Copy        0s   0%    value_loss_to…    0.000  │
│  SPS               4.8K      Misc        0s   0%    entropy           2.180  │
│  Epoch                5    Train         7s   0%    old_approx_kl     0.000  │
│  Uptime          2m 17s      Forwa…      1s   0%    approx_kl         0.000  │
│  Remaini…           47s      Backw…      3s   0%    clipfrac          0.000  │
│                              Optim…      3s   0%    importance        1.000  │
│                              Copy        0s   0%    win_prob_aux_…    0.000  │
│                              Misc        0s   0%    win_prob_aux_…    0.000  │
│                                                     explained_var…   -0.453  │
│                                                     win_prob_aux_…    0.000  │
│                                                     win_prob_aux_…    0.000  │
│                                                     win_prob_aux_…    0.000  │
│                                                     win_prob_aux_…    0.000  │
│                                                                              │
│  User Stats                    Value    User Stats                    Value  │
│  league/active                 1.000    sampler/subaction_tem…        1.200  │
│  sampler/smoothing_eps         0.050    anneal/ent_coef               0.010  │
╰──────────────────────────────────────────────────────────────────────────────╯

[epoch 5] {'SPS': 4831.051350511286, 'agent_steps': 76800, 'uptime': 137.31213331222534, 'epoch': 5, 'learning_rate': 0.0025606601717798223, 'environment/league/active': np.float64(1.0), 'environment/sampler/subaction_temperature': np.float64(1.2), 'environment/sampler/smoothing_eps': np.float64(0.05), 'environment/anneal/ent_coef': np.float64(0.01), 'losses/policy_loss': -0.06017359346151352, 'losses/value_loss': 5.09445612806303e-07, 'losses/value_loss_total': 5.09445612806303e-07, 'losses/entropy': 2.178964614868164, 'losses/old_approx_kl': -1.117393094318686e-05, 'losses/approx_kl': 4.722266567114275e-06, 'losses/clipfrac': 0.0, 'losses/importance': 1.0000159740447998, 'losses/win_prob_aux_loss': 0.0, 'losses/win_prob_aux_labeled_frac': 0.0, 'losses/explained_variance': -0.25619733333587646, 'losses/win_prob_aux_accuracy': 0.0, 'losses/win_prob_aux_brier': 0.0, 'losses/win_prob_aux_pred_mean': 0.0, 'losses/win_prob_aux_target_mean': 0.0, 'performance/eval': 7.950718402862549, 'performance/train': 7.942657470703125, 'performance/eval_forward': 7.788898944854736, 'performance/env': 0.014164447784423828, 'performance/eval_copy': 0.1413261890411377, 'performance/eval_misc': 0.0062716007232666016, 'performance/train_forward': 1.631835699081421, 'performance/learn_backward': 3.0768871307373047, 'performance/learn_opt': 3.1856274604797363, 'performance/train_copy': 0.0024640560150146484, 'performance/train_misc': 0.04581093788146973}
[0;0H╭──────────────────────────────────────────────────────────────────────────────╮
│  PufferLib 4.0     🐡           CPU:     GPU: 0.0%  DRAM: 9.2%   VRAM: 0.0%  │
│                                121.9%                                        │
│                                                                              │
│  Summary          Value    Evaluate      7s  50%    Losses            Value  │
│  Env        azuki_local      Forwa…      7s  49%    policy_loss      -0.068  │
│  Params           90.2M      Env         0s   0%    value_loss        0.000  │
│  Steps            92.2K      Copy        0s   0%    value_loss_to…    0.000  │
│  SPS               5.3K      Misc        0s   0%    entropy           2.177  │
│  Epoch                6    Train         7s  49%    old_approx_kl    -0.000  │
│  Uptime          2m 20s      Forwa…      1s  10%    approx_kl         0.000  │
│  Remaini…           40s      Backw…      3s  19%    clipfrac          0.000  │
│                              Optim…      3s  20%    importance        1.000  │
│                              Copy        0s   0%    win_prob_aux_…    0.000  │
│                              Misc        0s   0%    win_prob_aux_…    0.000  │
│                                                     explained_var…   -1.617  │
│                                                     win_prob_aux_…    0.000  │
│                                                     win_prob_aux_…    0.000  │
│                                                     win_prob_aux_…    0.000  │
│                                                     win_prob_aux_…    0.000  │
│                                                                              │
│  User Stats                    Value    User Stats                    Value  │
│  league/active                 1.000    sampler/subaction_tem…        1.200  │
│  sampler/smoothing_eps         0.050    anneal/ent_coef               0.010  │
╰──────────────────────────────────────────────────────────────────────────────╯

[epoch 6] {'SPS': 5299.236134279595, 'agent_steps': 92160, 'uptime': 140.2188789844513, 'epoch': 6, 'learning_rate': 0.0023816778784387107, 'environment/league/active': np.float64(1.0), 'environment/sampler/subaction_temperature': np.float64(1.2), 'environment/sampler/smoothing_eps': np.float64(0.05), 'environment/anneal/ent_coef': np.float64(0.01), 'losses/policy_loss': 0.06847470998764038, 'losses/value_loss': 4.779135451826733e-07, 'losses/value_loss_total': 4.779135451826733e-07, 'losses/entropy': 2.1796231269836426, 'losses/old_approx_kl': 4.096535121789202e-05, 'losses/approx_kl': 2.9085399546602275e-06, 'losses/clipfrac': 0.0, 'losses/importance': 0.9999619722366333, 'losses/win_prob_aux_loss': 0.0, 'losses/win_prob_aux_labeled_frac': 0.0, 'losses/explained_variance': -0.4526442289352417, 'losses/win_prob_aux_accuracy': 0.0, 'losses/win_prob_aux_brier': 0.0, 'losses/win_prob_aux_pred_mean': 0.0, 'losses/win_prob_aux_target_mean': 0.0, 'performance/eval': 7.950718402862549, 'performance/train': 7.942657470703125, 'performance/eval_forward': 7.788898944854736, 'performance/env': 0.014164447784423828, 'performance/eval_copy': 0.1413261890411377, 'performance/eval_misc': 0.0062716007232666016, 'performance/train_forward': 1.631835699081421, 'performance/learn_backward': 3.0768871307373047, 'performance/learn_opt': 3.1856274604797363, 'performance/train_copy': 0.0024640560150146484, 'performance/train_misc': 0.04581093788146973}
[0;0H╭──────────────────────────────────────────────────────────────────────────────╮
│  PufferLib 4.0    🐡            CPU:     GPU: 0.0%  DRAM: 10.3%  VRAM: 0.0%  │
│                                 90.3%                                        │
│                                                                              │
│  Summary          Value    Evaluate      7s  50%    Losses            Value  │
│  Env        azuki_local      Forwa…      7s  49%    policy_loss       0.002  │
│  Params           90.2M      Env         0s   0%    value_loss        0.021  │
│  Steps           107.5K      Copy        0s   0%    value_loss_to…    0.021  │
│  SPS       927.1806748…      Misc        0s   0%    entropy           1.287  │
│  Epoch                7    Train         7s  49%    old_approx_kl    -0.000  │
│  Uptime          2m 36s      Forwa…      1s  10%    approx_kl         0.000  │
│  Remaini…        3m 35s      Backw…      3s  19%    clipfrac          0.000  │
│                              Optim…      3s  20%    importance        1.000  │
│                              Copy        0s   0%    win_prob_aux_…    0.000  │
│                              Misc        0s   0%    win_prob_aux_…    0.000  │
│                                                     explained_var…    0.002  │
│                                                     win_prob_aux_…    0.000  │
│                                                     win_prob_aux_…    0.000  │
│                                                     win_prob_aux_…    0.000  │
│                                                     win_prob_aux_…    0.000  │
│                                                                              │
│  User Stats                    Value    User Stats                    Value  │
│  league/active                 1.000    sampler/subaction_tem…        1.200  │
│  sampler/smoothing_eps         0.050    anneal/ent_coef               0.010  │
╰──────────────────────────────────────────────────────────────────────────────╯

[epoch 7] {'SPS': 927.1819158586762, 'agent_steps': 107520, 'uptime': 156.79350590705872, 'epoch': 7, 'learning_rate': 0.002180985749609321, 'environment/league/active': np.float64(1.0), 'environment/sampler/subaction_temperature': np.float64(1.2), 'environment/sampler/smoothing_eps': np.float64(0.05), 'environment/anneal/ent_coef': np.float64(0.01), 'losses/policy_loss': -0.06792981922626495, 'losses/value_loss': 2.3486349221002456e-07, 'losses/value_loss_total': 2.3486349221002456e-07, 'losses/entropy': 2.176699161529541, 'losses/old_approx_kl': -2.979572855110746e-05, 'losses/approx_kl': 2.402754034847021e-06, 'losses/clipfrac': 0.0, 'losses/importance': 1.0000323057174683, 'losses/win_prob_aux_loss': 0.0, 'losses/win_prob_aux_labeled_frac': 0.0, 'losses/explained_variance': -1.61700439453125, 'losses/win_prob_aux_accuracy': 0.0, 'losses/win_prob_aux_brier': 0.0, 'losses/win_prob_aux_pred_mean': 0.0, 'losses/win_prob_aux_target_mean': 0.0, 'performance/eval': 7.950718402862549, 'performance/train': 7.942657470703125, 'performance/eval_forward': 7.788898944854736, 'performance/env': 0.014164447784423828, 'performance/eval_copy': 0.1413261890411377, 'performance/eval_misc': 0.0062716007232666016, 'performance/train_forward': 1.631835699081421, 'performance/learn_backward': 3.0768871307373047, 'performance/learn_opt': 3.1856274604797363, 'performance/train_copy': 0.0024640560150146484, 'performance/train_misc': 0.04581093788146973}
[0;0H╭──────────────────────────────────────────────────────────────────────────────╮
│  PufferLib 4.0   🐡             CPU:     GPU: 0.0%  DRAM: 9.2%   VRAM: 0.0%  │
│                                 90.7%                                        │
│                                                                              │
│  Summary          Value    Evaluate      7s  50%    Losses            Value  │
│  Env        azuki_local      Forwa…      7s  49%    policy_loss      -0.003  │
│  Params           90.2M      Env         0s   0%    value_loss        0.026  │
│  Steps           122.9K      Copy        0s   0%    value_loss_to…    0.026  │
│  SPS               5.2K      Misc        0s   0%    entropy           0.785  │
│  Epoch                8    Train         7s  49%    old_approx_kl    -0.000  │
│  Uptime          2m 39s      Forwa…      1s  10%    approx_kl         0.000  │
│  Remaini…           35s      Backw…      3s  19%    clipfrac          0.000  │
│                              Optim…      3s  20%    importance        1.000  │
│                              Copy        0s   0%    win_prob_aux_…    0.000  │
│                              Misc        0s   0%    win_prob_aux_…    0.000  │
│                                                     explained_var…    0.016  │
│                                                     win_prob_aux_…    0.000  │
│                                                     win_prob_aux_…    0.000  │
│                                                     win_prob_aux_…    0.000  │
│                                                     win_prob_aux_…    0.000  │
│                                                                              │
│  User Stats                    Value    User Stats                    Value  │
│  league/active                 1.000    sampler/subaction_tem…        1.200  │
│  sampler/smoothing_eps         0.050    anneal/ent_coef               0.010  │
╰──────────────────────────────────────────────────────────────────────────────╯

[epoch 8] {'SPS': 5171.304898123915, 'agent_steps': 122880, 'uptime': 159.77303433418274, 'epoch': 8, 'learning_rate': 0.001963525491562422, 'environment/league/active': np.float64(1.0), 'environment/sampler/subaction_temperature': np.float64(1.2), 'environment/sampler/smoothing_eps': np.float64(0.05), 'environment/anneal/ent_coef': np.float64(0.01), 'losses/policy_loss': 0.0017661798046901822, 'losses/value_loss': 0.02138288877904415, 'losses/value_loss_total': 0.02138288877904415, 'losses/entropy': 1.287046194076538, 'losses/old_approx_kl': -1.05061917565763e-06, 'losses/approx_kl': 2.594088073237799e-05, 'losses/clipfrac': 0.0, 'losses/importance': 1.000027060508728, 'losses/win_prob_aux_loss': 0.0, 'losses/win_prob_aux_labeled_frac': 0.0, 'losses/explained_variance': 0.0015316605567932129, 'losses/win_prob_aux_accuracy': 0.0, 'losses/win_prob_aux_brier': 0.0, 'losses/win_prob_aux_pred_mean': 0.0, 'losses/win_prob_aux_target_mean': 0.0, 'performance/eval': 7.950718402862549, 'performance/train': 7.942657470703125, 'performance/eval_forward': 7.788898944854736, 'performance/env': 0.014164447784423828, 'performance/eval_copy': 0.1413261890411377, 'performance/eval_misc': 0.0062716007232666016, 'performance/train_forward': 1.631835699081421, 'performance/learn_backward': 3.0768871307373047, 'performance/learn_opt': 3.1856274604797363, 'performance/train_copy': 0.0024640560150146484, 'performance/train_misc': 0.04581093788146973}
[0;0H╭──────────────────────────────────────────────────────────────────────────────╮
│  PufferLib 4.0  🐡              CPU:     GPU: 0.0%  DRAM: 8.2%   VRAM: 0.0%  │
│                                 90.5%                                        │
│                                                                              │
│  Summary          Value    Evaluate      7s  50%    Losses            Value  │
│  Env        azuki_local      Forwa…      7s  49%    policy_loss       0.006  │
│  Params           90.2M      Env         0s   0%    value_loss        0.020  │
│  Steps           138.2K      Copy        0s   0%    value_loss_to…    0.020  │
│  SPS               5.2K      Misc        0s   0%    entropy           0.912  │
│  Epoch                9    Train         7s  49%    old_approx_kl    -0.000  │
│  Uptime          2m 42s      Forwa…      1s  10%    approx_kl         0.000  │
│  Remaini…           32s      Backw…      3s  19%    clipfrac          0.000  │
│                              Optim…      3s  20%    importance        1.000  │
│                              Copy        0s   0%    win_prob_aux_…    0.000  │
│                              Misc        0s   0%    win_prob_aux_…    0.000  │
│                                                     explained_var…    0.021  │
│                                                     win_prob_aux_…    0.000  │
│                                                     win_prob_aux_…    0.000  │
│                                                     win_prob_aux_…    0.000  │
│                                                     win_prob_aux_…    0.000  │
│                                                                              │
│  User Stats                    Value    User Stats                    Value  │
│  league/active                 1.000    sampler/subaction_tem…        1.200  │
│  sampler/smoothing_eps         0.050    anneal/ent_coef               0.010  │
╰──────────────────────────────────────────────────────────────────────────────╯

[epoch 9] {'SPS': 5174.620323348563, 'agent_steps': 138240, 'uptime': 162.7506594657898, 'epoch': 9, 'learning_rate': 0.0017346516975603472, 'environment/league/active': np.float64(1.0), 'environment/sampler/subaction_temperature': np.float64(1.2), 'environment/sampler/smoothing_eps': np.float64(0.05), 'environment/anneal/ent_coef': np.float64(0.01), 'losses/policy_loss': -0.0034681926481425762, 'losses/value_loss': 0.026324205100536346, 'losses/value_loss_total': 0.026324205100536346, 'losses/entropy': 0.7849445939064026, 'losses/old_approx_kl': -1.834445538406726e-05, 'losses/approx_kl': 2.5807366910157725e-05, 'losses/clipfrac': 0.0, 'losses/importance': 1.0000442266464233, 'losses/win_prob_aux_loss': 0.0, 'losses/win_prob_aux_labeled_frac': 0.0, 'losses/explained_variance': 0.016358554363250732, 'losses/win_prob_aux_accuracy': 0.0, 'losses/win_prob_aux_brier': 0.0, 'losses/win_prob_aux_pred_mean': 0.0, 'losses/win_prob_aux_target_mean': 0.0, 'performance/eval': 7.950718402862549, 'performance/train': 7.942657470703125, 'performance/eval_forward': 7.788898944854736, 'performance/env': 0.014164447784423828, 'performance/eval_copy': 0.1413261890411377, 'performance/eval_misc': 0.0062716007232666016, 'performance/train_forward': 1.631835699081421, 'performance/learn_backward': 3.0768871307373047, 'performance/learn_opt': 3.1856274604797363, 'performance/train_copy': 0.0024640560150146484, 'performance/train_misc': 0.04581093788146973}
[0;0H╭──────────────────────────────────────────────────────────────────────────────╮
│  PufferLib 4.0 🐡               CPU:     GPU: 0.0%  DRAM: 6.8%   VRAM: 0.0%  │
│                                102.6%                                        │
│                                                                              │
│  Summary          Value    Evaluate     16s  50%    Losses            Value  │
│  Env        azuki_local      Forwa…     16s  49%    policy_loss      -0.008  │
│  Params           90.2M      Env         0s   0%    value_loss        0.024  │
│  Steps           153.6K      Copy        0s   0%    value_loss_to…    0.024  │
│  SPS               4.6K      Misc        0s   0%    entropy           0.941  │
│  Epoch               10    Train        15s  49%    old_approx_kl    -0.000  │
│  Uptime          2m 46s      Forwa…      3s  10%    approx_kl         0.000  │
│  Remaini…           33s      Backw…      6s  19%    clipfrac          0.000  │
│                              Optim…      6s  20%    importance        1.000  │
│                              Copy        0s   0%    win_prob_aux_…    0.691  │
│                              Misc        0s   0%    win_prob_aux_…    0.005  │
│                                                     explained_var…    0.028  │
│                                                     win_prob_aux_…    0.447  │
│                                                     win_prob_aux_…    0.250  │
│                                                     win_prob_aux_…    0.500  │
│                                                     win_prob_aux_…    0.250  │
│                                                                              │
│  User Stats                    Value    User Stats                    Value  │
│  league/active                 1.000    sampler/subaction_tem…        1.200  │
│  sampler/smoothing_eps         0.050    anneal/ent_coef               0.010  │
│  perf                          0.000    score                         0.000  │
│  episode_return               -6.786    episode_length               55.000  │
│  p0_episode_return            -6.786    p1_episode_return             6.786  │
│  p0_winrate                    0.000    p1_winrate                    1.000  │
│  p0_start_rate                 0.000    p1_start_rate                 1.000  │
│  draw_rate                     0.000    timeout_truncation_ra…        0.000  │
│  auto_tick_truncation_…        0.000    zero_legal_action_tru…        0.000  │
│  gameover_terminal_rate        1.000    winner_terminal_rate          1.000  │
│  curriculum_episode_cap        0.000    reward_shaping_scale          1.000  │
│  completed_episodes            1.000    p0_noop_selected_rate         0.389  │
│  p1_noop_selected_rate         0.135    p0_attack_selected_ra…        0.056  │
│  p1_attack_selected_ra…        0.324    p0_attach_weapon_from…        0.056  │
│  p1_attach_weapon_from…        0.000    p0_play_spell_from_ha…        0.056  │
╰──────────────────────────────────────────────────────────────────────────────╯

[epoch 10] {'SPS': 4610.892427221599, 'agent_steps': 153600, 'uptime': 166.09017515182495, 'epoch': 10, 'learning_rate': 0.0015000000000000007, 'environment/league/active': np.float64(1.0), 'environment/sampler/subaction_temperature': np.float64(1.2), 'environment/sampler/smoothing_eps': np.float64(0.05), 'environment/anneal/ent_coef': np.float64(0.01), 'environment/perf': np.float64(0.0), 'environment/score': np.float64(0.0), 'environment/episode_return': np.float64(-6.786197662353516), 'environment/episode_length': np.float64(55.0), 'environment/p0_episode_return': np.float64(-6.786197662353516), 'environment/p1_episode_return': np.float64(6.786197662353516), 'environment/p0_winrate': np.float64(0.0), 'environment/p1_winrate': np.float64(1.0), 'environment/p0_start_rate': np.float64(0.0), 'environment/p1_start_rate': np.float64(1.0), 'environment/draw_rate': np.float64(0.0), 'environment/timeout_truncation_rate': np.float64(0.0), 'environment/auto_tick_truncation_rate': np.float64(0.0), 'environment/zero_legal_action_truncation_rate': np.float64(0.0), 'environment/gameover_terminal_rate': np.float64(1.0), 'environment/winner_terminal_rate': np.float64(1.0), 'environment/curriculum_episode_cap': np.float64(0.0), 'environment/reward_shaping_scale': np.float64(1.0), 'environment/completed_episodes': np.float64(1.0), 'environment/p0_noop_selected_rate': np.float64(0.3888888955116272), 'environment/p1_noop_selected_rate': np.float64(0.13513514399528503), 'environment/p0_attack_selected_rate': np.float64(0.0555555559694767), 'environment/p1_attack_selected_rate': np.float64(0.3243243396282196), 'environment/p0_attach_weapon_from_hand_selected_rate': np.float64(0.0555555559694767), 'environment/p1_attach_weapon_from_hand_selected_rate': np.float64(0.0), 'environment/p0_play_spell_from_hand_selected_rate': np.float64(0.0555555559694767), 'environment/p1_play_spell_from_hand_selected_rate': np.float64(0.0), 'environment/p0_activate_garden_or_leader_ability_selected_rate': np.float64(0.0555555559694767), 'environment/p1_activate_garden_or_leader_ability_selected_rate': np.float64(0.054054055362939835), 'environment/p0_activate_alley_ability_selected_rate': np.float64(0.0), 'environment/p1_activate_alley_ability_selected_rate': np.float64(0.0), 'environment/p0_gate_portal_selected_rate': np.float64(0.1111111119389534), 'environment/p1_gate_portal_selected_rate': np.float64(0.0810810849070549), 'environment/p0_play_entity_to_alley_selected_rate': np.float64(0.1666666716337204), 'environment/p1_play_entity_to_alley_selected_rate': np.float64(0.0810810849070549), 'environment/p0_play_entity_to_garden_selected_rate': np.float64(0.0), 'environment/p1_play_entity_to_garden_selected_rate': np.float64(0.10810811072587967), 'environment/p0_play_selected_rate': np.float64(0.3888888955116272), 'environment/p1_play_selected_rate': np.float64(0.27027028799057007), 'environment/p0_ability_selected_rate': np.float64(0.1111111119389534), 'environment/p1_ability_selected_rate': np.float64(0.054054055362939835), 'environment/p0_target_selected_rate': np.float64(0.0555555559694767), 'environment/p1_target_selected_rate': np.float64(0.21621622145175934), 'environment/p0_avg_leader_health': np.float64(0.0), 'environment/p1_avg_leader_health': np.float64(0.8500000238418579), 'environment/p0_entity_damage_dealt': np.float64(0.0), 'environment/p1_entity_damage_dealt': np.float64(0.0), 'environment/p0_entity_damage_taken': np.float64(0.0), 'environment/p1_entity_damage_taken': np.float64(0.0), 'environment/p0_generated_ikz_created': np.float64(0.0), 'environment/p1_generated_ikz_created': np.float64(0.0), 'environment/p0_generated_ikz_converted': np.float64(0.0), 'environment/p1_generated_ikz_converted': np.float64(0.0), 'environment/p0_generated_ikz_conversion_rate': np.float64(0.0), 'environment/p1_generated_ikz_conversion_rate': np.float64(0.0), 'environment/p0_temporary_charge_realized': np.float64(0.0), 'environment/p1_temporary_charge_realized': np.float64(0.0), 'environment/p0_temporary_attack_damage_realized': np.float64(0.0), 'environment/p1_temporary_attack_damage_realized': np.float64(0.0), 'environment/p0_contextual_response_reserve_opportunities': np.float64(0.0), 'environment/p1_contextual_response_reserve_opportunities': np.float64(0.0), 'environment/n': np.float64(1.0), 'environment/deckbuild/completed': np.float64(1.0), 'environment/azk_step_deckbuild/completed': np.float64(1.0), 'environment/deckbuild/picks': np.float64(51.0), 'environment/azk_step_deckbuild/picks': np.float64(51.0), 'environment/deckbuild/main_count': np.float64(50.0), 'environment/azk_step_deckbuild/main_count': np.float64(50.0), 'environment/deckbuild/main_unique': np.float64(35.5), 'environment/azk_step_deckbuild/main_unique': np.float64(35.5), 'environment/deckbuild/main_unique_share': np.float64(0.71), 'environment/azk_step_deckbuild/main_unique_share': np.float64(0.71), 'environment/deckbuild/main_avg_copies_per_unique': np.float64(1.4154704944178629), 'environment/azk_step_deckbuild/main_avg_copies_per_unique': np.float64(1.4154704944178629), 'environment/deckbuild/main_max_copy_count': np.float64(4.0), 'environment/azk_step_deckbuild/main_max_copy_count': np.float64(4.0), 'environment/deckbuild/main_copy_entropy': np.float64(3.452711365556844), 'environment/azk_step_deckbuild/main_copy_entropy': np.float64(3.452711365556844), 'environment/deckbuild/main_copy_entropy_norm': np.float64(0.967835083719071), 'environment/azk_step_deckbuild/main_copy_entropy_norm': np.float64(0.967835083719071), 'environment/deckbuild/main_singleton_count': np.float64(25.5), 'environment/azk_step_deckbuild/main_singleton_count': np.float64(25.5), 'environment/deckbuild/main_pair_count': np.float64(7.0), 'environment/azk_step_deckbuild/main_pair_count': np.float64(7.0), 'environment/deckbuild/main_triplet_count': np.float64(1.5), 'environment/azk_step_deckbuild/main_triplet_count': np.float64(1.5), 'environment/deckbuild/main_quad_count': np.float64(1.5), 'environment/azk_step_deckbuild/main_quad_count': np.float64(1.5), 'environment/deckbuild/main_singleton_slot_share': np.float64(0.51), 'environment/azk_step_deckbuild/main_singleton_slot_share': np.float64(0.51), 'environment/deckbuild/main_pair_slot_share': np.float64(0.28), 'environment/azk_step_deckbuild/main_pair_slot_share': np.float64(0.28), 'environment/deckbuild/main_triplet_slot_share': np.float64(0.09), 'environment/azk_step_deckbuild/main_triplet_slot_share': np.float64(0.09), 'environment/deckbuild/main_quad_slot_share': np.float64(0.12), 'environment/azk_step_deckbuild/main_quad_slot_share': np.float64(0.12), 'environment/deckbuild/main_normal_share': np.float64(0.5900000000000001), 'environment/azk_step_deckbuild/main_normal_share': np.float64(0.5900000000000001), 'environment/deckbuild/main_gate_element_share': np.float64(0.41000000000000003), 'environment/azk_step_deckbuild/main_gate_element_share': np.float64(0.41000000000000003), 'environment/deckbuild/gate_match': np.float64(1.0), 'environment/azk_step_deckbuild/gate_match': np.float64(1.0), 'environment/deckbuild/gate/EARTH': np.float64(0.0), 'environment/azk_step_deckbuild/gate/EARTH': np.float64(0.0), 'environment/deckbuild/opponent_gate/EARTH': np.float64(0.0), 'environment/azk_step_deckbuild/opponent_gate/EARTH': np.float64(0.0), 'environment/deckbuild/leader/EARTH': np.float64(0.0), 'environment/azk_step_deckbuild/leader/EARTH': np.float64(0.0), 'environment/deckbuild/gate/FIRE': np.float64(1.0), 'environment/azk_step_deckbuild/gate/FIRE': np.float64(1.0), 'environment/deckbuild/opponent_gate/FIRE': np.float64(1.0), 'environment/azk_step_deckbuild/opponent_gate/FIRE': np.float64(1.0), 'environment/deckbuild/leader/FIRE': np.float64(1.0), 'environment/azk_step_deckbuild/leader/FIRE': np.float64(1.0), 'environment/deckbuild/gate/LIGHTNING': np.float64(0.0), 'environment/azk_step_deckbuild/gate/LIGHTNING': np.float64(0.0), 'environment/deckbuild/opponent_gate/LIGHTNING': np.float64(0.0), 'environment/azk_step_deckbuild/opponent_gate/LIGHTNING': np.float64(0.0), 'environment/deckbuild/leader/LIGHTNING': np.float64(0.0), 'environment/azk_step_deckbuild/leader/LIGHTNING': np.float64(0.0), 'environment/deckbuild/gate/WATER': np.float64(0.0), 'environment/azk_step_deckbuild/gate/WATER': np.float64(0.0), 'environment/deckbuild/opponent_gate/WATER': np.float64(0.0), 'environment/azk_step_deckbuild/opponent_gate/WATER': np.float64(0.0), 'environment/deckbuild/leader/WATER': np.float64(0.0), 'environment/azk_step_deckbuild/leader/WATER': np.float64(0.0), 'environment/deckbuild/main_type_count/ENTITY': np.float64(36.0), 'environment/azk_step_deckbuild/main_type_count/ENTITY': np.float64(36.0), 'environment/deckbuild/main_type_share/ENTITY': np.float64(0.72), 'environment/azk_step_deckbuild/main_type_share/ENTITY': np.float64(0.72), 'environment/deckbuild/main_type_count/SPELL': np.float64(10.5), 'environment/azk_step_deckbuild/main_type_count/SPELL': np.float64(10.5), 'environment/deckbuild/main_type_share/SPELL': np.float64(0.21), 'environment/azk_step_deckbuild/main_type_share/SPELL': np.float64(0.21), 'environment/deckbuild/main_type_count/WEAPON': np.float64(3.5), 'environment/azk_step_deckbuild/main_type_count/WEAPON': np.float64(3.5), 'environment/deckbuild/main_type_share/WEAPON': np.float64(0.06999999999999999), 'environment/azk_step_deckbuild/main_type_share/WEAPON': np.float64(0.06999999999999999), 'environment/deckbuild/main_element_count/EARTH': np.float64(0.0), 'environment/azk_step_deckbuild/main_element_count/EARTH': np.float64(0.0), 'environment/deckbuild/main_element_share/EARTH': np.float64(0.0), 'environment/azk_step_deckbuild/main_element_share/EARTH': np.float64(0.0), 'environment/deckbuild/main_element_count/FIRE': np.float64(20.5), 'environment/azk_step_deckbuild/main_element_count/FIRE': np.float64(20.5), 'environment/deckbuild/main_element_share/FIRE': np.float64(0.41000000000000003), 'environment/azk_step_deckbuild/main_element_share/FIRE': np.float64(0.41000000000000003), 'environment/deckbuild/main_element_count/LIGHTNING': np.float64(0.0), 'environment/azk_step_deckbuild/main_element_count/LIGHTNING': np.float64(0.0), 'environment/deckbuild/main_element_share/LIGHTNING': np.float64(0.0), 'environment/azk_step_deckbuild/main_element_share/LIGHTNING': np.float64(0.0), 'environment/deckbuild/main_element_count/NORMAL': np.float64(29.5), 'environment/azk_step_deckbuild/main_element_count/NORMAL': np.float64(29.5), 'environment/deckbuild/main_element_share/NORMAL': np.float64(0.5900000000000001), 'environment/azk_step_deckbuild/main_element_share/NORMAL': np.float64(0.5900000000000001), 'environment/deckbuild/main_element_count/WATER': np.float64(0.0), 'environment/azk_step_deckbuild/main_element_count/WATER': np.float64(0.0), 'environment/deckbuild/main_element_share/WATER': np.float64(0.0), 'environment/azk_step_deckbuild/main_element_share/WATER': np.float64(0.0), 'environment/deckbuild/main_avg_cost': np.float64(2.54), 'environment/azk_step_deckbuild/main_avg_cost': np.float64(2.54), 'environment/deckbuild/main_cost_share/0_1': np.float64(0.33999999999999997), 'environment/azk_step_deckbuild/main_cost_share/0_1': np.float64(0.33999999999999997), 'environment/deckbuild/main_cost_share/2_3': np.float64(0.45), 'environment/azk_step_deckbuild/main_cost_share/2_3': np.float64(0.45), 'environment/deckbuild/main_cost_share/4_5': np.float64(0.16999999999999998), 'environment/azk_step_deckbuild/main_cost_share/4_5': np.float64(0.16999999999999998), 'environment/deckbuild/main_cost_share/6_plus': np.float64(0.04), 'environment/azk_step_deckbuild/main_cost_share/6_plus': np.float64(0.04), 'environment/deckbuild/leader_card/AZK01-121': np.float64(1.0), 'environment/azk_step_deckbuild/leader_card/AZK01-121': np.float64(1.0), 'environment/deckbuild_gatecard/STT04-002/game': np.float64(1.0), 'environment/azk_step_deckbuild_gatecard/STT04-002/game': np.float64(1.0), 'environment/deckbuild_gatecard/STT04-002/avg_cost': np.float64(2.42), 'environment/azk_step_deckbuild_gatecard/STT04-002/avg_cost': np.float64(2.42), 'environment/deckbuild_gatecard/STT04-002/main_unique': np.float64(38.0), 'environment/azk_step_deckbuild_gatecard/STT04-002/main_unique': np.float64(38.0), 'environment/deckbuild_gatecard/STT04-002/copy_entropy_norm': np.float64(0.9734811364380278), 'environment/azk_step_deckbuild_gatecard/STT04-002/copy_entropy_norm': np.float64(0.9734811364380278), 'environment/deckbuild_gatecard/STT04-002/gate_element_share': np.float64(0.36), 'environment/azk_step_deckbuild_gatecard/STT04-002/gate_element_share': np.float64(0.36), 'environment/deckbuild_gatecard/STT04-002/type_share/ENTITY': np.float64(0.58), 'environment/azk_step_deckbuild_gatecard/STT04-002/type_share/ENTITY': np.float64(0.58), 'environment/deckbuild_gatecard/STT04-002/type_share/SPELL': np.float64(0.3), 'environment/azk_step_deckbuild_gatecard/STT04-002/type_share/SPELL': np.float64(0.3), 'environment/deckbuild_gatecard/STT04-002/type_share/WEAPON': np.float64(0.12), 'environment/azk_step_deckbuild_gatecard/STT04-002/type_share/WEAPON': np.float64(0.12), 'environment/deckbuild_gatecard/STT04-002/cost_share/0_1': np.float64(0.42), 'environment/azk_step_deckbuild_gatecard/STT04-002/cost_share/0_1': np.float64(0.42), 'environment/deckbuild_gatecard/STT04-002/cost_share/2_3': np.float64(0.4), 'environment/azk_step_deckbuild_gatecard/STT04-002/cost_share/2_3': np.float64(0.4), 'environment/deckbuild_gatecard/STT04-002/cost_share/4_5': np.float64(0.12), 'environment/azk_step_deckbuild_gatecard/STT04-002/cost_share/4_5': np.float64(0.12), 'environment/deckbuild_gatecard/STT04-002/cost_share/6_plus': np.float64(0.06), 'environment/azk_step_deckbuild_gatecard/STT04-002/cost_share/6_plus': np.float64(0.06), 'environment/deckbuild_gatecard/STT04-002/leader/AZK01-121': np.float64(1.0), 'environment/azk_step_deckbuild_gatecard/STT04-002/leader/AZK01-121': np.float64(1.0), 'environment/deckbuild_result/game': np.float64(1.0), 'environment/deckbuild_result/win': np.float64(0.5), 'environment/deckbuild_result/gate_match': np.float64(1.0), 'environment/deckbuild_result/gate_match_win_joint': np.float64(0.5), 'environment/deckbuild_result/gate_mismatch': np.float64(0.0), 'environment/deckbuild_result/gate_mismatch_win_joint': np.float64(0.0), 'environment/deckbuild_result/gate/FIRE/game': np.float64(1.0), 'environment/deckbuild_result/gate/FIRE/win': np.float64(0.5), 'environment/deckbuild_result/gate_pair/FIRE_vs_FIRE/game': np.float64(1.0), 'environment/deckbuild_result/gate_pair/FIRE_vs_FIRE/win': np.float64(0.5), 'environment/deckbuild_result/gate_pair_unordered/FIRE_vs_FIRE/game': np.float64(1.0), 'environment/deckbuild_result/gate_pair_unordered/FIRE_vs_FIRE/win': np.float64(0.5), 'environment/deckbuild_result/gate_match/game': np.float64(1.0), 'environment/deckbuild_result/gate_match/win': np.float64(0.5), 'environment/deckbuild_result/gate_freq/EARTH': np.float64(0.0), 'environment/deckbuild_result/gate_win_joint/EARTH': np.float64(0.0), 'environment/deckbuild_result/gate_freq/FIRE': np.float64(1.0), 'environment/deckbuild_result/gate_win_joint/FIRE': np.float64(0.5), 'environment/deckbuild_result/gate_freq/LIGHTNING': np.float64(0.0), 'environment/deckbuild_result/gate_win_joint/LIGHTNING': np.float64(0.0), 'environment/deckbuild_result/gate_freq/WATER': np.float64(0.0), 'environment/deckbuild_result/gate_win_joint/WATER': np.float64(0.0), 'environment/deckbuild_result/gate_pair_freq/EARTH_vs_EARTH': np.float64(0.0), 'environment/deckbuild_result/gate_pair_win_joint/EARTH_vs_EARTH': np.float64(0.0), 'environment/deckbuild_result/gate_pair_freq/EARTH_vs_FIRE': np.float64(0.0), 'environment/deckbuild_result/gate_pair_win_joint/EARTH_vs_FIRE': np.float64(0.0), 'environment/deckbuild_result/gate_pair_freq/EARTH_vs_LIGHTNING': np.float64(0.0), 'environment/deckbuild_result/gate_pair_win_joint/EARTH_vs_LIGHTNING': np.float64(0.0), 'environment/deckbuild_result/gate_pair_freq/EARTH_vs_WATER': np.float64(0.0), 'environment/deckbuild_result/gate_pair_win_joint/EARTH_vs_WATER': np.float64(0.0), 'environment/deckbuild_result/gate_pair_freq/FIRE_vs_EARTH': np.float64(0.0), 'environment/deckbuild_result/gate_pair_win_joint/FIRE_vs_EARTH': np.float64(0.0), 'environment/deckbuild_result/gate_pair_freq/FIRE_vs_FIRE': np.float64(1.0), 'environment/deckbuild_result/gate_pair_win_joint/FIRE_vs_FIRE': np.float64(0.5), 'environment/deckbuild_result/gate_pair_freq/FIRE_vs_LIGHTNING': np.float64(0.0), 'environment/deckbuild_result/gate_pair_win_joint/FIRE_vs_LIGHTNING': np.float64(0.0), 'environment/deckbuild_result/gate_pair_freq/FIRE_vs_WATER': np.float64(0.0), 'environment/deckbuild_result/gate_pair_win_joint/FIRE_vs_WATER': np.float64(0.0), 'environment/deckbuild_result/gate_pair_freq/LIGHTNING_vs_EARTH': np.float64(0.0), 'environment/deckbuild_result/gate_pair_win_joint/LIGHTNING_vs_EARTH': np.float64(0.0), 'environment/deckbuild_result/gate_pair_freq/LIGHTNING_vs_FIRE': np.float64(0.0), 'environment/deckbuild_result/gate_pair_win_joint/LIGHTNING_vs_FIRE': np.float64(0.0), 'environment/deckbuild_result/gate_pair_freq/LIGHTNING_vs_LIGHTNING': np.float64(0.0), 'environment/deckbuild_result/gate_pair_win_joint/LIGHTNING_vs_LIGHTNING': np.float64(0.0), 'environment/deckbuild_result/gate_pair_freq/LIGHTNING_vs_WATER': np.float64(0.0), 'environment/deckbuild_result/gate_pair_win_joint/LIGHTNING_vs_WATER': np.float64(0.0), 'environment/deckbuild_result/gate_pair_freq/WATER_vs_EARTH': np.float64(0.0), 'environment/deckbuild_result/gate_pair_win_joint/WATER_vs_EARTH': np.float64(0.0), 'environment/deckbuild_result/gate_pair_freq/WATER_vs_FIRE': np.float64(0.0), 'environment/deckbuild_result/gate_pair_win_joint/WATER_vs_FIRE': np.float64(0.0), 'environment/deckbuild_result/gate_pair_freq/WATER_vs_LIGHTNING': np.float64(0.0), 'environment/deckbuild_result/gate_pair_win_joint/WATER_vs_LIGHTNING': np.float64(0.0), 'environment/deckbuild_result/gate_pair_freq/WATER_vs_WATER': np.float64(0.0), 'environment/deckbuild_result/gate_pair_win_joint/WATER_vs_WATER': np.float64(0.0), 'environment/deckbuild_result/gate_pair_unordered_freq/EARTH_vs_EARTH': np.float64(0.0), 'environment/deckbuild_result/gate_pair_unordered_win_joint/EARTH_vs_EARTH': np.float64(0.0), 'environment/deckbuild_result/gate_pair_unordered_freq/EARTH_vs_FIRE': np.float64(0.0), 'environment/deckbuild_result/gate_pair_unordered_win_joint/EARTH_vs_FIRE': np.float64(0.0), 'environment/deckbuild_result/gate_pair_unordered_freq/EARTH_vs_LIGHTNING': np.float64(0.0), 'environment/deckbuild_result/gate_pair_unordered_win_joint/EARTH_vs_LIGHTNING': np.float64(0.0), 'environment/deckbuild_result/gate_pair_unordered_freq/EARTH_vs_WATER': np.float64(0.0), 'environment/deckbuild_result/gate_pair_unordered_win_joint/EARTH_vs_WATER': np.float64(0.0), 'environment/deckbuild_result/gate_pair_unordered_freq/FIRE_vs_FIRE': np.float64(1.0), 'environment/deckbuild_result/gate_pair_unordered_win_joint/FIRE_vs_FIRE': np.float64(0.5), 'environment/deckbuild_result/gate_pair_unordered_freq/FIRE_vs_LIGHTNING': np.float64(0.0), 'environment/deckbuild_result/gate_pair_unordered_win_joint/FIRE_vs_LIGHTNING': np.float64(0.0), 'environment/deckbuild_result/gate_pair_unordered_freq/FIRE_vs_WATER': np.float64(0.0), 'environment/deckbuild_result/gate_pair_unordered_win_joint/FIRE_vs_WATER': np.float64(0.0), 'environment/deckbuild_result/gate_pair_unordered_freq/LIGHTNING_vs_LIGHTNING': np.float64(0.0), 'environment/deckbuild_result/gate_pair_unordered_win_joint/LIGHTNING_vs_LIGHTNING': np.float64(0.0), 'environment/deckbuild_result/gate_pair_unordered_freq/LIGHTNING_vs_WATER': np.float64(0.0), 'environment/deckbuild_result/gate_pair_unordered_win_joint/LIGHTNING_vs_WATER': np.float64(0.0), 'environment/deckbuild_result/gate_pair_unordered_freq/WATER_vs_WATER': np.float64(0.0), 'environment/deckbuild_result/gate_pair_unordered_win_joint/WATER_vs_WATER': np.float64(0.0), 'environment/deckbuild_result/gatecard/STT04-002/game': np.float64(1.0), 'environment/deckbuild_result/gatecard/STT04-002/win': np.float64(0.0), 'environment/deckbuild_result/gatecard/STT04-002/attack_rate': np.float64(0.0555555559694767), 'environment/deckbuild_result/gatecard/STT04-002/spell_rate': np.float64(0.0555555559694767), 'environment/deckbuild_result/gatecard/STT04-002/weapon_rate': np.float64(0.0555555559694767), 'environment/deckbuild_result/gatecard/STT04-002/portal_rate': np.float64(0.1111111119389534), 'environment/deckbuild_result/gatecard/STT04-002/play_entity_rate': np.float64(0.3888888955116272), 'environment/deckbuild_result/gatecard/STT04-002/noop_rate': np.float64(0.3888888955116272), 'environment/deckbuild_result/gatecard/STT04-002/episode_length': np.float64(55.0), 'environment/deckbuild_result/gatecard/STT04-002/leader_health': np.float64(0.0), 'environment/deckbuild_result/gatecard/STT04-002/ability_rate': np.float64(0.0555555559694767), 'environment/deckbuild_gatecard/AZK01-122/game': np.float64(1.0), 'environment/azk_step_deckbuild_gatecard/AZK01-122/game': np.float64(1.0), 'environment/deckbuild_gatecard/AZK01-122/avg_cost': np.float64(2.66), 'environment/azk_step_deckbuild_gatecard/AZK01-122/avg_cost': np.float64(2.66), 'environment/deckbuild_gatecard/AZK01-122/main_unique': np.float64(33.0), 'environment/azk_step_deckbuild_gatecard/AZK01-122/main_unique': np.float64(33.0), 'environment/deckbuild_gatecard/AZK01-122/copy_entropy_norm': np.float64(0.9621890310001143), 'environment/azk_step_deckbuild_gatecard/AZK01-122/copy_entropy_norm': np.float64(0.9621890310001143), 'environment/deckbuild_gatecard/AZK01-122/gate_element_share': np.float64(0.46), 'environment/azk_step_deckbuild_gatecard/AZK01-122/gate_element_share': np.float64(0.46), 'environment/deckbuild_gatecard/AZK01-122/type_share/ENTITY': np.float64(0.86), 'environment/azk_step_deckbuild_gatecard/AZK01-122/type_share/ENTITY': np.float64(0.86), 'environment/deckbuild_gatecard/AZK01-122/type_share/SPELL': np.float64(0.12), 'environment/azk_step_deckbuild_gatecard/AZK01-122/type_share/SPELL': np.float64(0.12), 'environment/deckbuild_gatecard/AZK01-122/type_share/WEAPON': np.float64(0.02), 'environment/azk_step_deckbuild_gatecard/AZK01-122/type_share/WEAPON': np.float64(0.02), 'environment/deckbuild_gatecard/AZK01-122/cost_share/0_1': np.float64(0.26), 'environment/azk_step_deckbuild_gatecard/AZK01-122/cost_share/0_1': np.float64(0.26), 'environment/deckbuild_gatecard/AZK01-122/cost_share/2_3': np.float64(0.5), 'environment/azk_step_deckbuild_gatecard/AZK01-122/cost_share/2_3': np.float64(0.5), 'environment/deckbuild_gatecard/AZK01-122/cost_share/4_5': np.float64(0.22), 'environment/azk_step_deckbuild_gatecard/AZK01-122/cost_share/4_5': np.float64(0.22), 'environment/deckbuild_gatecard/AZK01-122/cost_share/6_plus': np.float64(0.02), 'environment/azk_step_deckbuild_gatecard/AZK01-122/cost_share/6_plus': np.float64(0.02), 'environment/deckbuild_gatecard/AZK01-122/leader/AZK01-121': np.float64(1.0), 'environment/azk_step_deckbuild_gatecard/AZK01-122/leader/AZK01-121': np.float64(1.0), 'environment/deckbuild_result/gatecard/AZK01-122/game': np.float64(1.0), 'environment/deckbuild_result/gatecard/AZK01-122/win': np.float64(1.0), 'environment/deckbuild_result/gatecard/AZK01-122/attack_rate': np.float64(0.3243243396282196), 'environment/deckbuild_result/gatecard/AZK01-122/spell_rate': np.float64(0.0), 'environment/deckbuild_result/gatecard/AZK01-122/weapon_rate': np.float64(0.0), 'environment/deckbuild_result/gatecard/AZK01-122/portal_rate': np.float64(0.0810810849070549), 'environment/deckbuild_result/gatecard/AZK01-122/play_entity_rate': np.float64(0.27027028799057007), 'environment/deckbuild_result/gatecard/AZK01-122/noop_rate': np.float64(0.13513514399528503), 'environment/deckbuild_result/gatecard/AZK01-122/episode_length': np.float64(55.0), 'environment/deckbuild_result/gatecard/AZK01-122/leader_health': np.float64(0.8500000238418579), 'environment/deckbuild_result/gatecard/AZK01-122/ability_rate': np.float64(0.054054055362939835), 'environment/ref_seat_rate': np.float64(0.0), 'losses/policy_loss': 0.0056779030710458755, 'losses/value_loss': 0.020162932574748993, 'losses/value_loss_total': 0.020162932574748993, 'losses/entropy': 0.9119389057159424, 'losses/old_approx_kl': -2.376687916694209e-06, 'losses/approx_kl': 2.1810736143379472e-05, 'losses/clipfrac': 0.0, 'losses/importance': 1.0000241994857788, 'losses/win_prob_aux_loss': 0.0, 'losses/win_prob_aux_labeled_frac': 0.0, 'losses/explained_variance': 0.021351873874664307, 'losses/win_prob_aux_accuracy': 0.0, 'losses/win_prob_aux_brier': 0.0, 'losses/win_prob_aux_pred_mean': 0.0, 'losses/win_prob_aux_target_mean': 0.0, 'performance/eval': 16.638882160186768, 'performance/train': 15.902020931243896, 'performance/eval_forward': 16.284037828445435, 'performance/env': 0.03296971321105957, 'performance/eval_copy': 0.30713558197021484, 'performance/eval_misc': 0.014644861221313477, 'performance/train_forward': 3.269890546798706, 'performance/learn_backward': 6.168843507766724, 'performance/learn_opt': 6.361558437347412, 'performance/train_copy': 0.004945993423461914, 'performance/train_misc': 0.09670019149780273}
[0;0H╭──────────────────────────────────────────────────────────────────────────────╮
│  PufferLib 4.0          🐡      CPU:     GPU: 0.0%  DRAM: 5.4%   VRAM: 0.0%  │
│                                119.7%                                        │
│                                                                              │
│  Summary          Value    Evaluate     16s  52%    Losses            Value  │
│  Env        azuki_local      Forwa…     16s  51%    policy_loss       0.002  │
│  Params           90.2M      Env         0s   0%    value_loss        0.036  │
│  Steps           169.0K      Copy        0s   0%    value_loss_to…    0.036  │
│  SPS               5.2K      Misc        0s   0%    entropy           0.950  │
│  Epoch               11    Train        15s  47%    old_approx_kl    -0.000  │
│  Uptime          2m 49s      Forwa…      3s   9%    approx_kl         0.000  │
│  Remaini…           26s      Backw…      6s  18%    clipfrac          0.000  │
│                              Optim…      6s  19%    importance        1.000  │
│                              Copy        0s   0%    win_prob_aux_…    0.691  │
│                              Misc        0s   0%    win_prob_aux_…    0.031  │
│                                                     explained_var…    0.031  │
│                                                     win_prob_aux_…    0.719  │
│                                                     win_prob_aux_…    0.250  │
│                                                     win_prob_aux_…    0.500  │
│                                                     win_prob_aux_…    0.467  │
│                                                                              │
│  User Stats                    Value    User Stats                    Value  │
│  league/active                 1.000    sampler/subaction_tem…        1.200  │
│  sampler/smoothing_eps         0.050    anneal/ent_coef               0.010  │
│  perf                          0.000    score                         0.000  │
│  episode_return               -3.424    episode_length               66.231  │
│  p0_episode_return            -3.424    p1_episode_return             3.424  │
│  p0_winrate                    0.231    p1_winrate                    0.769  │
│  p0_start_rate                 0.538    p1_start_rate                 0.462  │
│  draw_rate                     0.000    timeout_truncation_ra…        0.000  │
│  auto_tick_truncation_…        0.000    zero_legal_action_tru…        0.000  │
│  gameover_terminal_rate        1.000    winner_terminal_rate          1.000  │
│  curriculum_episode_cap        0.000    reward_shaping_scale          1.000  │
│  completed_episodes            1.000    p0_noop_selected_rate         0.263  │
│  p1_noop_selected_rate         0.215    p0_attack_selected_ra…        0.140  │
│  p1_attack_selected_ra…        0.228    p0_attach_weapon_from…        0.020  │
│  p1_attach_weapon_from…        0.026    p0_play_spell_from_ha…        0.027  │
╰──────────────────────────────────────────────────────────────────────────────╯

[epoch 11] {'SPS': 5244.846817556584, 'agent_steps': 168960, 'uptime': 169.0311200618744, 'epoch': 11, 'learning_rate': 0.0012653483024396546, 'environment/league/active': np.float64(1.0), 'environment/sampler/subaction_temperature': np.float64(1.2), 'environment/sampler/smoothing_eps': np.float64(0.05), 'environment/anneal/ent_coef': np.float64(0.01), 'environment/perf': np.float64(0.0), 'environment/score': np.float64(0.0), 'environment/episode_return': np.float64(-3.423953496492826), 'environment/episode_length': np.float64(66.23076923076923), 'environment/p0_episode_return': np.float64(-3.423953496492826), 'environment/p1_episode_return': np.float64(3.423953496492826), 'environment/p0_winrate': np.float64(0.23076923076923078), 'environment/p1_winrate': np.float64(0.7692307692307693), 'environment/p0_start_rate': np.float64(0.5384615384615384), 'environment/p1_start_rate': np.float64(0.46153846153846156), 'environment/draw_rate': np.float64(0.0), 'environment/timeout_truncation_rate': np.float64(0.0), 'environment/auto_tick_truncation_rate': np.float64(0.0), 'environment/zero_legal_action_truncation_rate': np.float64(0.0), 'environment/gameover_terminal_rate': np.float64(1.0), 'environment/winner_terminal_rate': np.float64(1.0), 'environment/curriculum_episode_cap': np.float64(0.0), 'environment/reward_shaping_scale': np.float64(1.0), 'environment/completed_episodes': np.float64(1.0), 'environment/p0_noop_selected_rate': np.float64(0.2626907905706993), 'environment/p1_noop_selected_rate': np.float64(0.21520062822561997), 'environment/p0_attack_selected_rate': np.float64(0.1402644724226915), 'environment/p1_attack_selected_rate': np.float64(0.22842359743439233), 'environment/p0_attach_weapon_from_hand_selected_rate': np.float64(0.020248334138439253), 'environment/p1_attach_weapon_from_hand_selected_rate': np.float64(0.02576668832737666), 'environment/p0_play_spell_from_hand_selected_rate': np.float64(0.027142903982446745), 'environment/p1_play_spell_from_hand_selected_rate': np.float64(0.015683872768512137), 'environment/p0_activate_garden_or_leader_ability_selected_rate': np.float64(0.06144888039964896), 'environment/p1_activate_garden_or_leader_ability_selected_rate': np.float64(0.04178235364648012), 'environment/p0_activate_alley_ability_selected_rate': np.float64(0.0), 'environment/p1_activate_alley_ability_selected_rate': np.float64(0.0), 'environment/p0_gate_portal_selected_rate': np.float64(0.08220443014915173), 'environment/p1_gate_portal_selected_rate': np.float64(0.08943777130200313), 'environment/p0_play_entity_to_alley_selected_rate': np.float64(0.11359461339620444), 'environment/p1_play_entity_to_alley_selected_rate': np.float64(0.10220720475682846), 'environment/p0_play_entity_to_garden_selected_rate': np.float64(0.09692439580192933), 'environment/p1_play_entity_to_garden_selected_rate': np.float64(0.09135969054813568), 'environment/p0_play_selected_rate': np.float64(0.34011467832785386), 'environment/p1_play_selected_rate': np.float64(0.32445522913566005), 'environment/p0_ability_selected_rate': np.float64(0.0671972085077029), 'environment/p1_ability_selected_rate': np.float64(0.05383166584831018), 'environment/p0_target_selected_rate': np.float64(0.18631406185718682), 'environment/p1_target_selected_rate': np.float64(0.17808889626310423), 'environment/p0_avg_leader_health': np.float64(0.1884615421295166), 'environment/p1_avg_leader_health': np.float64(0.5884615435050085), 'environment/p0_entity_damage_dealt': np.float64(0.0), 'environment/p1_entity_damage_dealt': np.float64(0.0), 'environment/p0_entity_damage_taken': np.float64(0.0), 'environment/p1_entity_damage_taken': np.float64(0.0), 'environment/p0_generated_ikz_created': np.float64(0.0), 'environment/p1_generated_ikz_created': np.float64(0.0), 'environment/p0_generated_ikz_converted': np.float64(0.0), 'environment/p1_generated_ikz_converted': np.float64(0.0), 'environment/p0_generated_ikz_conversion_rate': np.float64(0.0), 'environment/p1_generated_ikz_conversion_rate': np.float64(0.0), 'environment/p0_temporary_charge_realized': np.float64(0.0), 'environment/p1_temporary_charge_realized': np.float64(0.0), 'environment/p0_temporary_attack_damage_realized': np.float64(0.0), 'environment/p1_temporary_attack_damage_realized': np.float64(0.0), 'environment/p0_contextual_response_reserve_opportunities': np.float64(0.0), 'environment/p1_contextual_response_reserve_opportunities': np.float64(0.0), 'environment/n': np.float64(1.0), 'environment/deckbuild/completed': np.float64(1.0), 'environment/azk_step_deckbuild/completed': np.float64(1.0), 'environment/deckbuild/picks': np.float64(51.0), 'environment/azk_step_deckbuild/picks': np.float64(51.0), 'environment/deckbuild/main_count': np.float64(50.0), 'environment/azk_step_deckbuild/main_count': np.float64(50.0), 'environment/deckbuild/main_unique': np.float64(37.38461538461539), 'environment/azk_step_deckbuild/main_unique': np.float64(37.38461538461539), 'environment/deckbuild/main_unique_share': np.float64(0.7476923076923077), 'environment/azk_step_deckbuild/main_unique_share': np.float64(0.7476923076923077), 'environment/deckbuild/main_avg_copies_per_unique': np.float64(1.3427788864780033), 'environment/azk_step_deckbuild/main_avg_copies_per_unique': np.float64(1.3427788864780033), 'environment/deckbuild/main_max_copy_count': np.float64(3.230769230769231), 'environment/azk_step_deckbuild/main_max_copy_count': np.float64(3.230769230769231), 'environment/deckbuild/main_copy_entropy': np.float64(3.5334531880476194), 'environment/azk_step_deckbuild/main_copy_entropy': np.float64(3.5334531880476194), 'environment/deckbuild/main_copy_entropy_norm': np.float64(0.9762172008487531), 'environment/azk_step_deckbuild/main_copy_entropy_norm': np.float64(0.9762172008487531), 'environment/deckbuild/main_singleton_count': np.float64(27.346153846153847), 'environment/azk_step_deckbuild/main_singleton_count': np.float64(27.346153846153847), 'environment/deckbuild/main_pair_count': np.float64(7.730769230769231), 'environment/azk_step_deckbuild/main_pair_count': np.float64(7.730769230769231), 'environment/deckbuild/main_triplet_count': np.float64(2.0384615384615383), 'environment/azk_step_deckbuild/main_triplet_count': np.float64(2.0384615384615383), 'environment/deckbuild/main_quad_count': np.float64(0.2692307692307692), 'environment/azk_step_deckbuild/main_quad_count': np.float64(0.2692307692307692), 'environment/deckbuild/main_singleton_slot_share': np.float64(0.546923076923077), 'environment/azk_step_deckbuild/main_singleton_slot_share': np.float64(0.546923076923077), 'environment/deckbuild/main_pair_slot_share': np.float64(0.30923076923076925), 'environment/azk_step_deckbuild/main_pair_slot_share': np.float64(0.30923076923076925), 'environment/deckbuild/main_triplet_slot_share': np.float64(0.1223076923076923), 'environment/azk_step_deckbuild/main_triplet_slot_share': np.float64(0.1223076923076923), 'environment/deckbuild/main_quad_slot_share': np.float64(0.02153846153846154), 'environment/azk_step_deckbuild/main_quad_slot_share': np.float64(0.02153846153846154), 'environment/deckbuild/main_normal_share': np.float64(0.5753846153846154), 'environment/azk_step_deckbuild/main_normal_share': np.float64(0.5753846153846154), 'environment/deckbuild/main_gate_element_share': np.float64(0.4246153846153847), 'environment/azk_step_deckbuild/main_gate_element_share': np.float64(0.4246153846153847), 'environment/deckbuild/gate_match': np.float64(0.46153846153846156), 'environment/azk_step_deckbuild/gate_match': np.float64(0.46153846153846156), 'environment/deckbuild/gate/EARTH': np.float64(0.038461538461538464), 'environment/azk_step_deckbuild/gate/EARTH': np.float64(0.038461538461538464), 'environment/deckbuild/opponent_gate/EARTH': np.float64(0.038461538461538464), 'environment/azk_step_deckbuild/opponent_gate/EARTH': np.float64(0.038461538461538464), 'environment/deckbuild/leader/EARTH': np.float64(0.038461538461538464), 'environment/azk_step_deckbuild/leader/EARTH': np.float64(0.038461538461538464), 'environment/deckbuild/gate/FIRE': np.float64(0.5384615384615384), 'environment/azk_step_deckbuild/gate/FIRE': np.float64(0.5384615384615384), 'environment/deckbuild/opponent_gate/FIRE': np.float64(0.5384615384615384), 'environment/azk_step_deckbuild/opponent_gate/FIRE': np.float64(0.5384615384615384), 'environment/deckbuild/leader/FIRE': np.float64(0.5384615384615384), 'environment/azk_step_deckbuild/leader/FIRE': np.float64(0.5384615384615384), 'environment/deckbuild/gate/LIGHTNING': np.float64(0.23076923076923078), 'environment/azk_step_deckbuild/gate/LIGHTNING': np.float64(0.23076923076923078), 'environment/deckbuild/opponent_gate/LIGHTNING': np.float64(0.23076923076923078), 'environment/azk_step_deckbuild/opponent_gate/LIGHTNING': np.float64(0.23076923076923078), 'environment/deckbuild/leader/LIGHTNING': np.float64(0.23076923076923078), 'environment/azk_step_deckbuild/leader/LIGHTNING': np.float64(0.23076923076923078), 'environment/deckbuild/gate/WATER': np.float64(0.19230769230769232), 'environment/azk_step_deckbuild/gate/WATER': np.float64(0.19230769230769232), 'environment/deckbuild/opponent_gate/WATER': np.float64(0.19230769230769232), 'environment/azk_step_deckbuild/opponent_gate/WATER': np.float64(0.19230769230769232), 'environment/deckbuild/leader/WATER': np.float64(0.19230769230769232), 'environment/azk_step_deckbuild/leader/WATER': np.float64(0.19230769230769232), 'environment/deckbuild/main_type_count/ENTITY': np.float64(36.76923076923077), 'environment/azk_step_deckbuild/main_type_count/ENTITY': np.float64(36.76923076923077), 'environment/deckbuild/main_type_share/ENTITY': np.float64(0.7353846153846154), 'environment/azk_step_deckbuild/main_type_share/ENTITY': np.float64(0.7353846153846154), 'environment/deckbuild/main_type_count/SPELL': np.float64(9.653846153846153), 'environment/azk_step_deckbuild/main_type_count/SPELL': np.float64(9.653846153846153), 'environment/deckbuild/main_type_share/SPELL': np.float64(0.19307692307692306), 'environment/azk_step_deckbuild/main_type_share/SPELL': np.float64(0.19307692307692306), 'environment/deckbuild/main_type_count/WEAPON': np.float64(3.576923076923077), 'environment/azk_step_deckbuild/main_type_count/WEAPON': np.float64(3.576923076923077), 'environment/deckbuild/main_type_share/WEAPON': np.float64(0.07153846153846155), 'environment/azk_step_deckbuild/main_type_share/WEAPON': np.float64(0.07153846153846155), 'environment/deckbuild/main_element_count/EARTH': np.float64(0.7692307692307693), 'environment/azk_step_deckbuild/main_element_count/EARTH': np.float64(0.7692307692307693), 'environment/deckbuild/main_element_share/EARTH': np.float64(0.015384615384615385), 'environment/azk_step_deckbuild/main_element_share/EARTH': np.float64(0.015384615384615385), 'environment/deckbuild/main_element_count/FIRE': np.float64(12.115384615384615), 'environment/azk_step_deckbuild/main_element_count/FIRE': np.float64(12.115384615384615), 'environment/deckbuild/main_element_share/FIRE': np.float64(0.24230769230769234), 'environment/azk_step_deckbuild/main_element_share/FIRE': np.float64(0.24230769230769234), 'environment/deckbuild/main_element_count/LIGHTNING': np.float64(4.653846153846154), 'environment/azk_step_deckbuild/main_element_count/LIGHTNING': np.float64(4.653846153846154), 'environment/deckbuild/main_element_share/LIGHTNING': np.float64(0.09307692307692307), 'environment/azk_step_deckbuild/main_element_share/LIGHTNING': np.float64(0.09307692307692307), 'environment/deckbuild/main_element_count/NORMAL': np.float64(28.76923076923077), 'environment/azk_step_deckbuild/main_element_count/NORMAL': np.float64(28.76923076923077), 'environment/deckbuild/main_element_share/NORMAL': np.float64(0.5753846153846154), 'environment/azk_step_deckbuild/main_element_share/NORMAL': np.float64(0.5753846153846154), 'environment/deckbuild/main_element_count/WATER': np.float64(3.6923076923076925), 'environment/azk_step_deckbuild/main_element_count/WATER': np.float64(3.6923076923076925), 'environment/deckbuild/main_element_share/WATER': np.float64(0.07384615384615384), 'environment/azk_step_deckbuild/main_element_share/WATER': np.float64(0.07384615384615384), 'environment/deckbuild/main_avg_cost': np.float64(2.9192307692307695), 'environment/azk_step_deckbuild/main_avg_cost': np.float64(2.9192307692307695), 'environment/deckbuild/main_cost_share/0_1': np.float64(0.24307692307692313), 'environment/azk_step_deckbuild/main_cost_share/0_1': np.float64(0.24307692307692313), 'environment/deckbuild/main_cost_share/2_3': np.float64(0.4230769230769231), 'environment/azk_step_deckbuild/main_cost_share/2_3': np.float64(0.4230769230769231), 'environment/deckbuild/main_cost_share/4_5': np.float64(0.2700000000000001), 'environment/azk_step_deckbuild/main_cost_share/4_5': np.float64(0.2700000000000001), 'environment/deckbuild/main_cost_share/6_plus': np.float64(0.06384615384615386), 'environment/azk_step_deckbuild/main_cost_share/6_plus': np.float64(0.06384615384615386), 'environment/deckbuild/leader_card/STT04-001': np.float64(1.0), 'environment/azk_step_deckbuild/leader_card/STT04-001': np.float64(1.0), 'environment/deckbuild_gatecard/STT04-002/game': np.float64(1.0), 'environment/azk_step_deckbuild_gatecard/STT04-002/game': np.float64(1.0), 'environment/deckbuild_gatecard/STT04-002/avg_cost': np.float64(2.9950000000000006), 'environment/azk_step_deckbuild_gatecard/STT04-002/avg_cost': np.float64(2.9950000000000006), 'environment/deckbuild_gatecard/STT04-002/main_unique': np.float64(38.916666666666664), 'environment/azk_step_deckbuild_gatecard/STT04-002/main_unique': np.float64(38.916666666666664), 'environment/deckbuild_gatecard/STT04-002/copy_entropy_norm': np.float64(0.9797307228389588), 'environment/azk_step_deckbuild_gatecard/STT04-002/copy_entropy_norm': np.float64(0.9797307228389588), 'environment/deckbuild_gatecard/STT04-002/gate_element_share': np.float64(0.425), 'environment/azk_step_deckbuild_gatecard/STT04-002/gate_element_share': np.float64(0.425), 'environment/deckbuild_gatecard/STT04-002/type_share/ENTITY': np.float64(0.7716666666666666), 'environment/azk_step_deckbuild_gatecard/STT04-002/type_share/ENTITY': np.float64(0.7716666666666666), 'environment/deckbuild_gatecard/STT04-002/type_share/SPELL': np.float64(0.17499999999999996), 'environment/azk_step_deckbuild_gatecard/STT04-002/type_share/SPELL': np.float64(0.17499999999999996), 'environment/deckbuild_gatecard/STT04-002/type_share/WEAPON': np.float64(0.053333333333333344), 'environment/azk_step_deckbuild_gatecard/STT04-002/type_share/WEAPON': np.float64(0.053333333333333344), 'environment/deckbuild_gatecard/STT04-002/cost_share/0_1': np.float64(0.2366666666666667), 'environment/azk_step_deckbuild_gatecard/STT04-002/cost_share/0_1': np.float64(0.2366666666666667), 'environment/deckbuild_gatecard/STT04-002/cost_share/2_3': np.float64(0.4083333333333334), 'environment/azk_step_deckbuild_gatecard/STT04-002/cost_share/2_3': np.float64(0.4083333333333334), 'environment/deckbuild_gatecard/STT04-002/cost_share/4_5': np.float64(0.2833333333333333), 'environment/azk_step_deckbuild_gatecard/STT04-002/cost_share/4_5': np.float64(0.2833333333333333), 'environment/deckbuild_gatecard/STT04-002/cost_share/6_plus': np.float64(0.07166666666666667), 'environment/azk_step_deckbuild_gatecard/STT04-002/cost_share/6_plus': np.float64(0.07166666666666667), 'environment/deckbuild_gatecard/STT04-002/leader/STT04-001': np.float64(1.0), 'environment/azk_step_deckbuild_gatecard/STT04-002/leader/STT04-001': np.float64(1.0), 'environment/deckbuild_result/game': np.float64(1.0), 'environment/deckbuild_result/win': np.float64(0.5), 'environment/deckbuild_result/gate_match': np.float64(0.46153846153846156), 'environment/deckbuild_result/gate_match_win_joint': np.float64(0.23076923076923078), 'environment/deckbuild_result/gate_mismatch': np.float64(0.5384615384615384), 'environment/deckbuild_result/gate_mismatch_win_joint': np.float64(0.2692307692307692), 'environment/deckbuild_result/gate/FIRE/game': np.float64(1.0), 'environment/deckbuild_result/gate/FIRE/win': np.float64(0.2), 'environment/deckbuild_result/gate_pair/FIRE_vs_WATER/game': np.float64(1.0), 'environment/deckbuild_result/gate_pair/FIRE_vs_WATER/win': np.float64(0.0), 'environment/deckbuild_result/gate_pair_unordered/FIRE_vs_WATER/game': np.float64(1.0), 'environment/deckbuild_result/gate_pair_unordered/FIRE_vs_WATER/win': np.float64(0.5), 'environment/deckbuild_result/gate_mismatch/game': np.float64(1.0), 'environment/deckbuild_result/gate_mismatch/win': np.float64(0.5), 'environment/deckbuild_result/gate_freq/EARTH': np.float64(0.038461538461538464), 'environment/deckbuild_result/gate_win_joint/EARTH': np.float64(0.038461538461538464), 'environment/deckbuild_result/gate_freq/FIRE': np.float64(0.5384615384615384), 'environment/deckbuild_result/gate_win_joint/FIRE': np.float64(0.15384615384615385), 'environment/deckbuild_result/gate_freq/LIGHTNING': np.float64(0.23076923076923078), 'environment/deckbuild_result/gate_win_joint/LIGHTNING': np.float64(0.19230769230769232), 'environment/deckbuild_result/gate_freq/WATER': np.float64(0.19230769230769232), 'environment/deckbuild_result/gate_win_joint/WATER': np.float64(0.11538461538461539), 'environment/deckbuild_result/gate_pair_freq/EARTH_vs_EARTH': np.float64(0.0), 'environment/deckbuild_result/gate_pair_win_joint/EARTH_vs_EARTH': np.float64(0.0), 'environment/deckbuild_result/gate_pair_freq/EARTH_vs_FIRE': np.float64(0.038461538461538464), 'environment/deckbuild_result/gate_pair_win_joint/EARTH_vs_FIRE': np.float64(0.038461538461538464), 'environment/deckbuild_result/gate_pair_freq/EARTH_vs_LIGHTNING': np.float64(0.0), 'environment/deckbuild_result/gate_pair_win_joint/EARTH_vs_LIGHTNING': np.float64(0.0), 'environment/deckbuild_result/gate_pair_freq/EARTH_vs_WATER': np.float64(0.0), 'environment/deckbuild_result/gate_pair_win_joint/EARTH_vs_WATER': np.float64(0.0), 'environment/deckbuild_result/gate_pair_freq/FIRE_vs_EARTH': np.float64(0.038461538461538464), 'environment/deckbuild_result/gate_pair_win_joint/FIRE_vs_EARTH': np.float64(0.0), 'environment/deckbuild_result/gate_pair_freq/FIRE_vs_FIRE': np.float64(0.3076923076923077), 'environment/deckbuild_result/gate_pair_win_joint/FIRE_vs_FIRE': np.float64(0.15384615384615385), 'environment/deckbuild_result/gate_pair_freq/FIRE_vs_LIGHTNING': np.float64(0.11538461538461539), 'environment/deckbuild_result/gate_pair_win_joint/FIRE_vs_LIGHTNING': np.float64(0.0), 'environment/deckbuild_result/gate_pair_freq/FIRE_vs_WATER': np.float64(0.07692307692307693), 'environment/deckbuild_result/gate_pair_win_joint/FIRE_vs_WATER': np.float64(0.0), 'environment/deckbuild_result/gate_pair_freq/LIGHTNING_vs_EARTH': np.float64(0.0), 'environment/deckbuild_result/gate_pair_win_joint/LIGHTNING_vs_EARTH': np.float64(0.0), 'environment/deckbuild_result/gate_pair_freq/LIGHTNING_vs_FIRE': np.float64(0.11538461538461539), 'environment/deckbuild_result/gate_pair_win_joint/LIGHTNING_vs_FIRE': np.float64(0.11538461538461539), 'environment/deckbuild_result/gate_pair_freq/LIGHTNING_vs_LIGHTNING': np.float64(0.07692307692307693), 'environment/deckbuild_result/gate_pair_win_joint/LIGHTNING_vs_LIGHTNING': np.float64(0.038461538461538464), 'environment/deckbuild_result/gate_pair_freq/LIGHTNING_vs_WATER': np.float64(0.038461538461538464), 'environment/deckbuild_result/gate_pair_win_joint/LIGHTNING_vs_WATER': np.float64(0.038461538461538464), 'environment/deckbuild_result/gate_pair_freq/WATER_vs_EARTH': np.float64(0.0), 'environment/deckbuild_result/gate_pair_win_joint/WATER_vs_EARTH': np.float64(0.0), 'environment/deckbuild_result/gate_pair_freq/WATER_vs_FIRE': np.float64(0.07692307692307693), 'environment/deckbuild_result/gate_pair_win_joint/WATER_vs_FIRE': np.float64(0.07692307692307693), 'environment/deckbuild_result/gate_pair_freq/WATER_vs_LIGHTNING': np.float64(0.038461538461538464), 'environment/deckbuild_result/gate_pair_win_joint/WATER_vs_LIGHTNING': np.float64(0.0), 'environment/deckbuild_result/gate_pair_freq/WATER_vs_WATER': np.float64(0.07692307692307693), 'environment/deckbuild_result/gate_pair_win_joint/WATER_vs_WATER': np.float64(0.038461538461538464), 'environment/deckbuild_result/gate_pair_unordered_freq/EARTH_vs_EARTH': np.float64(0.0), 'environment/deckbuild_result/gate_pair_unordered_win_joint/EARTH_vs_EARTH': np.float64(0.0), 'environment/deckbuild_result/gate_pair_unordered_freq/EARTH_vs_FIRE': np.float64(0.07692307692307693), 'environment/deckbuild_result/gate_pair_unordered_win_joint/EARTH_vs_FIRE': np.float64(0.038461538461538464), 'environment/deckbuild_result/gate_pair_unordered_freq/EARTH_vs_LIGHTNING': np.float64(0.0), 'environment/deckbuild_result/gate_pair_unordered_win_joint/EARTH_vs_LIGHTNING': np.float64(0.0), 'environment/deckbuild_result/gate_pair_unordered_freq/EARTH_vs_WATER': np.float64(0.0), 'environment/deckbuild_result/gate_pair_unordered_win_joint/EARTH_vs_WATER': np.float64(0.0), 'environment/deckbuild_result/gate_pair_unordered_freq/FIRE_vs_FIRE': np.float64(0.3076923076923077), 'environment/deckbuild_result/gate_pair_unordered_win_joint/FIRE_vs_FIRE': np.float64(0.15384615384615385), 'environment/deckbuild_result/gate_pair_unordered_freq/FIRE_vs_LIGHTNING': np.float64(0.23076923076923078), 'environment/deckbuild_result/gate_pair_unordered_win_joint/FIRE_vs_LIGHTNING': np.float64(0.11538461538461539), 'environment/deckbuild_result/gate_pair_unordered_freq/FIRE_vs_WATER': np.float64(0.15384615384615385), 'environment/deckbuild_result/gate_pair_unordered_win_joint/FIRE_vs_WATER': np.float64(0.07692307692307693), 'environment/deckbuild_result/gate_pair_unordered_freq/LIGHTNING_vs_LIGHTNING': np.float64(0.07692307692307693), 'environment/deckbuild_result/gate_pair_unordered_win_joint/LIGHTNING_vs_LIGHTNING': np.float64(0.038461538461538464), 'environment/deckbuild_result/gate_pair_unordered_freq/LIGHTNING_vs_WATER': np.float64(0.07692307692307693), 'environment/deckbuild_result/gate_pair_unordered_win_joint/LIGHTNING_vs_WATER': np.float64(0.038461538461538464), 'environment/deckbuild_result/gate_pair_unordered_freq/WATER_vs_WATER': np.float64(0.07692307692307693), 'environment/deckbuild_result/gate_pair_unordered_win_joint/WATER_vs_WATER': np.float64(0.038461538461538464), 'environment/deckbuild_result/gatecard/STT04-002/game': np.float64(1.0), 'environment/deckbuild_result/gatecard/STT04-002/win': np.float64(0.16666666666666666), 'environment/deckbuild_result/gatecard/STT04-002/attack_rate': np.float64(0.1492538210004568), 'environment/deckbuild_result/gatecard/STT04-002/spell_rate': np.float64(0.0201984786738952), 'environment/deckbuild_result/gatecard/STT04-002/weapon_rate': np.float64(0.024780140724033117), 'environment/deckbuild_result/gatecard/STT04-002/portal_rate': np.float64(0.06999712747832139), 'environment/deckbuild_result/gatecard/STT04-002/play_entity_rate': np.float64(0.3196245605746905), 'environment/deckbuild_result/gatecard/STT04-002/noop_rate': np.float64(0.2816608746846517), 'environment/deckbuild_result/gatecard/STT04-002/episode_length': np.float64(64.16666666666667), 'environment/deckbuild_result/gatecard/STT04-002/leader_health': np.float64(0.07500000049670537), 'environment/deckbuild_result/gatecard/STT04-002/ability_rate': np.float64(0.06818143542235096), 'environment/deckbuild/leader_card/AZK01-125': np.float64(1.0), 'environment/azk_step_deckbuild/leader_card/AZK01-125': np.float64(1.0), 'environment/deckbuild_gatecard/STT02-002/game': np.float64(1.0), 'environment/azk_step_deckbuild_gatecard/STT02-002/game': np.float64(1.0), 'environment/deckbuild_gatecard/STT02-002/avg_cost': np.float64(2.8066666666666666), 'environment/azk_step_deckbuild_gatecard/STT02-002/avg_cost': np.float64(2.8066666666666666), 'environment/deckbuild_gatecard/STT02-002/main_unique': np.float64(37.0), 'environment/azk_step_deckbuild_gatecard/STT02-002/main_unique': np.float64(37.0), 'environment/deckbuild_gatecard/STT02-002/copy_entropy_norm': np.float64(0.9743867079094182), 'environment/azk_step_deckbuild_gatecard/STT02-002/copy_entropy_norm': np.float64(0.9743867079094182), 'environment/deckbuild_gatecard/STT02-002/gate_element_share': np.float64(0.3333333333333333), 'environment/azk_step_deckbuild_gatecard/STT02-002/gate_element_share': np.float64(0.3333333333333333), 'environment/deckbuild_gatecard/STT02-002/type_share/ENTITY': np.float64(0.7400000000000001), 'environment/azk_step_deckbuild_gatecard/STT02-002/type_share/ENTITY': np.float64(0.7400000000000001), 'environment/deckbuild_gatecard/STT02-002/type_share/SPELL': np.float64(0.2333333333333333), 'environment/azk_step_deckbuild_gatecard/STT02-002/type_share/SPELL': np.float64(0.2333333333333333), 'environment/deckbuild_gatecard/STT02-002/type_share/WEAPON': np.float64(0.02666666666666667), 'environment/azk_step_deckbuild_gatecard/STT02-002/type_share/WEAPON': np.float64(0.02666666666666667), 'environment/deckbuild_gatecard/STT02-002/cost_share/0_1': np.float64(0.3), 'environment/azk_step_deckbuild_gatecard/STT02-002/cost_share/0_1': np.float64(0.3), 'environment/deckbuild_gatecard/STT02-002/cost_share/2_3': np.float64(0.35333333333333333), 'environment/azk_step_deckbuild_gatecard/STT02-002/cost_share/2_3': np.float64(0.35333333333333333), 'environment/deckbuild_gatecard/STT02-002/cost_share/4_5': np.float64(0.2866666666666667), 'environment/azk_step_deckbuild_gatecard/STT02-002/cost_share/4_5': np.float64(0.2866666666666667), 'environment/deckbuild_gatecard/STT02-002/cost_share/6_plus': np.float64(0.06), 'environment/azk_step_deckbuild_gatecard/STT02-002/cost_share/6_plus': np.float64(0.06), 'environment/deckbuild_gatecard/STT02-002/leader/AZK01-125': np.float64(1.0), 'environment/azk_step_deckbuild_gatecard/STT02-002/leader/AZK01-125': np.float64(1.0), 'environment/deckbuild_result/gate/WATER/game': np.float64(1.0), 'environment/deckbuild_result/gate/WATER/win': np.float64(0.625), 'environment/deckbuild_result/gate_pair/WATER_vs_FIRE/game': np.float64(1.0), 'environment/deckbuild_result/gate_pair/WATER_vs_FIRE/win': np.float64(1.0), 'environment/deckbuild_result/gatecard/STT02-002/game': np.float64(1.0), 'environment/deckbuild_result/gatecard/STT02-002/win': np.float64(1.0), 'environment/deckbuild_result/gatecard/STT02-002/attack_rate': np.float64(0.27781155208746594), 'environment/deckbuild_result/gatecard/STT02-002/spell_rate': np.float64(0.02370820629100005), 'environment/deckbuild_result/gatecard/STT02-002/weapon_rate': np.float64(0.026139817511041958), 'environment/deckbuild_result/gatecard/STT02-002/portal_rate': np.float64(0.09821006407340367), 'environment/deckbuild_result/gatecard/STT02-002/play_entity_rate': np.float64(0.331779807806015), 'environment/deckbuild_result/gatecard/STT02-002/noop_rate': np.float64(0.19081391394138336), 'environment/deckbuild_result/gatecard/STT02-002/episode_length': np.float64(65.66666666666667), 'environment/deckbuild_result/gatecard/STT02-002/leader_health': np.float64(0.850000003973643), 'environment/deckbuild_result/gatecard/STT02-002/ability_rate': np.float64(0.0), 'environment/ref_seat_rate': np.float64(0.0), 'environment/deckbuild_gatecard/AZK01-122/game': np.float64(1.0), 'environment/azk_step_deckbuild_gatecard/AZK01-122/game': np.float64(1.0), 'environment/deckbuild_gatecard/AZK01-122/avg_cost': np.float64(2.908), 'environment/azk_step_deckbuild_gatecard/AZK01-122/avg_cost': np.float64(2.908), 'environment/deckbuild_gatecard/AZK01-122/main_unique': np.float64(36.5), 'environment/azk_step_deckbuild_gatecard/AZK01-122/main_unique': np.float64(36.5), 'environment/deckbuild_gatecard/AZK01-122/copy_entropy_norm': np.float64(0.9770222379248648), 'environment/azk_step_deckbuild_gatecard/AZK01-122/copy_entropy_norm': np.float64(0.9770222379248648), 'environment/deckbuild_gatecard/AZK01-122/gate_element_share': np.float64(0.48200000000000004), 'environment/azk_step_deckbuild_gatecard/AZK01-122/gate_element_share': np.float64(0.48200000000000004), 'environment/deckbuild_gatecard/AZK01-122/type_share/ENTITY': np.float64(0.76), 'environment/azk_step_deckbuild_gatecard/AZK01-122/type_share/ENTITY': np.float64(0.76), 'environment/deckbuild_gatecard/AZK01-122/type_share/SPELL': np.float64(0.186), 'environment/azk_step_deckbuild_gatecard/AZK01-122/type_share/SPELL': np.float64(0.186), 'environment/deckbuild_gatecard/AZK01-122/type_share/WEAPON': np.float64(0.054000000000000006), 'environment/azk_step_deckbuild_gatecard/AZK01-122/type_share/WEAPON': np.float64(0.054000000000000006), 'environment/deckbuild_gatecard/AZK01-122/cost_share/0_1': np.float64(0.24), 'environment/azk_step_deckbuild_gatecard/AZK01-122/cost_share/0_1': np.float64(0.24), 'environment/deckbuild_gatecard/AZK01-122/cost_share/2_3': np.float64(0.44800000000000006), 'environment/azk_step_deckbuild_gatecard/AZK01-122/cost_share/2_3': np.float64(0.44800000000000006), 'environment/deckbuild_gatecard/AZK01-122/cost_share/4_5': np.float64(0.24), 'environment/azk_step_deckbuild_gatecard/AZK01-122/cost_share/4_5': np.float64(0.24), 'environment/deckbuild_gatecard/AZK01-122/cost_share/6_plus': np.float64(0.072), 'environment/azk_step_deckbuild_gatecard/AZK01-122/cost_share/6_plus': np.float64(0.072), 'environment/deckbuild_gatecard/AZK01-122/leader/STT04-001': np.float64(1.0), 'environment/azk_step_deckbuild_gatecard/AZK01-122/leader/STT04-001': np.float64(1.0), 'environment/deckbuild_result/gate_pair/FIRE_vs_LIGHTNING/game': np.float64(1.0), 'environment/deckbuild_result/gate_pair/FIRE_vs_LIGHTNING/win': np.float64(0.0), 'environment/deckbuild_result/gate_pair_unordered/FIRE_vs_LIGHTNING/game': np.float64(1.0), 'environment/deckbuild_result/gate_pair_unordered/FIRE_vs_LIGHTNING/win': np.float64(0.5), 'environment/deckbuild_result/gatecard/AZK01-122/game': np.float64(1.0), 'environment/deckbuild_result/gatecard/AZK01-122/win': np.float64(0.3), 'environment/deckbuild_result/gatecard/AZK01-122/attack_rate': np.float64(0.12474031522870063), 'environment/deckbuild_result/gatecard/AZK01-122/spell_rate': np.float64(0.018386752530932426), 'environment/deckbuild_result/gatecard/AZK01-122/weapon_rate': np.float64(0.019647147320210934), 'environment/deckbuild_result/gatecard/AZK01-122/portal_rate': np.float64(0.07895401194691658), 'environment/deckbuild_result/gatecard/AZK01-122/play_entity_rate': np.float64(0.3239627331495285), 'environment/deckbuild_result/gatecard/AZK01-122/noop_rate': np.float64(0.2297274127602577), 'environment/deckbuild_result/gatecard/AZK01-122/episode_length': np.float64(65.6), 'environment/deckbuild_result/gatecard/AZK01-122/leader_health': np.float64(0.24500000476837158), 'environment/deckbuild_result/gatecard/AZK01-122/ability_rate': np.float64(0.09083749651908875), 'environment/deckbuild/leader_card/AZK01-119': np.float64(1.0), 'environment/azk_step_deckbuild/leader_card/AZK01-119': np.float64(1.0), 'environment/deckbuild_gatecard/AZK01-120/game': np.float64(1.0), 'environment/azk_step_deckbuild_gatecard/AZK01-120/game': np.float64(1.0), 'environment/deckbuild_gatecard/AZK01-120/avg_cost': np.float64(2.813333333333333), 'environment/azk_step_deckbuild_gatecard/AZK01-120/avg_cost': np.float64(2.813333333333333), 'environment/deckbuild_gatecard/AZK01-120/main_unique': np.float64(38.666666666666664), 'environment/azk_step_deckbuild_gatecard/AZK01-120/main_unique': np.float64(38.666666666666664), 'environment/deckbuild_gatecard/AZK01-120/copy_entropy_norm': np.float64(0.9759644889610715), 'environment/azk_step_deckbuild_gatecard/AZK01-120/copy_entropy_norm': np.float64(0.9759644889610715), 'environment/deckbuild_gatecard/AZK01-120/gate_element_share': np.float64(0.4166666666666667), 'environment/azk_step_deckbuild_gatecard/AZK01-120/gate_element_share': np.float64(0.4166666666666667), 'environment/deckbuild_gatecard/AZK01-120/type_share/ENTITY': np.float64(0.7000000000000001), 'environment/azk_step_deckbuild_gatecard/AZK01-120/type_share/ENTITY': np.float64(0.7000000000000001), 'environment/deckbuild_gatecard/AZK01-120/type_share/SPELL': np.float64(0.14), 'environment/azk_step_deckbuild_gatecard/AZK01-120/type_share/SPELL': np.float64(0.14), 'environment/deckbuild_gatecard/AZK01-120/type_share/WEAPON': np.float64(0.16), 'environment/azk_step_deckbuild_gatecard/AZK01-120/type_share/WEAPON': np.float64(0.16), 'environment/deckbuild_gatecard/AZK01-120/cost_share/0_1': np.float64(0.25333333333333335), 'environment/azk_step_deckbuild_gatecard/AZK01-120/cost_share/0_1': np.float64(0.25333333333333335), 'environment/deckbuild_gatecard/AZK01-120/cost_share/2_3': np.float64(0.4366666666666667), 'environment/azk_step_deckbuild_gatecard/AZK01-120/cost_share/2_3': np.float64(0.4366666666666667), 'environment/deckbuild_gatecard/AZK01-120/cost_share/4_5': np.float64(0.26), 'environment/azk_step_deckbuild_gatecard/AZK01-120/cost_share/4_5': np.float64(0.26), 'environment/deckbuild_gatecard/AZK01-120/cost_share/6_plus': np.float64(0.049999999999999996), 'environment/azk_step_deckbuild_gatecard/AZK01-120/cost_share/6_plus': np.float64(0.049999999999999996), 'environment/deckbuild_gatecard/AZK01-120/leader/AZK01-119': np.float64(1.0), 'environment/azk_step_deckbuild_gatecard/AZK01-120/leader/AZK01-119': np.float64(1.0), 'environment/deckbuild_result/gate/LIGHTNING/game': np.float64(1.0), 'environment/deckbuild_result/gate/LIGHTNING/win': np.float64(0.9), 'environment/deckbuild_result/gate_pair/LIGHTNING_vs_FIRE/game': np.float64(1.0), 'environment/deckbuild_result/gate_pair/LIGHTNING_vs_FIRE/win': np.float64(1.0), 'environment/deckbuild_result/gatecard/AZK01-120/game': np.float64(1.0), 'environment/deckbuild_result/gatecard/AZK01-120/win': np.float64(0.8333333333333334), 'environment/deckbuild_result/gatecard/AZK01-120/attack_rate': np.float64(0.26953019201755524), 'environment/deckbuild_result/gatecard/AZK01-120/spell_rate': np.float64(0.009523809577027956), 'environment/deckbuild_result/gatecard/AZK01-120/weapon_rate': np.float64(0.029096427684028942), 'environment/deckbuild_result/gatecard/AZK01-120/portal_rate': np.float64(0.11097670967380206), 'environment/deckbuild_result/gatecard/AZK01-120/play_entity_rate': np.float64(0.3503103057543437), 'environment/deckbuild_result/gatecard/AZK01-120/noop_rate': np.float64(0.23192492624123892), 'environment/deckbuild_result/gatecard/AZK01-120/episode_length': np.float64(67.33333333333333), 'environment/deckbuild_result/gatecard/AZK01-120/leader_health': np.float64(0.7500000099341074), 'environment/deckbuild_result/gatecard/AZK01-120/ability_rate': np.float64(0.008547008658448855), 'environment/deckbuild_gatecard/STT01-002/game': np.float64(1.0), 'environment/azk_step_deckbuild_gatecard/STT01-002/game': np.float64(1.0), 'environment/deckbuild_gatecard/STT01-002/avg_cost': np.float64(3.08), 'environment/azk_step_deckbuild_gatecard/STT01-002/avg_cost': np.float64(3.08), 'environment/deckbuild_gatecard/STT01-002/main_unique': np.float64(32.5), 'environment/azk_step_deckbuild_gatecard/STT01-002/main_unique': np.float64(32.5), 'environment/deckbuild_gatecard/STT01-002/copy_entropy_norm': np.float64(0.9681475431530042), 'environment/azk_step_deckbuild_gatecard/STT01-002/copy_entropy_norm': np.float64(0.9681475431530042), 'environment/deckbuild_gatecard/STT01-002/gate_element_share': np.float64(0.4), 'environment/azk_step_deckbuild_gatecard/STT01-002/gate_element_share': np.float64(0.4), 'environment/deckbuild_gatecard/STT01-002/type_share/ENTITY': np.float64(0.71), 'environment/azk_step_deckbuild_gatecard/STT01-002/type_share/ENTITY': np.float64(0.71), 'environment/deckbuild_gatecard/STT01-002/type_share/SPELL': np.float64(0.15000000000000002), 'environment/azk_step_deckbuild_gatecard/STT01-002/type_share/SPELL': np.float64(0.15000000000000002), 'environment/deckbuild_gatecard/STT01-002/type_share/WEAPON': np.float64(0.14), 'environment/azk_step_deckbuild_gatecard/STT01-002/type_share/WEAPON': np.float64(0.14), 'environment/deckbuild_gatecard/STT01-002/cost_share/0_1': np.float64(0.2), 'environment/azk_step_deckbuild_gatecard/STT01-002/cost_share/0_1': np.float64(0.2), 'environment/deckbuild_gatecard/STT01-002/cost_share/2_3': np.float64(0.42000000000000004), 'environment/azk_step_deckbuild_gatecard/STT01-002/cost_share/2_3': np.float64(0.42000000000000004), 'environment/deckbuild_gatecard/STT01-002/cost_share/4_5': np.float64(0.31), 'environment/azk_step_deckbuild_gatecard/STT01-002/cost_share/4_5': np.float64(0.31), 'environment/deckbuild_gatecard/STT01-002/cost_share/6_plus': np.float64(0.07), 'environment/azk_step_deckbuild_gatecard/STT01-002/cost_share/6_plus': np.float64(0.07), 'environment/deckbuild_gatecard/STT01-002/leader/AZK01-119': np.float64(1.0), 'environment/azk_step_deckbuild_gatecard/STT01-002/leader/AZK01-119': np.float64(1.0), 'environment/deckbuild_result/gatecard/STT01-002/game': np.float64(1.0), 'environment/deckbuild_result/gatecard/STT01-002/win': np.float64(1.0), 'environment/deckbuild_result/gatecard/STT01-002/attack_rate': np.float64(0.3103448152542114), 'environment/deckbuild_result/gatecard/STT01-002/spell_rate': np.float64(0.017241379246115685), 'environment/deckbuild_result/gatecard/STT01-002/weapon_rate': np.float64(0.03448275849223137), 'environment/deckbuild_result/gatecard/STT01-002/portal_rate': np.float64(0.10344827547669411), 'environment/deckbuild_result/gatecard/STT01-002/play_entity_rate': np.float64(0.36206895112991333), 'environment/deckbuild_result/gatecard/STT01-002/noop_rate': np.float64(0.18965516984462738), 'environment/deckbuild_result/gatecard/STT01-002/episode_length': np.float64(60.5), 'environment/deckbuild_result/gatecard/STT01-002/leader_health': np.float64(0.8250000178813934), 'environment/deckbuild_result/gatecard/STT01-002/ability_rate': np.float64(0.0), 'environment/deckbuild/leader_card/AZK01-121': np.float64(1.0), 'environment/azk_step_deckbuild/leader_card/AZK01-121': np.float64(1.0), 'environment/deckbuild_gatecard/AZK01-122/leader/AZK01-121': np.float64(1.0), 'environment/azk_step_deckbuild_gatecard/AZK01-122/leader/AZK01-121': np.float64(1.0), 'environment/deckbuild_result/gate_pair/FIRE_vs_FIRE/game': np.float64(1.0), 'environment/deckbuild_result/gate_pair/FIRE_vs_FIRE/win': np.float64(0.5), 'environment/deckbuild_result/gate_pair_unordered/FIRE_vs_FIRE/game': np.float64(1.0), 'environment/deckbuild_result/gate_pair_unordered/FIRE_vs_FIRE/win': np.float64(0.5), 'environment/deckbuild_result/gate_match/game': np.float64(1.0), 'environment/deckbuild_result/gate_match/win': np.float64(0.5), 'environment/deckbuild_gatecard/STT04-002/leader/AZK01-121': np.float64(1.0), 'environment/azk_step_deckbuild_gatecard/STT04-002/leader/AZK01-121': np.float64(1.0), 'environment/deckbuild_result/gate_pair/LIGHTNING_vs_LIGHTNING/game': np.float64(1.0), 'environment/deckbuild_result/gate_pair/LIGHTNING_vs_LIGHTNING/win': np.float64(0.5), 'environment/deckbuild_result/gate_pair_unordered/LIGHTNING_vs_LIGHTNING/game': np.float64(1.0), 'environment/deckbuild_result/gate_pair_unordered/LIGHTNING_vs_LIGHTNING/win': np.float64(0.5), 'environment/deckbuild/leader_card/STT02-001': np.float64(1.0), 'environment/azk_step_deckbuild/leader_card/STT02-001': np.float64(1.0), 'environment/deckbuild_gatecard/AZK01-126/game': np.float64(1.0), 'environment/azk_step_deckbuild_gatecard/AZK01-126/game': np.float64(1.0), 'environment/deckbuild_gatecard/AZK01-126/avg_cost': np.float64(2.67), 'environment/azk_step_deckbuild_gatecard/AZK01-126/avg_cost': np.float64(2.67), 'environment/deckbuild_gatecard/AZK01-126/main_unique': np.float64(38.0), 'environment/azk_step_deckbuild_gatecard/AZK01-126/main_unique': np.float64(38.0), 'environment/deckbuild_gatecard/AZK01-126/copy_entropy_norm': np.float64(0.9739891296824634), 'environment/azk_step_deckbuild_gatecard/AZK01-126/copy_entropy_norm': np.float64(0.9739891296824634), 'environment/deckbuild_gatecard/AZK01-126/gate_element_share': np.float64(0.45999999999999996), 'environment/azk_step_deckbuild_gatecard/AZK01-126/gate_element_share': np.float64(0.45999999999999996), 'environment/deckbuild_gatecard/AZK01-126/type_share/ENTITY': np.float64(0.6), 'environment/azk_step_deckbuild_gatecard/AZK01-126/type_share/ENTITY': np.float64(0.6), 'environment/deckbuild_gatecard/AZK01-126/type_share/SPELL': np.float64(0.35), 'environment/azk_step_deckbuild_gatecard/AZK01-126/type_share/SPELL': np.float64(0.35), 'environment/deckbuild_gatecard/AZK01-126/type_share/WEAPON': np.float64(0.05), 'environment/azk_step_deckbuild_gatecard/AZK01-126/type_share/WEAPON': np.float64(0.05), 'environment/deckbuild_gatecard/AZK01-126/cost_share/0_1': np.float64(0.25), 'environment/azk_step_deckbuild_gatecard/AZK01-126/cost_share/0_1': np.float64(0.25), 'environment/deckbuild_gatecard/AZK01-126/cost_share/2_3': np.float64(0.5), 'environment/azk_step_deckbuild_gatecard/AZK01-126/cost_share/2_3': np.float64(0.5), 'environment/deckbuild_gatecard/AZK01-126/cost_share/4_5': np.float64(0.22), 'environment/azk_step_deckbuild_gatecard/AZK01-126/cost_share/4_5': np.float64(0.22), 'environment/deckbuild_gatecard/AZK01-126/cost_share/6_plus': np.float64(0.03), 'environment/azk_step_deckbuild_gatecard/AZK01-126/cost_share/6_plus': np.float64(0.03), 'environment/deckbuild_gatecard/AZK01-126/leader/STT02-001': np.float64(1.0), 'environment/azk_step_deckbuild_gatecard/AZK01-126/leader/STT02-001': np.float64(1.0), 'environment/deckbuild_result/gate_pair/WATER_vs_WATER/game': np.float64(1.0), 'environment/deckbuild_result/gate_pair/WATER_vs_WATER/win': np.float64(0.5), 'environment/deckbuild_result/gate_pair_unordered/WATER_vs_WATER/game': np.float64(1.0), 'environment/deckbuild_result/gate_pair_unordered/WATER_vs_WATER/win': np.float64(0.5), 'environment/deckbuild_result/gatecard/AZK01-126/game': np.float64(1.0), 'environment/deckbuild_result/gatecard/AZK01-126/win': np.float64(0.0), 'environment/deckbuild_result/gatecard/AZK01-126/attack_rate': np.float64(0.061974791809916496), 'environment/deckbuild_result/gatecard/AZK01-126/spell_rate': np.float64(0.08298319764435291), 'environment/deckbuild_result/gatecard/AZK01-126/weapon_rate': np.float64(0.0), 'environment/deckbuild_result/gatecard/AZK01-126/portal_rate': np.float64(0.07668067328631878), 'environment/deckbuild_result/gatecard/AZK01-126/play_entity_rate': np.float64(0.35189077258110046), 'environment/deckbuild_result/gatecard/AZK01-126/noop_rate': np.float64(0.2815126106142998), 'environment/deckbuild_result/gatecard/AZK01-126/episode_length': np.float64(71.5), 'environment/deckbuild_result/gatecard/AZK01-126/leader_health': np.float64(0.0), 'environment/deckbuild_result/gatecard/AZK01-126/ability_rate': np.float64(0.07983193546533585), 'environment/deckbuild_gatecard/STT02-002/leader/STT02-001': np.float64(1.0), 'environment/azk_step_deckbuild_gatecard/STT02-002/leader/STT02-001': np.float64(1.0), 'environment/deckbuild/leader_card/AZK01-123': np.float64(1.0), 'environment/azk_step_deckbuild/leader_card/AZK01-123': np.float64(1.0), 'environment/deckbuild_gatecard/STT03-002/game': np.float64(1.0), 'environment/azk_step_deckbuild_gatecard/STT03-002/game': np.float64(1.0), 'environment/deckbuild_gatecard/STT03-002/avg_cost': np.float64(3.4), 'environment/azk_step_deckbuild_gatecard/STT03-002/avg_cost': np.float64(3.4), 'environment/deckbuild_gatecard/STT03-002/main_unique': np.float64(37.0), 'environment/azk_step_deckbuild_gatecard/STT03-002/main_unique': np.float64(37.0), 'environment/deckbuild_gatecard/STT03-002/copy_entropy_norm': np.float64(0.9777725861402766), 'environment/azk_step_deckbuild_gatecard/STT03-002/copy_entropy_norm': np.float64(0.9777725861402766), 'environment/deckbuild_gatecard/STT03-002/gate_element_share': np.float64(0.4), 'environment/azk_step_deckbuild_gatecard/STT03-002/gate_element_share': np.float64(0.4), 'environment/deckbuild_gatecard/STT03-002/type_share/ENTITY': np.float64(0.8), 'environment/azk_step_deckbuild_gatecard/STT03-002/type_share/ENTITY': np.float64(0.8), 'environment/deckbuild_gatecard/STT03-002/type_share/SPELL': np.float64(0.18), 'environment/azk_step_deckbuild_gatecard/STT03-002/type_share/SPELL': np.float64(0.18), 'environment/deckbuild_gatecard/STT03-002/type_share/WEAPON': np.float64(0.02), 'environment/azk_step_deckbuild_gatecard/STT03-002/type_share/WEAPON': np.float64(0.02), 'environment/deckbuild_gatecard/STT03-002/cost_share/0_1': np.float64(0.22), 'environment/azk_step_deckbuild_gatecard/STT03-002/cost_share/0_1': np.float64(0.22), 'environment/deckbuild_gatecard/STT03-002/cost_share/2_3': np.float64(0.28), 'environment/azk_step_deckbuild_gatecard/STT03-002/cost_share/2_3': np.float64(0.28), 'environment/deckbuild_gatecard/STT03-002/cost_share/4_5': np.float64(0.4), 'environment/azk_step_deckbuild_gatecard/STT03-002/cost_share/4_5': np.float64(0.4), 'environment/deckbuild_gatecard/STT03-002/cost_share/6_plus': np.float64(0.1), 'environment/azk_step_deckbuild_gatecard/STT03-002/cost_share/6_plus': np.float64(0.1), 'environment/deckbuild_gatecard/STT03-002/leader/AZK01-123': np.float64(1.0), 'environment/azk_step_deckbuild_gatecard/STT03-002/leader/AZK01-123': np.float64(1.0), 'environment/deckbuild_result/gate/EARTH/game': np.float64(1.0), 'environment/deckbuild_result/gate/EARTH/win': np.float64(1.0), 'environment/deckbuild_result/gate_pair/EARTH_vs_FIRE/game': np.float64(1.0), 'environment/deckbuild_result/gate_pair/EARTH_vs_FIRE/win': np.float64(1.0), 'environment/deckbuild_result/gate_pair_unordered/EARTH_vs_FIRE/game': np.float64(1.0), 'environment/deckbuild_result/gate_pair_unordered/EARTH_vs_FIRE/win': np.float64(0.5), 'environment/deckbuild_result/gatecard/STT03-002/game': np.float64(1.0), 'environment/deckbuild_result/gatecard/STT03-002/win': np.float64(1.0), 'environment/deckbuild_result/gatecard/STT03-002/attack_rate': np.float64(0.19565217196941376), 'environment/deckbuild_result/gatecard/STT03-002/spell_rate': np.float64(0.0), 'environment/deckbuild_result/gatecard/STT03-002/weapon_rate': np.float64(0.0), 'environment/deckbuild_result/gatecard/STT03-002/portal_rate': np.float64(0.08695652335882187), 'environment/deckbuild_result/gatecard/STT03-002/play_entity_rate': np.float64(0.30434784293174744), 'environment/deckbuild_result/gatecard/STT03-002/noop_rate': np.float64(0.17391304671764374), 'environment/deckbuild_result/gatecard/STT03-002/episode_length': np.float64(72.0), 'environment/deckbuild_result/gatecard/STT03-002/leader_health': np.float64(0.75), 'environment/deckbuild_result/gatecard/STT03-002/ability_rate': np.float64(0.06521739065647125), 'environment/deckbuild_result/gate_pair/FIRE_vs_EARTH/game': np.float64(1.0), 'environment/deckbuild_result/gate_pair/FIRE_vs_EARTH/win': np.float64(0.0), 'environment/deckbuild_result/gate_pair/WATER_vs_LIGHTNING/game': np.float64(1.0), 'environment/deckbuild_result/gate_pair/WATER_vs_LIGHTNING/win': np.float64(0.0), 'environment/deckbuild_result/gate_pair_unordered/LIGHTNING_vs_WATER/game': np.float64(1.0), 'environment/deckbuild_result/gate_pair_unordered/LIGHTNING_vs_WATER/win': np.float64(0.5), 'environment/deckbuild_result/gate_pair/LIGHTNING_vs_WATER/game': np.float64(1.0), 'environment/deckbuild_result/gate_pair/LIGHTNING_vs_WATER/win': np.float64(1.0), 'losses/policy_loss': -0.007507414557039738, 'losses/value_loss': 0.02438671700656414, 'losses/value_loss_total': 0.02438671700656414, 'losses/entropy': 0.9410961270332336, 'losses/old_approx_kl': -0.00016878927999641746, 'losses/approx_kl': 1.69573504535947e-05, 'losses/clipfrac': 0.0, 'losses/importance': 1.0001857280731201, 'losses/win_prob_aux_loss': 0.69140625, 'losses/win_prob_aux_labeled_frac': 0.004547119140625, 'losses/explained_variance': 0.028147518634796143, 'losses/win_prob_aux_accuracy': 0.447265625, 'losses/win_prob_aux_brier': 0.25, 'losses/win_prob_aux_pred_mean': 0.5, 'losses/win_prob_aux_target_mean': 0.25, 'performance/eval': 16.638882160186768, 'performance/train': 15.902020931243896, 'performance/eval_forward': 16.284037828445435, 'performance/env': 0.03296971321105957, 'performance/eval_copy': 0.30713558197021484, 'performance/eval_misc': 0.014644861221313477, 'performance/train_forward': 3.269890546798706, 'performance/learn_backward': 6.168843507766724, 'performance/learn_opt': 6.361558437347412, 'performance/train_copy': 0.004945993423461914, 'performance/train_misc': 0.09670019149780273}
[0;0H╭──────────────────────────────────────────────────────────────────────────────╮
│  PufferLib 4.0         🐡       CPU:     GPU: 0.0%  DRAM: 4.1%   VRAM: 0.0%  │
│                                131.5%                                        │
│                                                                              │
│  Summary          Value    Evaluate     16s  52%    Losses            Value  │
│  Env        azuki_local      Forwa…     16s  51%    policy_loss       0.011  │
│  Params           90.2M      Env         0s   0%    value_loss        0.044  │
│  Steps           184.3K      Copy        0s   0%    value_loss_to…    0.044  │
│  SPS               5.2K      Misc        0s   0%    entropy           0.961  │
│  Epoch               12    Train        15s  47%    old_approx_kl    -0.000  │
│  Uptime          2m 51s      Forwa…      3s   9%    approx_kl         0.000  │
│  Remaini…           23s      Backw…      6s  18%    clipfrac          0.000  │
│                              Optim…      6s  19%    importance        1.000  │
│                              Copy        0s   0%    win_prob_aux_…    0.691  │
│                              Misc        0s   0%    win_prob_aux_…    0.061  │
│                                                     explained_var…    0.032  │
│                                                     win_prob_aux_…    0.773  │
│                                                     win_prob_aux_…    0.249  │
│                                                     win_prob_aux_…    0.500  │
│                                                     win_prob_aux_…    0.539  │
│                                                                              │
│  User Stats                    Value    User Stats                    Value  │
│  league/active                 1.000    sampler/subaction_tem…        1.200  │
│  sampler/smoothing_eps         0.050    anneal/ent_coef               0.010  │
│  perf                          0.000    score                         0.000  │
│  episode_return                1.504    episode_length               82.500  │
│  p0_episode_return             1.504    p1_episode_return            -1.504  │
│  p0_winrate                    0.650    p1_winrate                    0.350  │
│  p0_start_rate                 0.575    p1_start_rate                 0.425  │
│  draw_rate                     0.000    timeout_truncation_ra…        0.000  │
│  auto_tick_truncation_…        0.000    zero_legal_action_tru…        0.000  │
│  gameover_terminal_rate        1.000    winner_terminal_rate          1.000  │
│  curriculum_episode_cap        0.000    reward_shaping_scale          1.000  │
│  completed_episodes            1.000    p0_noop_selected_rate         0.244  │
│  p1_noop_selected_rate         0.231    p0_attack_selected_ra…        0.197  │
│  p1_attack_selected_ra…        0.212    p0_attach_weapon_from…        0.025  │
│  p1_attach_weapon_from…        0.034    p0_play_spell_from_ha…        0.036  │
╰──────────────────────────────────────────────────────────────────────────────╯

[epoch 12] {'SPS': 5197.763765828491, 'agent_steps': 184320, 'uptime': 171.99907636642456, 'epoch': 12, 'learning_rate': 0.0010364745084375795, 'environment/league/active': np.float64(1.0), 'environment/sampler/subaction_temperature': np.float64(1.2), 'environment/sampler/smoothing_eps': np.float64(0.05), 'environment/anneal/ent_coef': np.float64(0.01), 'environment/perf': np.float64(0.0), 'environment/score': np.float64(0.0), 'environment/episode_return': np.float64(1.5036316514015198), 'environment/episode_length': np.float64(82.5), 'environment/p0_episode_return': np.float64(1.5036316514015198), 'environment/p1_episode_return': np.float64(-1.5036316514015198), 'environment/p0_winrate': np.float64(0.65), 'environment/p1_winrate': np.float64(0.35), 'environment/p0_start_rate': np.float64(0.575), 'environment/p1_start_rate': np.float64(0.425), 'environment/draw_rate': np.float64(0.0), 'environment/timeout_truncation_rate': np.float64(0.0), 'environment/auto_tick_truncation_rate': np.float64(0.0), 'environment/zero_legal_action_truncation_rate': np.float64(0.0), 'environment/gameover_terminal_rate': np.float64(1.0), 'environment/winner_terminal_rate': np.float64(1.0), 'environment/curriculum_episode_cap': np.float64(0.0), 'environment/reward_shaping_scale': np.float64(1.0), 'environment/completed_episodes': np.float64(1.0), 'environment/p0_noop_selected_rate': np.float64(0.2436508506536484), 'environment/p1_noop_selected_rate': np.float64(0.23064596429467202), 'environment/p0_attack_selected_rate': np.float64(0.19659583494067193), 'environment/p1_attack_selected_rate': np.float64(0.211808492988348), 'environment/p0_attach_weapon_from_hand_selected_rate': np.float64(0.0248732955660671), 'environment/p1_attach_weapon_from_hand_selected_rate': np.float64(0.03376339534297586), 'environment/p0_play_spell_from_hand_selected_rate': np.float64(0.0357287141494453), 'environment/p1_play_spell_from_hand_selected_rate': np.float64(0.025527121685445308), 'environment/p0_activate_garden_or_leader_ability_selected_rate': np.float64(0.030611654417589305), 'environment/p1_activate_garden_or_leader_ability_selected_rate': np.float64(0.03835686892271042), 'environment/p0_activate_alley_ability_selected_rate': np.float64(0.0025320513173937797), 'environment/p1_activate_alley_ability_selected_rate': np.float64(0.0012195121496915817), 'environment/p0_gate_portal_selected_rate': np.float64(0.10330356564372778), 'environment/p1_gate_portal_selected_rate': np.float64(0.08215914806351066), 'environment/p0_play_entity_to_alley_selected_rate': np.float64(0.12288198061287403), 'environment/p1_play_entity_to_alley_selected_rate': np.float64(0.1037346544675529), 'environment/p0_play_entity_to_garden_selected_rate': np.float64(0.07310581086203456), 'environment/p1_play_entity_to_garden_selected_rate': np.float64(0.09514888487756253), 'environment/p0_play_selected_rate': np.float64(0.3598933659493923), 'environment/p1_play_selected_rate': np.float64(0.3403332009911537), 'environment/p0_ability_selected_rate': np.float64(0.0527973280288279), 'environment/p1_ability_selected_rate': np.float64(0.05866786427795887), 'environment/p0_target_selected_rate': np.float64(0.1451395584270358), 'environment/p1_target_selected_rate': np.float64(0.15854447400197386), 'environment/p0_avg_leader_health': np.float64(0.30125000011175873), 'environment/p1_avg_leader_health': np.float64(0.2662499964237213), 'environment/p0_entity_damage_dealt': np.float64(0.0), 'environment/p1_entity_damage_dealt': np.float64(0.0), 'environment/p0_entity_damage_taken': np.float64(0.0), 'environment/p1_entity_damage_taken': np.float64(0.0), 'environment/p0_generated_ikz_created': np.float64(0.0), 'environment/p1_generated_ikz_created': np.float64(0.0), 'environment/p0_generated_ikz_converted': np.float64(0.0), 'environment/p1_generated_ikz_converted': np.float64(0.0), 'environment/p0_generated_ikz_conversion_rate': np.float64(0.0), 'environment/p1_generated_ikz_conversion_rate': np.float64(0.0), 'environment/p0_temporary_charge_realized': np.float64(0.0), 'environment/p1_temporary_charge_realized': np.float64(0.0), 'environment/p0_temporary_attack_damage_realized': np.float64(0.0), 'environment/p1_temporary_attack_damage_realized': np.float64(0.0), 'environment/p0_contextual_response_reserve_opportunities': np.float64(0.0), 'environment/p1_contextual_response_reserve_opportunities': np.float64(0.0), 'environment/n': np.float64(1.2), 'environment/deckbuild/completed': np.float64(1.0), 'environment/azk_step_deckbuild/completed': np.float64(1.0), 'environment/deckbuild/picks': np.float64(51.0), 'environment/azk_step_deckbuild/picks': np.float64(51.0), 'environment/deckbuild/main_count': np.float64(50.0), 'environment/azk_step_deckbuild/main_count': np.float64(50.0), 'environment/deckbuild/main_unique': np.float64(37.0875), 'environment/azk_step_deckbuild/main_unique': np.float64(37.0875), 'environment/deckbuild/main_unique_share': np.float64(0.74175), 'environment/azk_step_deckbuild/main_unique_share': np.float64(0.74175), 'environment/deckbuild/main_avg_copies_per_unique': np.float64(1.3534864043148418), 'environment/azk_step_deckbuild/main_avg_copies_per_unique': np.float64(1.3534864043148418), 'environment/deckbuild/main_max_copy_count': np.float64(3.2875), 'environment/azk_step_deckbuild/main_max_copy_count': np.float64(3.2875), 'environment/deckbuild/main_copy_entropy': np.float64(3.5243332716429556), 'environment/azk_step_deckbuild/main_copy_entropy': np.float64(3.5243332716429556), 'environment/deckbuild/main_copy_entropy_norm': np.float64(0.9758534967283611), 'environment/azk_step_deckbuild/main_copy_entropy_norm': np.float64(0.9758534967283611), 'environment/deckbuild/main_singleton_count': np.float64(26.8), 'environment/azk_step_deckbuild/main_singleton_count': np.float64(26.8), 'environment/deckbuild/main_pair_count': np.float64(7.9875), 'environment/azk_step_deckbuild/main_pair_count': np.float64(7.9875), 'environment/deckbuild/main_triplet_count': np.float64(1.975), 'environment/azk_step_deckbuild/main_triplet_count': np.float64(1.975), 'environment/deckbuild/main_quad_count': np.float64(0.325), 'environment/azk_step_deckbuild/main_quad_count': np.float64(0.325), 'environment/deckbuild/main_singleton_slot_share': np.float64(0.5359999999999999), 'environment/azk_step_deckbuild/main_singleton_slot_share': np.float64(0.5359999999999999), 'environment/deckbuild/main_pair_slot_share': np.float64(0.31950000000000006), 'environment/azk_step_deckbuild/main_pair_slot_share': np.float64(0.31950000000000006), 'environment/deckbuild/main_triplet_slot_share': np.float64(0.11849999999999998), 'environment/azk_step_deckbuild/main_triplet_slot_share': np.float64(0.11849999999999998), 'environment/deckbuild/main_quad_slot_share': np.float64(0.026000000000000002), 'environment/azk_step_deckbuild/main_quad_slot_share': np.float64(0.026000000000000002), 'environment/deckbuild/main_normal_share': np.float64(0.5875), 'environment/azk_step_deckbuild/main_normal_share': np.float64(0.5875), 'environment/deckbuild/main_gate_element_share': np.float64(0.4125), 'environment/azk_step_deckbuild/main_gate_element_share': np.float64(0.4125), 'environment/deckbuild/gate_match': np.float64(0.65), 'environment/azk_step_deckbuild/gate_match': np.float64(0.65), 'environment/deckbuild/gate/EARTH': np.float64(0.0875), 'environment/azk_step_deckbuild/gate/EARTH': np.float64(0.0875), 'environment/deckbuild/opponent_gate/EARTH': np.float64(0.0875), 'environment/azk_step_deckbuild/opponent_gate/EARTH': np.float64(0.0875), 'environment/deckbuild/leader/EARTH': np.float64(0.0875), 'environment/azk_step_deckbuild/leader/EARTH': np.float64(0.0875), 'environment/deckbuild/gate/FIRE': np.float64(0.4625), 'environment/azk_step_deckbuild/gate/FIRE': np.float64(0.4625), 'environment/deckbuild/opponent_gate/FIRE': np.float64(0.4625), 'environment/azk_step_deckbuild/opponent_gate/FIRE': np.float64(0.4625), 'environment/deckbuild/leader/FIRE': np.float64(0.4625), 'environment/azk_step_deckbuild/leader/FIRE': np.float64(0.4625), 'environment/deckbuild/gate/LIGHTNING': np.float64(0.3625), 'environment/azk_step_deckbuild/gate/LIGHTNING': np.float64(0.3625), 'environment/deckbuild/opponent_gate/LIGHTNING': np.float64(0.3625), 'environment/azk_step_deckbuild/opponent_gate/LIGHTNING': np.float64(0.3625), 'environment/deckbuild/leader/LIGHTNING': np.float64(0.3625), 'environment/azk_step_deckbuild/leader/LIGHTNING': np.float64(0.3625), 'environment/deckbuild/gate/WATER': np.float64(0.0875), 'environment/azk_step_deckbuild/gate/WATER': np.float64(0.0875), 'environment/deckbuild/opponent_gate/WATER': np.float64(0.0875), 'environment/azk_step_deckbuild/opponent_gate/WATER': np.float64(0.0875), 'environment/deckbuild/leader/WATER': np.float64(0.0875), 'environment/azk_step_deckbuild/leader/WATER': np.float64(0.0875), 'environment/deckbuild/main_type_count/ENTITY': np.float64(36.0375), 'environment/azk_step_deckbuild/main_type_count/ENTITY': np.float64(36.0375), 'environment/deckbuild/main_type_share/ENTITY': np.float64(0.72075), 'environment/azk_step_deckbuild/main_type_share/ENTITY': np.float64(0.72075), 'environment/deckbuild/main_type_count/SPELL': np.float64(9.7), 'environment/azk_step_deckbuild/main_type_count/SPELL': np.float64(9.7), 'environment/deckbuild/main_type_share/SPELL': np.float64(0.19400000000000003), 'environment/azk_step_deckbuild/main_type_share/SPELL': np.float64(0.19400000000000003), 'environment/deckbuild/main_type_count/WEAPON': np.float64(4.2625), 'environment/azk_step_deckbuild/main_type_count/WEAPON': np.float64(4.2625), 'environment/deckbuild/main_type_share/WEAPON': np.float64(0.08525), 'environment/azk_step_deckbuild/main_type_share/WEAPON': np.float64(0.08525), 'environment/deckbuild/main_element_count/EARTH': np.float64(2.1125), 'environment/azk_step_deckbuild/main_element_count/EARTH': np.float64(2.1125), 'environment/deckbuild/main_element_share/EARTH': np.float64(0.042249999999999996), 'environment/azk_step_deckbuild/main_element_share/EARTH': np.float64(0.042249999999999996), 'environment/deckbuild/main_element_count/FIRE': np.float64(9.675), 'environment/azk_step_deckbuild/main_element_count/FIRE': np.float64(9.675), 'environment/deckbuild/main_element_share/FIRE': np.float64(0.1935), 'environment/azk_step_deckbuild/main_element_share/FIRE': np.float64(0.1935), 'environment/deckbuild/main_element_count/LIGHTNING': np.float64(7.025), 'environment/azk_step_deckbuild/main_element_count/LIGHTNING': np.float64(7.025), 'environment/deckbuild/main_element_share/LIGHTNING': np.float64(0.1405), 'environment/azk_step_deckbuild/main_element_share/LIGHTNING': np.float64(0.1405), 'environment/deckbuild/main_element_count/NORMAL': np.float64(29.375), 'environment/azk_step_deckbuild/main_element_count/NORMAL': np.float64(29.375), 'environment/deckbuild/main_element_share/NORMAL': np.float64(0.5875), 'environment/azk_step_deckbuild/main_element_share/NORMAL': np.float64(0.5875), 'environment/deckbuild/main_element_count/WATER': np.float64(1.8125), 'environment/azk_step_deckbuild/main_element_count/WATER': np.float64(1.8125), 'environment/deckbuild/main_element_share/WATER': np.float64(0.03625), 'environment/azk_step_deckbuild/main_element_share/WATER': np.float64(0.03625), 'environment/deckbuild/main_avg_cost': np.float64(2.8452499999999996), 'environment/azk_step_deckbuild/main_avg_cost': np.float64(2.8452499999999996), 'environment/deckbuild/main_cost_share/0_1': np.float64(0.25575000000000003), 'environment/azk_step_deckbuild/main_cost_share/0_1': np.float64(0.25575000000000003), 'environment/deckbuild/main_cost_share/2_3': np.float64(0.4245), 'environment/azk_step_deckbuild/main_cost_share/2_3': np.float64(0.4245), 'environment/deckbuild/main_cost_share/4_5': np.float64(0.26225), 'environment/azk_step_deckbuild/main_cost_share/4_5': np.float64(0.26225), 'environment/deckbuild/main_cost_share/6_plus': np.float64(0.05750000000000001), 'environment/azk_step_deckbuild/main_cost_share/6_plus': np.float64(0.05750000000000001), 'environment/deckbuild/leader_card/AZK01-119': np.float64(1.0), 'environment/azk_step_deckbuild/leader_card/AZK01-119': np.float64(1.0), 'environment/deckbuild_gatecard/STT01-002/game': np.float64(1.0), 'environment/azk_step_deckbuild_gatecard/STT01-002/game': np.float64(1.0), 'environment/deckbuild_gatecard/STT01-002/avg_cost': np.float64(2.706666666666667), 'environment/azk_step_deckbuild_gatecard/STT01-002/avg_cost': np.float64(2.706666666666667), 'environment/deckbuild_gatecard/STT01-002/main_unique': np.float64(37.0), 'environment/azk_step_deckbuild_gatecard/STT01-002/main_unique': np.float64(37.0), 'environment/deckbuild_gatecard/STT01-002/copy_entropy_norm': np.float64(0.9755635235251786), 'environment/azk_step_deckbuild_gatecard/STT01-002/copy_entropy_norm': np.float64(0.9755635235251786), 'environment/deckbuild_gatecard/STT01-002/gate_element_share': np.float64(0.42333333333333334), 'environment/azk_step_deckbuild_gatecard/STT01-002/gate_element_share': np.float64(0.42333333333333334), 'environment/deckbuild_gatecard/STT01-002/type_share/ENTITY': np.float64(0.6699999999999999), 'environment/azk_step_deckbuild_gatecard/STT01-002/type_share/ENTITY': np.float64(0.6699999999999999), 'environment/deckbuild_gatecard/STT01-002/type_share/SPELL': np.float64(0.18500000000000003), 'environment/azk_step_deckbuild_gatecard/STT01-002/type_share/SPELL': np.float64(0.18500000000000003), 'environment/deckbuild_gatecard/STT01-002/type_share/WEAPON': np.float64(0.145), 'environment/azk_step_deckbuild_gatecard/STT01-002/type_share/WEAPON': np.float64(0.145), 'environment/deckbuild_gatecard/STT01-002/cost_share/0_1': np.float64(0.27166666666666667), 'environment/azk_step_deckbuild_gatecard/STT01-002/cost_share/0_1': np.float64(0.27166666666666667), 'environment/deckbuild_gatecard/STT01-002/cost_share/2_3': np.float64(0.45333333333333337), 'environment/azk_step_deckbuild_gatecard/STT01-002/cost_share/2_3': np.float64(0.45333333333333337), 'environment/deckbuild_gatecard/STT01-002/cost_share/4_5': np.float64(0.2283333333333333), 'environment/azk_step_deckbuild_gatecard/STT01-002/cost_share/4_5': np.float64(0.2283333333333333), 'environment/deckbuild_gatecard/STT01-002/cost_share/6_plus': np.float64(0.04666666666666667), 'environment/azk_step_deckbuild_gatecard/STT01-002/cost_share/6_plus': np.float64(0.04666666666666667), 'environment/deckbuild_gatecard/STT01-002/leader/AZK01-119': np.float64(1.0), 'environment/azk_step_deckbuild_gatecard/STT01-002/leader/AZK01-119': np.float64(1.0), 'environment/deckbuild_result/game': np.float64(1.0), 'environment/deckbuild_result/win': np.float64(0.5), 'environment/deckbuild_result/gate_match': np.float64(0.65), 'environment/deckbuild_result/gate_match_win_joint': np.float64(0.325), 'environment/deckbuild_result/gate_mismatch': np.float64(0.35), 'environment/deckbuild_result/gate_mismatch_win_joint': np.float64(0.175), 'environment/deckbuild_result/gate/LIGHTNING/game': np.float64(1.0), 'environment/deckbuild_result/gate/LIGHTNING/win': np.float64(0.5166666666666666), 'environment/deckbuild_result/gate_pair/LIGHTNING_vs_LIGHTNING/game': np.float64(1.0), 'environment/deckbuild_result/gate_pair/LIGHTNING_vs_LIGHTNING/win': np.float64(0.5), 'environment/deckbuild_result/gate_pair_unordered/LIGHTNING_vs_LIGHTNING/game': np.float64(1.0), 'environment/deckbuild_result/gate_pair_unordered/LIGHTNING_vs_LIGHTNING/win': np.float64(0.5), 'environment/deckbuild_result/gate_match/game': np.float64(1.0), 'environment/deckbuild_result/gate_match/win': np.float64(0.5), 'environment/deckbuild_result/gate_freq/EARTH': np.float64(0.0875), 'environment/deckbuild_result/gate_win_joint/EARTH': np.float64(0.05), 'environment/deckbuild_result/gate_freq/FIRE': np.float64(0.4625), 'environment/deckbuild_result/gate_win_joint/FIRE': np.float64(0.2375), 'environment/deckbuild_result/gate_freq/LIGHTNING': np.float64(0.3625), 'environment/deckbuild_result/gate_win_joint/LIGHTNING': np.float64(0.1875), 'environment/deckbuild_result/gate_freq/WATER': np.float64(0.0875), 'environment/deckbuild_result/gate_win_joint/WATER': np.float64(0.025), 'environment/deckbuild_result/gate_pair_freq/EARTH_vs_EARTH': np.float64(0.05), 'environment/deckbuild_result/gate_pair_win_joint/EARTH_vs_EARTH': np.float64(0.025), 'environment/deckbuild_result/gate_pair_freq/EARTH_vs_FIRE': np.float64(0.025), 'environment/deckbuild_result/gate_pair_win_joint/EARTH_vs_FIRE': np.float64(0.025), 'environment/deckbuild_result/gate_pair_freq/EARTH_vs_LIGHTNING': np.float64(0.0125), 'environment/deckbuild_result/gate_pair_win_joint/EARTH_vs_LIGHTNING': np.float64(0.0), 'environment/deckbuild_result/gate_pair_freq/EARTH_vs_WATER': np.float64(0.0), 'environment/deckbuild_result/gate_pair_win_joint/EARTH_vs_WATER': np.float64(0.0), 'environment/deckbuild_result/gate_pair_freq/FIRE_vs_EARTH': np.float64(0.025), 'environment/deckbuild_result/gate_pair_win_joint/FIRE_vs_EARTH': np.float64(0.0), 'environment/deckbuild_result/gate_pair_freq/FIRE_vs_FIRE': np.float64(0.325), 'environment/deckbuild_result/gate_pair_win_joint/FIRE_vs_FIRE': np.float64(0.1625), 'environment/deckbuild_result/gate_pair_freq/FIRE_vs_LIGHTNING': np.float64(0.05), 'environment/deckbuild_result/gate_pair_win_joint/FIRE_vs_LIGHTNING': np.float64(0.0125), 'environment/deckbuild_result/gate_pair_freq/FIRE_vs_WATER': np.float64(0.0625), 'environment/deckbuild_result/gate_pair_win_joint/FIRE_vs_WATER': np.float64(0.0625), 'environment/deckbuild_result/gate_pair_freq/LIGHTNING_vs_EARTH': np.float64(0.0125), 'environment/deckbuild_result/gate_pair_win_joint/LIGHTNING_vs_EARTH': np.float64(0.0125), 'environment/deckbuild_result/gate_pair_freq/LIGHTNING_vs_FIRE': np.float64(0.05), 'environment/deckbuild_result/gate_pair_win_joint/LIGHTNING_vs_FIRE': np.float64(0.0375), 'environment/deckbuild_result/gate_pair_freq/LIGHTNING_vs_LIGHTNING': np.float64(0.275), 'environment/deckbuild_result/gate_pair_win_joint/LIGHTNING_vs_LIGHTNING': np.float64(0.1375), 'environment/deckbuild_result/gate_pair_freq/LIGHTNING_vs_WATER': np.float64(0.025), 'environment/deckbuild_result/gate_pair_win_joint/LIGHTNING_vs_WATER': np.float64(0.0), 'environment/deckbuild_result/gate_pair_freq/WATER_vs_EARTH': np.float64(0.0), 'environment/deckbuild_result/gate_pair_win_joint/WATER_vs_EARTH': np.float64(0.0), 'environment/deckbuild_result/gate_pair_freq/WATER_vs_FIRE': np.float64(0.0625), 'environment/deckbuild_result/gate_pair_win_joint/WATER_vs_FIRE': np.float64(0.0), 'environment/deckbuild_result/gate_pair_freq/WATER_vs_LIGHTNING': np.float64(0.025), 'environment/deckbuild_result/gate_pair_win_joint/WATER_vs_LIGHTNING': np.float64(0.025), 'environment/deckbuild_result/gate_pair_freq/WATER_vs_WATER': np.float64(0.0), 'environment/deckbuild_result/gate_pair_win_joint/WATER_vs_WATER': np.float64(0.0), 'environment/deckbuild_result/gate_pair_unordered_freq/EARTH_vs_EARTH': np.float64(0.05), 'environment/deckbuild_result/gate_pair_unordered_win_joint/EARTH_vs_EARTH': np.float64(0.025), 'environment/deckbuild_result/gate_pair_unordered_freq/EARTH_vs_FIRE': np.float64(0.05), 'environment/deckbuild_result/gate_pair_unordered_win_joint/EARTH_vs_FIRE': np.float64(0.025), 'environment/deckbuild_result/gate_pair_unordered_freq/EARTH_vs_LIGHTNING': np.float64(0.025), 'environment/deckbuild_result/gate_pair_unordered_win_joint/EARTH_vs_LIGHTNING': np.float64(0.0125), 'environment/deckbuild_result/gate_pair_unordered_freq/EARTH_vs_WATER': np.float64(0.0), 'environment/deckbuild_result/gate_pair_unordered_win_joint/EARTH_vs_WATER': np.float64(0.0), 'environment/deckbuild_result/gate_pair_unordered_freq/FIRE_vs_FIRE': np.float64(0.325), 'environment/deckbuild_result/gate_pair_unordered_win_joint/FIRE_vs_FIRE': np.float64(0.1625), 'environment/deckbuild_result/gate_pair_unordered_freq/FIRE_vs_LIGHTNING': np.float64(0.1), 'environment/deckbuild_result/gate_pair_unordered_win_joint/FIRE_vs_LIGHTNING': np.float64(0.05), 'environment/deckbuild_result/gate_pair_unordered_freq/FIRE_vs_WATER': np.float64(0.125), 'environment/deckbuild_result/gate_pair_unordered_win_joint/FIRE_vs_WATER': np.float64(0.0625), 'environment/deckbuild_result/gate_pair_unordered_freq/LIGHTNING_vs_LIGHTNING': np.float64(0.275), 'environment/deckbuild_result/gate_pair_unordered_win_joint/LIGHTNING_vs_LIGHTNING': np.float64(0.1375), 'environment/deckbuild_result/gate_pair_unordered_freq/LIGHTNING_vs_WATER': np.float64(0.05), 'environment/deckbuild_result/gate_pair_unordered_win_joint/LIGHTNING_vs_WATER': np.float64(0.025), 'environment/deckbuild_result/gate_pair_unordered_freq/WATER_vs_WATER': np.float64(0.0), 'environment/deckbuild_result/gate_pair_unordered_win_joint/WATER_vs_WATER': np.float64(0.0), 'environment/deckbuild_result/gatecard/STT01-002/game': np.float64(1.0), 'environment/deckbuild_result/gatecard/STT01-002/win': np.float64(0.8333333333333334), 'environment/deckbuild_result/gatecard/STT01-002/attack_rate': np.float64(0.2733341318865617), 'environment/deckbuild_result/gatecard/STT01-002/spell_rate': np.float64(0.01944082152719299), 'environment/deckbuild_result/gatecard/STT01-002/weapon_rate': np.float64(0.030681193185349304), 'environment/deckbuild_result/gatecard/STT01-002/portal_rate': np.float64(0.09480204991996288), 'environment/deckbuild_result/gatecard/STT01-002/play_entity_rate': np.float64(0.3367358321944873), 'environment/deckbuild_result/gatecard/STT01-002/noop_rate': np.float64(0.2096513199309508), 'environment/deckbuild_result/gatecard/STT01-002/episode_length': np.float64(82.33333333333333), 'environment/deckbuild_result/gatecard/STT01-002/leader_health': np.float64(0.5541666578501463), 'environment/deckbuild_result/gatecard/STT01-002/ability_rate': np.float64(0.0), 'environment/deckbuild/leader_card/STT01-001': np.float64(1.0), 'environment/azk_step_deckbuild/leader_card/STT01-001': np.float64(1.0), 'environment/deckbuild_gatecard/AZK01-120/game': np.float64(1.0), 'environment/azk_step_deckbuild_gatecard/AZK01-120/game': np.float64(1.0), 'environment/deckbuild_gatecard/AZK01-120/avg_cost': np.float64(2.77625), 'environment/azk_step_deckbuild_gatecard/AZK01-120/avg_cost': np.float64(2.77625), 'environment/deckbuild_gatecard/AZK01-120/main_unique': np.float64(36.0625), 'environment/azk_step_deckbuild_gatecard/AZK01-120/main_unique': np.float64(36.0625), 'environment/deckbuild_gatecard/AZK01-120/copy_entropy_norm': np.float64(0.9753856779063943), 'environment/azk_step_deckbuild_gatecard/AZK01-120/copy_entropy_norm': np.float64(0.9753856779063943), 'environment/deckbuild_gatecard/AZK01-120/gate_element_share': np.float64(0.37875), 'environment/azk_step_deckbuild_gatecard/AZK01-120/gate_element_share': np.float64(0.37875), 'environment/deckbuild_gatecard/AZK01-120/type_share/ENTITY': np.float64(0.66875), 'environment/azk_step_deckbuild_gatecard/AZK01-120/type_share/ENTITY': np.float64(0.66875), 'environment/deckbuild_gatecard/AZK01-120/type_share/SPELL': np.float64(0.175), 'environment/azk_step_deckbuild_gatecard/AZK01-120/type_share/SPELL': np.float64(0.175), 'environment/deckbuild_gatecard/AZK01-120/type_share/WEAPON': np.float64(0.15625), 'environment/azk_step_deckbuild_gatecard/AZK01-120/type_share/WEAPON': np.float64(0.15625), 'environment/deckbuild_gatecard/AZK01-120/cost_share/0_1': np.float64(0.26), 'environment/azk_step_deckbuild_gatecard/AZK01-120/cost_share/0_1': np.float64(0.26), 'environment/deckbuild_gatecard/AZK01-120/cost_share/2_3': np.float64(0.4225), 'environment/azk_step_deckbuild_gatecard/AZK01-120/cost_share/2_3': np.float64(0.4225), 'environment/deckbuild_gatecard/AZK01-120/cost_share/4_5': np.float64(0.27749999999999997), 'environment/azk_step_deckbuild_gatecard/AZK01-120/cost_share/4_5': np.float64(0.27749999999999997), 'environment/deckbuild_gatecard/AZK01-120/cost_share/6_plus': np.float64(0.039999999999999994), 'environment/azk_step_deckbuild_gatecard/AZK01-120/cost_share/6_plus': np.float64(0.039999999999999994), 'environment/deckbuild_gatecard/AZK01-120/leader/STT01-001': np.float64(1.0), 'environment/azk_step_deckbuild_gatecard/AZK01-120/leader/STT01-001': np.float64(1.0), 'environment/deckbuild_result/gatecard/AZK01-120/game': np.float64(1.0), 'environment/deckbuild_result/gatecard/AZK01-120/win': np.float64(0.25), 'environment/deckbuild_result/gatecard/AZK01-120/attack_rate': np.float64(0.18042931519448757), 'environment/deckbuild_result/gatecard/AZK01-120/spell_rate': np.float64(0.02830818307120353), 'environment/deckbuild_result/gatecard/AZK01-120/weapon_rate': np.float64(0.06358690292108804), 'environment/deckbuild_result/gatecard/AZK01-120/portal_rate': np.float64(0.08798962691798806), 'environment/deckbuild_result/gatecard/AZK01-120/play_entity_rate': np.float64(0.36313329823315144), 'environment/deckbuild_result/gatecard/AZK01-120/noop_rate': np.float64(0.28023909498006105), 'environment/deckbuild_result/gatecard/AZK01-120/episode_length': np.float64(82.25), 'environment/deckbuild_result/gatecard/AZK01-120/leader_health': np.float64(0.15312499925494194), 'environment/deckbuild_result/gatecard/AZK01-120/ability_rate': np.float64(0.009819613886065781), 'environment/ref_seat_rate': np.float64(0.0), 'environment/deckbuild/leader_card/AZK01-121': np.float64(1.0), 'environment/azk_step_deckbuild/leader_card/AZK01-121': np.float64(1.0), 'environment/deckbuild_gatecard/AZK01-122/game': np.float64(1.0), 'environment/azk_step_deckbuild_gatecard/AZK01-122/game': np.float64(1.0), 'environment/deckbuild_gatecard/AZK01-122/avg_cost': np.float64(2.915), 'environment/azk_step_deckbuild_gatecard/AZK01-122/avg_cost': np.float64(2.915), 'environment/deckbuild_gatecard/AZK01-122/main_unique': np.float64(37.875), 'environment/azk_step_deckbuild_gatecard/AZK01-122/main_unique': np.float64(37.875), 'environment/deckbuild_gatecard/AZK01-122/copy_entropy_norm': np.float64(0.9761895289807843), 'environment/azk_step_deckbuild_gatecard/AZK01-122/copy_entropy_norm': np.float64(0.9761895289807843), 'environment/deckbuild_gatecard/AZK01-122/gate_element_share': np.float64(0.4275), 'environment/azk_step_deckbuild_gatecard/AZK01-122/gate_element_share': np.float64(0.4275), 'environment/deckbuild_gatecard/AZK01-122/type_share/ENTITY': np.float64(0.7575000000000001), 'environment/azk_step_deckbuild_gatecard/AZK01-122/type_share/ENTITY': np.float64(0.7575000000000001), 'environment/deckbuild_gatecard/AZK01-122/type_share/SPELL': np.float64(0.16999999999999998), 'environment/azk_step_deckbuild_gatecard/AZK01-122/type_share/SPELL': np.float64(0.16999999999999998), 'environment/deckbuild_gatecard/AZK01-122/type_share/WEAPON': np.float64(0.07250000000000001), 'environment/azk_step_deckbuild_gatecard/AZK01-122/type_share/WEAPON': np.float64(0.07250000000000001), 'environment/deckbuild_gatecard/AZK01-122/cost_share/0_1': np.float64(0.245), 'environment/azk_step_deckbuild_gatecard/AZK01-122/cost_share/0_1': np.float64(0.245), 'environment/deckbuild_gatecard/AZK01-122/cost_share/2_3': np.float64(0.4425), 'environment/azk_step_deckbuild_gatecard/AZK01-122/cost_share/2_3': np.float64(0.4425), 'environment/deckbuild_gatecard/AZK01-122/cost_share/4_5': np.float64(0.245), 'environment/azk_step_deckbuild_gatecard/AZK01-122/cost_share/4_5': np.float64(0.245), 'environment/deckbuild_gatecard/AZK01-122/cost_share/6_plus': np.float64(0.0675), 'environment/azk_step_deckbuild_gatecard/AZK01-122/cost_share/6_plus': np.float64(0.0675), 'environment/deckbuild_gatecard/AZK01-122/leader/AZK01-121': np.float64(1.0), 'environment/azk_step_deckbuild_gatecard/AZK01-122/leader/AZK01-121': np.float64(1.0), 'environment/deckbuild_result/gate/FIRE/game': np.float64(1.0), 'environment/deckbuild_result/gate/FIRE/win': np.float64(0.5138888888888888), 'environment/deckbuild_result/gate_pair/FIRE_vs_FIRE/game': np.float64(1.0), 'environment/deckbuild_result/gate_pair/FIRE_vs_FIRE/win': np.float64(0.5), 'environment/deckbuild_result/gate_pair_unordered/FIRE_vs_FIRE/game': np.float64(1.0), 'environment/deckbuild_result/gate_pair_unordered/FIRE_vs_FIRE/win': np.float64(0.5), 'environment/deckbuild_result/gatecard/AZK01-122/game': np.float64(1.0), 'environment/deckbuild_result/gatecard/AZK01-122/win': np.float64(0.75), 'environment/deckbuild_result/gatecard/AZK01-122/attack_rate': np.float64(0.20398611668497324), 'environment/deckbuild_result/gatecard/AZK01-122/spell_rate': np.float64(0.015416467795148492), 'environment/deckbuild_result/gatecard/AZK01-122/weapon_rate': np.float64(0.015416467795148492), 'environment/deckbuild_result/gatecard/AZK01-122/portal_rate': np.float64(0.10673144133761525), 'environment/deckbuild_result/gatecard/AZK01-122/play_entity_rate': np.float64(0.3365786653012037), 'environment/deckbuild_result/gatecard/AZK01-122/noop_rate': np.float64(0.21441609039902687), 'environment/deckbuild_result/gatecard/AZK01-122/episode_length': np.float64(81.5), 'environment/deckbuild_result/gatecard/AZK01-122/leader_health': np.float64(0.31874999962747097), 'environment/deckbuild_result/gatecard/AZK01-122/ability_rate': np.float64(0.0700446565169841), 'environment/deckbuild_gatecard/STT04-002/game': np.float64(1.0), 'environment/azk_step_deckbuild_gatecard/STT04-002/game': np.float64(1.0), 'environment/deckbuild_gatecard/STT04-002/avg_cost': np.float64(2.8063636363636366), 'environment/azk_step_deckbuild_gatecard/STT04-002/avg_cost': np.float64(2.8063636363636366), 'environment/deckbuild_gatecard/STT04-002/main_unique': np.float64(36.72727272727273), 'environment/azk_step_deckbuild_gatecard/STT04-002/main_unique': np.float64(36.72727272727273), 'environment/deckbuild_gatecard/STT04-002/copy_entropy_norm': np.float64(0.9748956056045323), 'environment/azk_step_deckbuild_gatecard/STT04-002/copy_entropy_norm': np.float64(0.9748956056045323), 'environment/deckbuild_gatecard/STT04-002/gate_element_share': np.float64(0.41), 'environment/azk_step_deckbuild_gatecard/STT04-002/gate_element_share': np.float64(0.41), 'environment/deckbuild_gatecard/STT04-002/type_share/ENTITY': np.float64(0.7409090909090907), 'environment/azk_step_deckbuild_gatecard/STT04-002/type_share/ENTITY': np.float64(0.7409090909090907), 'environment/deckbuild_gatecard/STT04-002/type_share/SPELL': np.float64(0.20272727272727276), 'environment/azk_step_deckbuild_gatecard/STT04-002/type_share/SPELL': np.float64(0.20272727272727276), 'environment/deckbuild_gatecard/STT04-002/type_share/WEAPON': np.float64(0.056363636363636366), 'environment/azk_step_deckbuild_gatecard/STT04-002/type_share/WEAPON': np.float64(0.056363636363636366), 'environment/deckbuild_gatecard/STT04-002/cost_share/0_1': np.float64(0.2590909090909091), 'environment/azk_step_deckbuild_gatecard/STT04-002/cost_share/0_1': np.float64(0.2590909090909091), 'environment/deckbuild_gatecard/STT04-002/cost_share/2_3': np.float64(0.42818181818181816), 'environment/azk_step_deckbuild_gatecard/STT04-002/cost_share/2_3': np.float64(0.42818181818181816), 'environment/deckbuild_gatecard/STT04-002/cost_share/4_5': np.float64(0.26272727272727275), 'environment/azk_step_deckbuild_gatecard/STT04-002/cost_share/4_5': np.float64(0.26272727272727275), 'environment/deckbuild_gatecard/STT04-002/cost_share/6_plus': np.float64(0.05), 'environment/azk_step_deckbuild_gatecard/STT04-002/cost_share/6_plus': np.float64(0.05), 'environment/deckbuild_gatecard/STT04-002/leader/AZK01-121': np.float64(1.0), 'environment/azk_step_deckbuild_gatecard/STT04-002/leader/AZK01-121': np.float64(1.0), 'environment/deckbuild_result/gatecard/STT04-002/game': np.float64(1.0), 'environment/deckbuild_result/gatecard/STT04-002/win': np.float64(0.4090909090909091), 'environment/deckbuild_result/gatecard/STT04-002/attack_rate': np.float64(0.17476637771522457), 'environment/deckbuild_result/gatecard/STT04-002/spell_rate': np.float64(0.03817422484809702), 'environment/deckbuild_result/gatecard/STT04-002/weapon_rate': np.float64(0.025927406227724117), 'environment/deckbuild_result/gatecard/STT04-002/portal_rate': np.float64(0.0832936040718447), 'environment/deckbuild_result/gatecard/STT04-002/play_entity_rate': np.float64(0.343445512381467), 'environment/deckbuild_result/gatecard/STT04-002/noop_rate': np.float64(0.22816072472117163), 'environment/deckbuild_result/gatecard/STT04-002/episode_length': np.float64(81.27272727272727), 'environment/deckbuild_result/gatecard/STT04-002/leader_health': np.float64(0.22727272659540176), 'environment/deckbuild_result/gatecard/STT04-002/ability_rate': np.float64(0.05533755384385586), 'environment/deckbuild/leader_card/STT04-001': np.float64(1.0), 'environment/azk_step_deckbuild/leader_card/STT04-001': np.float64(1.0), 'environment/deckbuild_gatecard/AZK01-122/leader/STT04-001': np.float64(1.0), 'environment/azk_step_deckbuild_gatecard/AZK01-122/leader/STT04-001': np.float64(1.0), 'environment/deckbuild_gatecard/STT04-002/leader/STT04-001': np.float64(1.0), 'environment/azk_step_deckbuild_gatecard/STT04-002/leader/STT04-001': np.float64(1.0), 'environment/deckbuild_result/gate_pair/LIGHTNING_vs_FIRE/game': np.float64(1.0), 'environment/deckbuild_result/gate_pair/LIGHTNING_vs_FIRE/win': np.float64(0.6666666666666666), 'environment/deckbuild_result/gate_pair_unordered/FIRE_vs_LIGHTNING/game': np.float64(1.0), 'environment/deckbuild_result/gate_pair_unordered/FIRE_vs_LIGHTNING/win': np.float64(0.5), 'environment/deckbuild_result/gate_mismatch/game': np.float64(1.0), 'environment/deckbuild_result/gate_mismatch/win': np.float64(0.5), 'environment/deckbuild_result/gate_pair/FIRE_vs_LIGHTNING/game': np.float64(1.0), 'environment/deckbuild_result/gate_pair/FIRE_vs_LIGHTNING/win': np.float64(0.3333333333333333), 'environment/deckbuild_gatecard/AZK01-120/leader/AZK01-119': np.float64(1.0), 'environment/azk_step_deckbuild_gatecard/AZK01-120/leader/AZK01-119': np.float64(1.0), 'environment/deckbuild_gatecard/STT01-002/leader/STT01-001': np.float64(1.0), 'environment/azk_step_deckbuild_gatecard/STT01-002/leader/STT01-001': np.float64(1.0), 'environment/deckbuild_result/gate_pair/LIGHTNING_vs_EARTH/game': np.float64(1.0), 'environment/deckbuild_result/gate_pair/LIGHTNING_vs_EARTH/win': np.float64(1.0), 'environment/deckbuild_result/gate_pair_unordered/EARTH_vs_LIGHTNING/game': np.float64(1.0), 'environment/deckbuild_result/gate_pair_unordered/EARTH_vs_LIGHTNING/win': np.float64(0.5), 'environment/deckbuild/leader_card/STT03-001': np.float64(1.0), 'environment/azk_step_deckbuild/leader_card/STT03-001': np.float64(1.0), 'environment/deckbuild_gatecard/AZK01-124/game': np.float64(1.0), 'environment/azk_step_deckbuild_gatecard/AZK01-124/game': np.float64(1.0), 'environment/deckbuild_gatecard/AZK01-124/avg_cost': np.float64(3.085), 'environment/azk_step_deckbuild_gatecard/AZK01-124/avg_cost': np.float64(3.085), 'environment/deckbuild_gatecard/AZK01-124/main_unique': np.float64(38.25), 'environment/azk_step_deckbuild_gatecard/AZK01-124/main_unique': np.float64(38.25), 'environment/deckbuild_gatecard/AZK01-124/copy_entropy_norm': np.float64(0.9779618862970303), 'environment/azk_step_deckbuild_gatecard/AZK01-124/copy_entropy_norm': np.float64(0.9779618862970303), 'environment/deckbuild_gatecard/AZK01-124/gate_element_share': np.float64(0.45499999999999996), 'environment/azk_step_deckbuild_gatecard/AZK01-124/gate_element_share': np.float64(0.45499999999999996), 'environment/deckbuild_gatecard/AZK01-124/type_share/ENTITY': np.float64(0.745), 'environment/azk_step_deckbuild_gatecard/AZK01-124/type_share/ENTITY': np.float64(0.745), 'environment/deckbuild_gatecard/AZK01-124/type_share/SPELL': np.float64(0.23), 'environment/azk_step_deckbuild_gatecard/AZK01-124/type_share/SPELL': np.float64(0.23), 'environment/deckbuild_gatecard/AZK01-124/type_share/WEAPON': np.float64(0.025), 'environment/azk_step_deckbuild_gatecard/AZK01-124/type_share/WEAPON': np.float64(0.025), 'environment/deckbuild_gatecard/AZK01-124/cost_share/0_1': np.float64(0.26), 'environment/azk_step_deckbuild_gatecard/AZK01-124/cost_share/0_1': np.float64(0.26), 'environment/deckbuild_gatecard/AZK01-124/cost_share/2_3': np.float64(0.30500000000000005), 'environment/azk_step_deckbuild_gatecard/AZK01-124/cost_share/2_3': np.float64(0.30500000000000005), 'environment/deckbuild_gatecard/AZK01-124/cost_share/4_5': np.float64(0.355), 'environment/azk_step_deckbuild_gatecard/AZK01-124/cost_share/4_5': np.float64(0.355), 'environment/deckbuild_gatecard/AZK01-124/cost_share/6_plus': np.float64(0.08), 'environment/azk_step_deckbuild_gatecard/AZK01-124/cost_share/6_plus': np.float64(0.08), 'environment/deckbuild_gatecard/AZK01-124/leader/STT03-001': np.float64(1.0), 'environment/azk_step_deckbuild_gatecard/AZK01-124/leader/STT03-001': np.float64(1.0), 'environment/deckbuild_result/gate/EARTH/game': np.float64(1.0), 'environment/deckbuild_result/gate/EARTH/win': np.float64(0.5), 'environment/deckbuild_result/gate_pair/EARTH_vs_LIGHTNING/game': np.float64(1.0), 'environment/deckbuild_result/gate_pair/EARTH_vs_LIGHTNING/win': np.float64(0.0), 'environment/deckbuild_result/gatecard/AZK01-124/game': np.float64(1.0), 'environment/deckbuild_result/gatecard/AZK01-124/win': np.float64(0.25), 'environment/deckbuild_result/gatecard/AZK01-124/attack_rate': np.float64(0.15204476565122604), 'environment/deckbuild_result/gatecard/AZK01-124/spell_rate': np.float64(0.04959933739155531), 'environment/deckbuild_result/gatecard/AZK01-124/weapon_rate': np.float64(0.0), 'environment/deckbuild_result/gatecard/AZK01-124/portal_rate': np.float64(0.09378741960972548), 'environment/deckbuild_result/gatecard/AZK01-124/play_entity_rate': np.float64(0.3404255360364914), 'environment/deckbuild_result/gatecard/AZK01-124/noop_rate': np.float64(0.2398798055946827), 'environment/deckbuild_result/gatecard/AZK01-124/episode_length': np.float64(83.5), 'environment/deckbuild_result/gatecard/AZK01-124/leader_health': np.float64(0.22499999403953552), 'environment/deckbuild_result/gatecard/AZK01-124/ability_rate': np.float64(0.04689370980486274), 'environment/deckbuild_gatecard/STT03-002/game': np.float64(1.0), 'environment/azk_step_deckbuild_gatecard/STT03-002/game': np.float64(1.0), 'environment/deckbuild_gatecard/STT03-002/avg_cost': np.float64(3.28), 'environment/azk_step_deckbuild_gatecard/STT03-002/avg_cost': np.float64(3.28), 'environment/deckbuild_gatecard/STT03-002/main_unique': np.float64(42.0), 'environment/azk_step_deckbuild_gatecard/STT03-002/main_unique': np.float64(42.0), 'environment/deckbuild_gatecard/STT03-002/copy_entropy_norm': np.float64(0.9845040681962959), 'environment/azk_step_deckbuild_gatecard/STT03-002/copy_entropy_norm': np.float64(0.9845040681962959), 'environment/deckbuild_gatecard/STT03-002/gate_element_share': np.float64(0.5), 'environment/azk_step_deckbuild_gatecard/STT03-002/gate_element_share': np.float64(0.5), 'environment/deckbuild_gatecard/STT03-002/type_share/ENTITY': np.float64(0.78), 'environment/azk_step_deckbuild_gatecard/STT03-002/type_share/ENTITY': np.float64(0.78), 'environment/deckbuild_gatecard/STT03-002/type_share/SPELL': np.float64(0.18), 'environment/azk_step_deckbuild_gatecard/STT03-002/type_share/SPELL': np.float64(0.18), 'environment/deckbuild_gatecard/STT03-002/type_share/WEAPON': np.float64(0.04), 'environment/azk_step_deckbuild_gatecard/STT03-002/type_share/WEAPON': np.float64(0.04), 'environment/deckbuild_gatecard/STT03-002/cost_share/0_1': np.float64(0.18), 'environment/azk_step_deckbuild_gatecard/STT03-002/cost_share/0_1': np.float64(0.18), 'environment/deckbuild_gatecard/STT03-002/cost_share/2_3': np.float64(0.46), 'environment/azk_step_deckbuild_gatecard/STT03-002/cost_share/2_3': np.float64(0.46), 'environment/deckbuild_gatecard/STT03-002/cost_share/4_5': np.float64(0.24), 'environment/azk_step_deckbuild_gatecard/STT03-002/cost_share/4_5': np.float64(0.24), 'environment/deckbuild_gatecard/STT03-002/cost_share/6_plus': np.float64(0.12), 'environment/azk_step_deckbuild_gatecard/STT03-002/cost_share/6_plus': np.float64(0.12), 'environment/deckbuild_gatecard/STT03-002/leader/STT03-001': np.float64(1.0), 'environment/azk_step_deckbuild_gatecard/STT03-002/leader/STT03-001': np.float64(1.0), 'environment/deckbuild_result/gate_pair/EARTH_vs_FIRE/game': np.float64(1.0), 'environment/deckbuild_result/gate_pair/EARTH_vs_FIRE/win': np.float64(1.0), 'environment/deckbuild_result/gate_pair_unordered/EARTH_vs_FIRE/game': np.float64(1.0), 'environment/deckbuild_result/gate_pair_unordered/EARTH_vs_FIRE/win': np.float64(0.5), 'environment/deckbuild_result/gatecard/STT03-002/game': np.float64(1.0), 'environment/deckbuild_result/gatecard/STT03-002/win': np.float64(1.0), 'environment/deckbuild_result/gatecard/STT03-002/attack_rate': np.float64(0.260869562625885), 'environment/deckbuild_result/gatecard/STT03-002/spell_rate': np.float64(0.0), 'environment/deckbuild_result/gatecard/STT03-002/weapon_rate': np.float64(0.043478261679410934), 'environment/deckbuild_result/gatecard/STT03-002/portal_rate': np.float64(0.08695652335882187), 'environment/deckbuild_result/gatecard/STT03-002/play_entity_rate': np.float64(0.32608696818351746), 'environment/deckbuild_result/gatecard/STT03-002/noop_rate': np.float64(0.30434784293174744), 'environment/deckbuild_result/gatecard/STT03-002/episode_length': np.float64(81.0), 'environment/deckbuild_result/gatecard/STT03-002/leader_health': np.float64(0.6000000238418579), 'environment/deckbuild_result/gatecard/STT03-002/ability_rate': np.float64(0.043478261679410934), 'environment/deckbuild_result/gate_pair/FIRE_vs_EARTH/game': np.float64(1.0), 'environment/deckbuild_result/gate_pair/FIRE_vs_EARTH/win': np.float64(0.0), 'environment/deckbuild_result/gate_pair/LIGHTNING_vs_WATER/game': np.float64(1.0), 'environment/deckbuild_result/gate_pair/LIGHTNING_vs_WATER/win': np.float64(0.0), 'environment/deckbuild_result/gate_pair_unordered/LIGHTNING_vs_WATER/game': np.float64(1.0), 'environment/deckbuild_result/gate_pair_unordered/LIGHTNING_vs_WATER/win': np.float64(0.5), 'environment/deckbuild/leader_card/AZK01-125': np.float64(1.0), 'environment/azk_step_deckbuild/leader_card/AZK01-125': np.float64(1.0), 'environment/deckbuild_gatecard/AZK01-126/game': np.float64(1.0), 'environment/azk_step_deckbuild_gatecard/AZK01-126/game': np.float64(1.0), 'environment/deckbuild_gatecard/AZK01-126/avg_cost': np.float64(2.83), 'environment/azk_step_deckbuild_gatecard/AZK01-126/avg_cost': np.float64(2.83), 'environment/deckbuild_gatecard/AZK01-126/main_unique': np.float64(38.0), 'environment/azk_step_deckbuild_gatecard/AZK01-126/main_unique': np.float64(38.0), 'environment/deckbuild_gatecard/AZK01-126/copy_entropy_norm': np.float64(0.9768872744557484), 'environment/azk_step_deckbuild_gatecard/AZK01-126/copy_entropy_norm': np.float64(0.9768872744557484), 'environment/deckbuild_gatecard/AZK01-126/gate_element_share': np.float64(0.44000000000000006), 'environment/azk_step_deckbuild_gatecard/AZK01-126/gate_element_share': np.float64(0.44000000000000006), 'environment/deckbuild_gatecard/AZK01-126/type_share/ENTITY': np.float64(0.76), 'environment/azk_step_deckbuild_gatecard/AZK01-126/type_share/ENTITY': np.float64(0.76), 'environment/deckbuild_gatecard/AZK01-126/type_share/SPELL': np.float64(0.22), 'environment/azk_step_deckbuild_gatecard/AZK01-126/type_share/SPELL': np.float64(0.22), 'environment/deckbuild_gatecard/AZK01-126/type_share/WEAPON': np.float64(0.02), 'environment/azk_step_deckbuild_gatecard/AZK01-126/type_share/WEAPON': np.float64(0.02), 'environment/deckbuild_gatecard/AZK01-126/cost_share/0_1': np.float64(0.22999999999999998), 'environment/azk_step_deckbuild_gatecard/AZK01-126/cost_share/0_1': np.float64(0.22999999999999998), 'environment/deckbuild_gatecard/AZK01-126/cost_share/2_3': np.float64(0.48), 'environment/azk_step_deckbuild_gatecard/AZK01-126/cost_share/2_3': np.float64(0.48), 'environment/deckbuild_gatecard/AZK01-126/cost_share/4_5': np.float64(0.21), 'environment/azk_step_deckbuild_gatecard/AZK01-126/cost_share/4_5': np.float64(0.21), 'environment/deckbuild_gatecard/AZK01-126/cost_share/6_plus': np.float64(0.08), 'environment/azk_step_deckbuild_gatecard/AZK01-126/cost_share/6_plus': np.float64(0.08), 'environment/deckbuild_gatecard/AZK01-126/leader/AZK01-125': np.float64(1.0), 'environment/azk_step_deckbuild_gatecard/AZK01-126/leader/AZK01-125': np.float64(1.0), 'environment/deckbuild_result/gate/WATER/game': np.float64(1.0), 'environment/deckbuild_result/gate/WATER/win': np.float64(0.25), 'environment/deckbuild_result/gate_pair/WATER_vs_LIGHTNING/game': np.float64(1.0), 'environment/deckbuild_result/gate_pair/WATER_vs_LIGHTNING/win': np.float64(1.0), 'environment/deckbuild_result/gatecard/AZK01-126/game': np.float64(1.0), 'environment/deckbuild_result/gatecard/AZK01-126/win': np.float64(0.5), 'environment/deckbuild_result/gatecard/AZK01-126/attack_rate': np.float64(0.22853535786271095), 'environment/deckbuild_result/gatecard/AZK01-126/spell_rate': np.float64(0.022727273404598236), 'environment/deckbuild_result/gatecard/AZK01-126/weapon_rate': np.float64(0.013888888992369175), 'environment/deckbuild_result/gatecard/AZK01-126/portal_rate': np.float64(0.07575757801532745), 'environment/deckbuild_result/gatecard/AZK01-126/play_entity_rate': np.float64(0.30050505697727203), 'environment/deckbuild_result/gatecard/AZK01-126/noop_rate': np.float64(0.28661617636680603), 'environment/deckbuild_result/gatecard/AZK01-126/episode_length': np.float64(85.5), 'environment/deckbuild_result/gatecard/AZK01-126/leader_health': np.float64(0.25), 'environment/deckbuild_result/gatecard/AZK01-126/ability_rate': np.float64(0.034090910106897354), 'environment/deckbuild_result/gate_pair/WATER_vs_FIRE/game': np.float64(1.0), 'environment/deckbuild_result/gate_pair/WATER_vs_FIRE/win': np.float64(0.0), 'environment/deckbuild_result/gate_pair_unordered/FIRE_vs_WATER/game': np.float64(1.0), 'environment/deckbuild_result/gate_pair_unordered/FIRE_vs_WATER/win': np.float64(0.5), 'environment/deckbuild_result/gate_pair/FIRE_vs_WATER/game': np.float64(1.0), 'environment/deckbuild_result/gate_pair/FIRE_vs_WATER/win': np.float64(1.0), 'environment/deckbuild_gatecard/STT02-002/game': np.float64(1.0), 'environment/azk_step_deckbuild_gatecard/STT02-002/game': np.float64(1.0), 'environment/deckbuild_gatecard/STT02-002/avg_cost': np.float64(3.01), 'environment/azk_step_deckbuild_gatecard/STT02-002/avg_cost': np.float64(3.01), 'environment/deckbuild_gatecard/STT02-002/main_unique': np.float64(35.0), 'environment/azk_step_deckbuild_gatecard/STT02-002/main_unique': np.float64(35.0), 'environment/deckbuild_gatecard/STT02-002/copy_entropy_norm': np.float64(0.9721797534314016), 'environment/azk_step_deckbuild_gatecard/STT02-002/copy_entropy_norm': np.float64(0.9721797534314016), 'environment/deckbuild_gatecard/STT02-002/gate_element_share': np.float64(0.42), 'environment/azk_step_deckbuild_gatecard/STT02-002/gate_element_share': np.float64(0.42), 'environment/deckbuild_gatecard/STT02-002/type_share/ENTITY': np.float64(0.71), 'environment/azk_step_deckbuild_gatecard/STT02-002/type_share/ENTITY': np.float64(0.71), 'environment/deckbuild_gatecard/STT02-002/type_share/SPELL': np.float64(0.27), 'environment/azk_step_deckbuild_gatecard/STT02-002/type_share/SPELL': np.float64(0.27), 'environment/deckbuild_gatecard/STT02-002/type_share/WEAPON': np.float64(0.02), 'environment/azk_step_deckbuild_gatecard/STT02-002/type_share/WEAPON': np.float64(0.02), 'environment/deckbuild_gatecard/STT02-002/cost_share/0_1': np.float64(0.28), 'environment/azk_step_deckbuild_gatecard/STT02-002/cost_share/0_1': np.float64(0.28), 'environment/deckbuild_gatecard/STT02-002/cost_share/2_3': np.float64(0.38), 'environment/azk_step_deckbuild_gatecard/STT02-002/cost_share/2_3': np.float64(0.38), 'environment/deckbuild_gatecard/STT02-002/cost_share/4_5': np.float64(0.22999999999999998), 'environment/azk_step_deckbuild_gatecard/STT02-002/cost_share/4_5': np.float64(0.22999999999999998), 'environment/deckbuild_gatecard/STT02-002/cost_share/6_plus': np.float64(0.11), 'environment/azk_step_deckbuild_gatecard/STT02-002/cost_share/6_plus': np.float64(0.11), 'environment/deckbuild_gatecard/STT02-002/leader/AZK01-125': np.float64(1.0), 'environment/azk_step_deckbuild_gatecard/STT02-002/leader/AZK01-125': np.float64(1.0), 'environment/deckbuild_result/gatecard/STT02-002/game': np.float64(1.0), 'environment/deckbuild_result/gatecard/STT02-002/win': np.float64(0.0), 'environment/deckbuild_result/gatecard/STT02-002/attack_rate': np.float64(0.1860537827014923), 'environment/deckbuild_result/gatecard/STT02-002/spell_rate': np.float64(0.06347717344760895), 'environment/deckbuild_result/gatecard/STT02-002/weapon_rate': np.float64(0.0), 'environment/deckbuild_result/gatecard/STT02-002/portal_rate': np.float64(0.08786741644144058), 'environment/deckbuild_result/gatecard/STT02-002/play_entity_rate': np.float64(0.3752345144748688), 'environment/deckbuild_result/gatecard/STT02-002/noop_rate': np.float64(0.26422764360904694), 'environment/deckbuild_result/gatecard/STT02-002/episode_length': np.float64(87.5), 'environment/deckbuild_result/gatecard/STT02-002/leader_health': np.float64(0.0), 'environment/deckbuild_result/gatecard/STT02-002/ability_rate': np.float64(0.0500312689691782), 'environment/deckbuild_result/gate_pair/EARTH_vs_EARTH/game': np.float64(1.0), 'environment/deckbuild_result/gate_pair/EARTH_vs_EARTH/win': np.float64(0.5), 'environment/deckbuild_result/gate_pair_unordered/EARTH_vs_EARTH/game': np.float64(1.0), 'environment/deckbuild_result/gate_pair_unordered/EARTH_vs_EARTH/win': np.float64(0.5), 'environment/deckbuild/leader_card/AZK01-123': np.float64(1.0), 'environment/azk_step_deckbuild/leader_card/AZK01-123': np.float64(1.0), 'environment/deckbuild_gatecard/AZK01-124/leader/AZK01-123': np.float64(1.0), 'environment/azk_step_deckbuild_gatecard/AZK01-124/leader/AZK01-123': np.float64(1.0), 'losses/policy_loss': 0.002145567210391164, 'losses/value_loss': 0.03603675961494446, 'losses/value_loss_total': 0.03603675961494446, 'losses/entropy': 0.949665904045105, 'losses/old_approx_kl': -2.099057746818289e-05, 'losses/approx_kl': 1.4129973351373337e-05, 'losses/clipfrac': 0.0, 'losses/importance': 1.0000351667404175, 'losses/win_prob_aux_loss': 0.69140625, 'losses/win_prob_aux_labeled_frac': 0.03125, 'losses/explained_variance': 0.030795156955718994, 'losses/win_prob_aux_accuracy': 0.71875, 'losses/win_prob_aux_brier': 0.25, 'losses/win_prob_aux_pred_mean': 0.5, 'losses/win_prob_aux_target_mean': 0.466796875, 'performance/eval': 16.638882160186768, 'performance/train': 15.902020931243896, 'performance/eval_forward': 16.284037828445435, 'performance/env': 0.03296971321105957, 'performance/eval_copy': 0.30713558197021484, 'performance/eval_misc': 0.014644861221313477, 'performance/train_forward': 3.269890546798706, 'performance/learn_backward': 6.168843507766724, 'performance/learn_opt': 6.361558437347412, 'performance/train_copy': 0.004945993423461914, 'performance/train_misc': 0.09670019149780273}
[EnvProfile] steps=4000 avg_step_us=242.92 avg_tick_us=88.84 avg_refresh_us=146.05 avg_auto_ticks=2.03 tick_share=0.366 refresh_share=0.601
[EnvProfile] steps=4000 avg_step_us=245.91 avg_tick_us=89.73 avg_refresh_us=147.94 avg_auto_ticks=1.98 tick_share=0.365 refresh_share=0.602
[EnvProfile] steps=4000 avg_step_us=228.79 avg_tick_us=83.88 avg_refresh_us=137.60 avg_auto_ticks=2.06 tick_share=0.367 refresh_share=0.601
[EnvProfile] steps=4000 avg_step_us=238.84 avg_tick_us=87.13 avg_refresh_us=143.93 avg_auto_ticks=2.00 tick_share=0.365 refresh_share=0.603
[EnvProfile] steps=4000 avg_step_us=248.72 avg_tick_us=90.68 avg_refresh_us=149.81 avg_auto_ticks=2.01 tick_share=0.365 refresh_share=0.602
[EnvProfile] steps=4000 avg_step_us=226.23 avg_tick_us=83.55 avg_refresh_us=135.27 avg_auto_ticks=2.02 tick_share=0.369 refresh_share=0.598
[EnvProfile] steps=4000 avg_step_us=231.34 avg_tick_us=84.22 avg_refresh_us=139.40 avg_auto_ticks=1.96 tick_share=0.364 refresh_share=0.603
[EnvProfile] steps=4000 avg_step_us=243.07 avg_tick_us=88.50 avg_refresh_us=146.59 avg_auto_ticks=2.01 tick_share=0.364 refresh_share=0.603
[EnvProfile] steps=4000 avg_step_us=243.40 avg_tick_us=89.29 avg_refresh_us=146.42 avg_auto_ticks=1.99 tick_share=0.367 refresh_share=0.602
[EnvProfile] steps=4000 avg_step_us=231.23 avg_tick_us=83.35 avg_refresh_us=140.40 avg_auto_ticks=1.98 tick_share=0.360 refresh_share=0.607
[EnvProfile] steps=4000 avg_step_us=230.71 avg_tick_us=84.25 avg_refresh_us=139.08 avg_auto_ticks=2.00 tick_share=0.365 refresh_share=0.603
[EnvProfile] steps=4000 avg_step_us=232.05 avg_tick_us=85.69 avg_refresh_us=138.82 avg_auto_ticks=2.01 tick_share=0.369 refresh_share=0.598
[0;0H╭──────────────────────────────────────────────────────────────────────────────╮
│  PufferLib 4.0        🐡        CPU:     GPU: 0.0%  DRAM: 2.7%   VRAM: 0.0%  │
│                                149.1%                                        │
│                                                                              │
│  Summary          Value    Evaluate     16s  52%    Losses            Value  │
│  Env        azuki_local      Forwa…     16s  51%    policy_loss      -0.011  │
│  Params           90.2M      Env         0s   0%    value_loss        0.096  │
│  Steps           199.7K      Copy        0s   0%    value_loss_to…    0.096  │
│  SPS               5.1K      Misc        0s   0%    entropy           0.987  │
│  Epoch               13    Train        15s  47%    old_approx_kl    -0.000  │
│  Uptime          2m 55s      Forwa…      3s   9%    approx_kl         0.000  │
│  Remaini…           21s      Backw…      6s  18%    clipfrac          0.000  │
│                              Optim…      6s  19%    importance        1.000  │
│                              Copy        0s   0%    win_prob_aux_…    0.691  │
│                              Misc        0s   0%    win_prob_aux_…    0.191  │
│                                                     explained_var…    0.031  │
│                                                     win_prob_aux_…    0.680  │
│                                                     win_prob_aux_…    0.248  │
│                                                     win_prob_aux_…    0.496  │
│                                                     win_prob_aux_…    0.463  │
│                                                                              │
│  User Stats                    Value    User Stats                    Value  │
│  league/active                 1.000    sampler/subaction_tem…        1.200  │
│  sampler/smoothing_eps         0.050    anneal/ent_coef               0.010  │
│  perf                          0.000    score                         0.000  │
│  episode_return               -0.220    episode_length               97.750  │
│  p0_episode_return            -0.220    p1_episode_return             0.220  │
│  p0_winrate                    0.483    p1_winrate                    0.517  │
│  p0_start_rate                 0.467    p1_start_rate                 0.533  │
│  draw_rate                     0.000    timeout_truncation_ra…        0.000  │
│  auto_tick_truncation_…        0.000    zero_legal_action_tru…        0.000  │
│  gameover_terminal_rate        1.000    winner_terminal_rate          1.000  │
│  curriculum_episode_cap        0.000    reward_shaping_scale          1.000  │
│  completed_episodes            1.000    p0_noop_selected_rate         0.225  │
│  p1_noop_selected_rate         0.220    p0_attack_selected_ra…        0.194  │
│  p1_attack_selected_ra…        0.204    p0_attach_weapon_from…        0.026  │
│  p1_attach_weapon_from…        0.021    p0_play_spell_from_ha…        0.028  │
╰──────────────────────────────────────────────────────────────────────────────╯

[epoch 13] {'SPS': 5116.941525362949, 'agent_steps': 199680, 'uptime': 175.0124011039734, 'epoch': 13, 'learning_rate': 0.0008190142503906803, 'environment/league/active': np.float64(1.0), 'environment/sampler/subaction_temperature': np.float64(1.2), 'environment/sampler/smoothing_eps': np.float64(0.05), 'environment/anneal/ent_coef': np.float64(0.01), 'environment/perf': np.float64(0.0), 'environment/score': np.float64(0.0), 'environment/episode_return': np.float64(-0.22000011205673217), 'environment/episode_length': np.float64(97.75), 'environment/p0_episode_return': np.float64(-0.22000011205673217), 'environment/p1_episode_return': np.float64(0.22000011205673217), 'environment/p0_winrate': np.float64(0.48333333333333334), 'environment/p1_winrate': np.float64(0.5166666666666667), 'environment/p0_start_rate': np.float64(0.4666666666666667), 'environment/p1_start_rate': np.float64(0.5333333333333333), 'environment/draw_rate': np.float64(0.0), 'environment/timeout_truncation_rate': np.float64(0.0), 'environment/auto_tick_truncation_rate': np.float64(0.0), 'environment/zero_legal_action_truncation_rate': np.float64(0.0), 'environment/gameover_terminal_rate': np.float64(1.0), 'environment/winner_terminal_rate': np.float64(1.0), 'environment/curriculum_episode_cap': np.float64(0.0), 'environment/reward_shaping_scale': np.float64(1.0), 'environment/completed_episodes': np.float64(1.0), 'environment/p0_noop_selected_rate': np.float64(0.22498945146799088), 'environment/p1_noop_selected_rate': np.float64(0.22028385574618975), 'environment/p0_attack_selected_rate': np.float64(0.19445102370033662), 'environment/p1_attack_selected_rate': np.float64(0.203578961143891), 'environment/p0_attach_weapon_from_hand_selected_rate': np.float64(0.02590866646108528), 'environment/p1_attach_weapon_from_hand_selected_rate': np.float64(0.020929880781720082), 'environment/p0_play_spell_from_hand_selected_rate': np.float64(0.028381331311538815), 'environment/p1_play_spell_from_hand_selected_rate': np.float64(0.028882637061178683), 'environment/p0_activate_garden_or_leader_ability_selected_rate': np.float64(0.037029299046844245), 'environment/p1_activate_garden_or_leader_ability_selected_rate': np.float64(0.03710449223096172), 'environment/p0_activate_alley_ability_selected_rate': np.float64(0.0005960947057853142), 'environment/p1_activate_alley_ability_selected_rate': np.float64(0.0012973714154213666), 'environment/p0_gate_portal_selected_rate': np.float64(0.08883076924830675), 'environment/p1_gate_portal_selected_rate': np.float64(0.09892705498884122), 'environment/p0_play_entity_to_alley_selected_rate': np.float64(0.11536780589570601), 'environment/p1_play_entity_to_alley_selected_rate': np.float64(0.12090339840700229), 'environment/p0_play_entity_to_garden_selected_rate': np.float64(0.08898969519262513), 'environment/p1_play_entity_to_garden_selected_rate': np.float64(0.08734593183423082), 'environment/p0_play_selected_rate': np.float64(0.34747826904058454), 'environment/p1_play_selected_rate': np.float64(0.35698890139659245), 'environment/p0_ability_selected_rate': np.float64(0.055310614577805), 'environment/p1_ability_selected_rate': np.float64(0.05476321831035117), 'environment/p0_target_selected_rate': np.float64(0.1757748909915487), 'environment/p1_target_selected_rate': np.float64(0.16298504744966824), 'environment/p0_avg_leader_health': np.float64(0.25833333022892474), 'environment/p1_avg_leader_health': np.float64(0.25749999977027377), 'environment/p0_entity_damage_dealt': np.float64(0.0), 'environment/p1_entity_damage_dealt': np.float64(0.0), 'environment/p0_entity_damage_taken': np.float64(0.0), 'environment/p1_entity_damage_taken': np.float64(0.0), 'environment/p0_generated_ikz_created': np.float64(0.0), 'environment/p1_generated_ikz_created': np.float64(0.0), 'environment/p0_generated_ikz_converted': np.float64(0.0), 'environment/p1_generated_ikz_converted': np.float64(0.0), 'environment/p0_generated_ikz_conversion_rate': np.float64(0.0), 'environment/p1_generated_ikz_conversion_rate': np.float64(0.0), 'environment/p0_temporary_charge_realized': np.float64(0.0), 'environment/p1_temporary_charge_realized': np.float64(0.0), 'environment/p0_temporary_attack_damage_realized': np.float64(0.0), 'environment/p1_temporary_attack_damage_realized': np.float64(0.0), 'environment/p0_contextual_response_reserve_opportunities': np.float64(0.0), 'environment/p1_contextual_response_reserve_opportunities': np.float64(0.0), 'environment/n': np.float64(1.2), 'environment/deckbuild/completed': np.float64(1.0), 'environment/azk_step_deckbuild/completed': np.float64(1.0), 'environment/deckbuild/picks': np.float64(51.0), 'environment/azk_step_deckbuild/picks': np.float64(51.0), 'environment/deckbuild/main_count': np.float64(50.0), 'environment/azk_step_deckbuild/main_count': np.float64(50.0), 'environment/deckbuild/main_unique': np.float64(37.104166666666664), 'environment/azk_step_deckbuild/main_unique': np.float64(37.104166666666664), 'environment/deckbuild/main_unique_share': np.float64(0.7420833333333333), 'environment/azk_step_deckbuild/main_unique_share': np.float64(0.7420833333333333), 'environment/deckbuild/main_avg_copies_per_unique': np.float64(1.353182108209424), 'environment/azk_step_deckbuild/main_avg_copies_per_unique': np.float64(1.353182108209424), 'environment/deckbuild/main_max_copy_count': np.float64(3.1958333333333333), 'environment/azk_step_deckbuild/main_max_copy_count': np.float64(3.1958333333333333), 'environment/deckbuild/main_copy_entropy': np.float64(3.5275095890008337), 'environment/azk_step_deckbuild/main_copy_entropy': np.float64(3.5275095890008337), 'environment/deckbuild/main_copy_entropy_norm': np.float64(0.9766251613199056), 'environment/azk_step_deckbuild/main_copy_entropy_norm': np.float64(0.9766251613199056), 'environment/deckbuild/main_singleton_count': np.float64(26.5875), 'environment/azk_step_deckbuild/main_singleton_count': np.float64(26.5875), 'environment/deckbuild/main_pair_count': np.float64(8.441666666666666), 'environment/azk_step_deckbuild/main_pair_count': np.float64(8.441666666666666), 'environment/deckbuild/main_triplet_count': np.float64(1.7708333333333333), 'environment/azk_step_deckbuild/main_triplet_count': np.float64(1.7708333333333333), 'environment/deckbuild/main_quad_count': np.float64(0.30416666666666664), 'environment/azk_step_deckbuild/main_quad_count': np.float64(0.30416666666666664), 'environment/deckbuild/main_singleton_slot_share': np.float64(0.5317500000000001), 'environment/azk_step_deckbuild/main_singleton_slot_share': np.float64(0.5317500000000001), 'environment/deckbuild/main_pair_slot_share': np.float64(0.33766666666666667), 'environment/azk_step_deckbuild/main_pair_slot_share': np.float64(0.33766666666666667), 'environment/deckbuild/main_triplet_slot_share': np.float64(0.10625000000000001), 'environment/azk_step_deckbuild/main_triplet_slot_share': np.float64(0.10625000000000001), 'environment/deckbuild/main_quad_slot_share': np.float64(0.024333333333333332), 'environment/azk_step_deckbuild/main_quad_slot_share': np.float64(0.024333333333333332), 'environment/deckbuild/main_normal_share': np.float64(0.5850000000000001), 'environment/azk_step_deckbuild/main_normal_share': np.float64(0.5850000000000001), 'environment/deckbuild/main_gate_element_share': np.float64(0.41500000000000004), 'environment/azk_step_deckbuild/main_gate_element_share': np.float64(0.41500000000000004), 'environment/deckbuild/gate_match': np.float64(0.5666666666666667), 'environment/azk_step_deckbuild/gate_match': np.float64(0.5666666666666667), 'environment/deckbuild/gate/EARTH': np.float64(0.11666666666666667), 'environment/azk_step_deckbuild/gate/EARTH': np.float64(0.11666666666666667), 'environment/deckbuild/opponent_gate/EARTH': np.float64(0.11666666666666667), 'environment/azk_step_deckbuild/opponent_gate/EARTH': np.float64(0.11666666666666667), 'environment/deckbuild/leader/EARTH': np.float64(0.11666666666666667), 'environment/azk_step_deckbuild/leader/EARTH': np.float64(0.11666666666666667), 'environment/deckbuild/gate/FIRE': np.float64(0.3625), 'environment/azk_step_deckbuild/gate/FIRE': np.float64(0.3625), 'environment/deckbuild/opponent_gate/FIRE': np.float64(0.3625), 'environment/azk_step_deckbuild/opponent_gate/FIRE': np.float64(0.3625), 'environment/deckbuild/leader/FIRE': np.float64(0.3625), 'environment/azk_step_deckbuild/leader/FIRE': np.float64(0.3625), 'environment/deckbuild/gate/LIGHTNING': np.float64(0.4041666666666667), 'environment/azk_step_deckbuild/gate/LIGHTNING': np.float64(0.4041666666666667), 'environment/deckbuild/opponent_gate/LIGHTNING': np.float64(0.4041666666666667), 'environment/azk_step_deckbuild/opponent_gate/LIGHTNING': np.float64(0.4041666666666667), 'environment/deckbuild/leader/LIGHTNING': np.float64(0.4041666666666667), 'environment/azk_step_deckbuild/leader/LIGHTNING': np.float64(0.4041666666666667), 'environment/deckbuild/gate/WATER': np.float64(0.11666666666666667), 'environment/azk_step_deckbuild/gate/WATER': np.float64(0.11666666666666667), 'environment/deckbuild/opponent_gate/WATER': np.float64(0.11666666666666667), 'environment/azk_step_deckbuild/opponent_gate/WATER': np.float64(0.11666666666666667), 'environment/deckbuild/leader/WATER': np.float64(0.11666666666666667), 'environment/azk_step_deckbuild/leader/WATER': np.float64(0.11666666666666667), 'environment/deckbuild/main_type_count/ENTITY': np.float64(36.81666666666667), 'environment/azk_step_deckbuild/main_type_count/ENTITY': np.float64(36.81666666666667), 'environment/deckbuild/main_type_share/ENTITY': np.float64(0.7363333333333336), 'environment/azk_step_deckbuild/main_type_share/ENTITY': np.float64(0.7363333333333336), 'environment/deckbuild/main_type_count/SPELL': np.float64(9.066666666666666), 'environment/azk_step_deckbuild/main_type_count/SPELL': np.float64(9.066666666666666), 'environment/deckbuild/main_type_share/SPELL': np.float64(0.18133333333333335), 'environment/azk_step_deckbuild/main_type_share/SPELL': np.float64(0.18133333333333335), 'environment/deckbuild/main_type_count/WEAPON': np.float64(4.116666666666666), 'environment/azk_step_deckbuild/main_type_count/WEAPON': np.float64(4.116666666666666), 'environment/deckbuild/main_type_share/WEAPON': np.float64(0.08233333333333334), 'environment/azk_step_deckbuild/main_type_share/WEAPON': np.float64(0.08233333333333334), 'environment/deckbuild/main_element_count/EARTH': np.float64(2.6416666666666666), 'environment/azk_step_deckbuild/main_element_count/EARTH': np.float64(2.6416666666666666), 'environment/deckbuild/main_element_share/EARTH': np.float64(0.05283333333333333), 'environment/azk_step_deckbuild/main_element_share/EARTH': np.float64(0.05283333333333333), 'environment/deckbuild/main_element_count/FIRE': np.float64(7.9625), 'environment/azk_step_deckbuild/main_element_count/FIRE': np.float64(7.9625), 'environment/deckbuild/main_element_share/FIRE': np.float64(0.15925), 'environment/azk_step_deckbuild/main_element_share/FIRE': np.float64(0.15925), 'environment/deckbuild/main_element_count/LIGHTNING': np.float64(7.970833333333333), 'environment/azk_step_deckbuild/main_element_count/LIGHTNING': np.float64(7.970833333333333), 'environment/deckbuild/main_element_share/LIGHTNING': np.float64(0.15941666666666668), 'environment/azk_step_deckbuild/main_element_share/LIGHTNING': np.float64(0.15941666666666668), 'environment/deckbuild/main_element_count/NORMAL': np.float64(29.25), 'environment/azk_step_deckbuild/main_element_count/NORMAL': np.float64(29.25), 'environment/deckbuild/main_element_share/NORMAL': np.float64(0.5850000000000001), 'environment/azk_step_deckbuild/main_element_share/NORMAL': np.float64(0.5850000000000001), 'environment/deckbuild/main_element_count/WATER': np.float64(2.175), 'environment/azk_step_deckbuild/main_element_count/WATER': np.float64(2.175), 'environment/deckbuild/main_element_share/WATER': np.float64(0.043500000000000004), 'environment/azk_step_deckbuild/main_element_share/WATER': np.float64(0.043500000000000004), 'environment/deckbuild/main_avg_cost': np.float64(2.878333333333333), 'environment/azk_step_deckbuild/main_avg_cost': np.float64(2.878333333333333), 'environment/deckbuild/main_cost_share/0_1': np.float64(0.25116666666666665), 'environment/azk_step_deckbuild/main_cost_share/0_1': np.float64(0.25116666666666665), 'environment/deckbuild/main_cost_share/2_3': np.float64(0.41766666666666663), 'environment/azk_step_deckbuild/main_cost_share/2_3': np.float64(0.41766666666666663), 'environment/deckbuild/main_cost_share/4_5': np.float64(0.26475), 'environment/azk_step_deckbuild/main_cost_share/4_5': np.float64(0.26475), 'environment/deckbuild/main_cost_share/6_plus': np.float64(0.06641666666666667), 'environment/azk_step_deckbuild/main_cost_share/6_plus': np.float64(0.06641666666666667), 'environment/deckbuild/leader_card/AZK01-121': np.float64(1.0), 'environment/azk_step_deckbuild/leader_card/AZK01-121': np.float64(1.0), 'environment/deckbuild_gatecard/STT04-002/game': np.float64(1.0), 'environment/azk_step_deckbuild_gatecard/STT04-002/game': np.float64(1.0), 'environment/deckbuild_gatecard/STT04-002/avg_cost': np.float64(2.8708), 'environment/azk_step_deckbuild_gatecard/STT04-002/avg_cost': np.float64(2.8708), 'environment/deckbuild_gatecard/STT04-002/main_unique': np.float64(37.78), 'environment/azk_step_deckbuild_gatecard/STT04-002/main_unique': np.float64(37.78), 'environment/deckbuild_gatecard/STT04-002/copy_entropy_norm': np.float64(0.9773983111816363), 'environment/azk_step_deckbuild_gatecard/STT04-002/copy_entropy_norm': np.float64(0.9773983111816363), 'environment/deckbuild_gatecard/STT04-002/gate_element_share': np.float64(0.4416), 'environment/azk_step_deckbuild_gatecard/STT04-002/gate_element_share': np.float64(0.4416), 'environment/deckbuild_gatecard/STT04-002/type_share/ENTITY': np.float64(0.7964), 'environment/azk_step_deckbuild_gatecard/STT04-002/type_share/ENTITY': np.float64(0.7964), 'environment/deckbuild_gatecard/STT04-002/type_share/SPELL': np.float64(0.1648), 'environment/azk_step_deckbuild_gatecard/STT04-002/type_share/SPELL': np.float64(0.1648), 'environment/deckbuild_gatecard/STT04-002/type_share/WEAPON': np.float64(0.0388), 'environment/azk_step_deckbuild_gatecard/STT04-002/type_share/WEAPON': np.float64(0.0388), 'environment/deckbuild_gatecard/STT04-002/cost_share/0_1': np.float64(0.25560000000000005), 'environment/azk_step_deckbuild_gatecard/STT04-002/cost_share/0_1': np.float64(0.25560000000000005), 'environment/deckbuild_gatecard/STT04-002/cost_share/2_3': np.float64(0.4207999999999999), 'environment/azk_step_deckbuild_gatecard/STT04-002/cost_share/2_3': np.float64(0.4207999999999999), 'environment/deckbuild_gatecard/STT04-002/cost_share/4_5': np.float64(0.2612), 'environment/azk_step_deckbuild_gatecard/STT04-002/cost_share/4_5': np.float64(0.2612), 'environment/deckbuild_gatecard/STT04-002/cost_share/6_plus': np.float64(0.062400000000000004), 'environment/azk_step_deckbuild_gatecard/STT04-002/cost_share/6_plus': np.float64(0.062400000000000004), 'environment/deckbuild_gatecard/STT04-002/leader/AZK01-121': np.float64(1.0), 'environment/azk_step_deckbuild_gatecard/STT04-002/leader/AZK01-121': np.float64(1.0), 'environment/deckbuild_result/game': np.float64(1.0), 'environment/deckbuild_result/win': np.float64(0.5), 'environment/deckbuild_result/gate_match': np.float64(0.5666666666666667), 'environment/deckbuild_result/gate_match_win_joint': np.float64(0.2833333333333333), 'environment/deckbuild_result/gate_mismatch': np.float64(0.43333333333333335), 'environment/deckbuild_result/gate_mismatch_win_joint': np.float64(0.21666666666666667), 'environment/deckbuild_result/gate/FIRE/game': np.float64(1.0), 'environment/deckbuild_result/gate/FIRE/win': np.float64(0.510752688172043), 'environment/deckbuild_result/gate_pair/FIRE_vs_FIRE/game': np.float64(1.0), 'environment/deckbuild_result/gate_pair/FIRE_vs_FIRE/win': np.float64(0.5), 'environment/deckbuild_result/gate_pair_unordered/FIRE_vs_FIRE/game': np.float64(1.0), 'environment/deckbuild_result/gate_pair_unordered/FIRE_vs_FIRE/win': np.float64(0.5), 'environment/deckbuild_result/gate_match/game': np.float64(1.0), 'environment/deckbuild_result/gate_match/win': np.float64(0.5), 'environment/deckbuild_result/gate_freq/EARTH': np.float64(0.11666666666666667), 'environment/deckbuild_result/gate_win_joint/EARTH': np.float64(0.04583333333333333), 'environment/deckbuild_result/gate_freq/FIRE': np.float64(0.3625), 'environment/deckbuild_result/gate_win_joint/FIRE': np.float64(0.18333333333333332), 'environment/deckbuild_result/gate_freq/LIGHTNING': np.float64(0.4041666666666667), 'environment/deckbuild_result/gate_win_joint/LIGHTNING': np.float64(0.225), 'environment/deckbuild_result/gate_freq/WATER': np.float64(0.11666666666666667), 'environment/deckbuild_result/gate_win_joint/WATER': np.float64(0.04583333333333333), 'environment/deckbuild_result/gate_pair_freq/EARTH_vs_EARTH': np.float64(0.041666666666666664), 'environment/deckbuild_result/gate_pair_win_joint/EARTH_vs_EARTH': np.float64(0.020833333333333332), 'environment/deckbuild_result/gate_pair_freq/EARTH_vs_FIRE': np.float64(0.020833333333333332), 'environment/deckbuild_result/gate_pair_win_joint/EARTH_vs_FIRE': np.float64(0.008333333333333333), 'environment/deckbuild_result/gate_pair_freq/EARTH_vs_LIGHTNING': np.float64(0.041666666666666664), 'environment/deckbuild_result/gate_pair_win_joint/EARTH_vs_LIGHTNING': np.float64(0.004166666666666667), 'environment/deckbuild_result/gate_pair_freq/EARTH_vs_WATER': np.float64(0.0125), 'environment/deckbuild_result/gate_pair_win_joint/EARTH_vs_WATER': np.float64(0.0125), 'environment/deckbuild_result/gate_pair_freq/FIRE_vs_EARTH': np.float64(0.020833333333333332), 'environment/deckbuild_result/gate_pair_win_joint/FIRE_vs_EARTH': np.float64(0.0125), 'environment/deckbuild_result/gate_pair_freq/FIRE_vs_FIRE': np.float64(0.25833333333333336), 'environment/deckbuild_result/gate_pair_win_joint/FIRE_vs_FIRE': np.float64(0.12916666666666668), 'environment/deckbuild_result/gate_pair_freq/FIRE_vs_LIGHTNING': np.float64(0.0375), 'environment/deckbuild_result/gate_pair_win_joint/FIRE_vs_LIGHTNING': np.float64(0.020833333333333332), 'environment/deckbuild_result/gate_pair_freq/FIRE_vs_WATER': np.float64(0.04583333333333333), 'environment/deckbuild_result/gate_pair_win_joint/FIRE_vs_WATER': np.float64(0.020833333333333332), 'environment/deckbuild_result/gate_pair_freq/LIGHTNING_vs_EARTH': np.float64(0.041666666666666664), 'environment/deckbuild_result/gate_pair_win_joint/LIGHTNING_vs_EARTH': np.float64(0.0375), 'environment/deckbuild_result/gate_pair_freq/LIGHTNING_vs_FIRE': np.float64(0.0375), 'environment/deckbuild_result/gate_pair_win_joint/LIGHTNING_vs_FIRE': np.float64(0.016666666666666666), 'environment/deckbuild_result/gate_pair_freq/LIGHTNING_vs_LIGHTNING': np.float64(0.26666666666666666), 'environment/deckbuild_result/gate_pair_win_joint/LIGHTNING_vs_LIGHTNING': np.float64(0.13333333333333333), 'environment/deckbuild_result/gate_pair_freq/LIGHTNING_vs_WATER': np.float64(0.058333333333333334), 'environment/deckbuild_result/gate_pair_win_joint/LIGHTNING_vs_WATER': np.float64(0.0375), 'environment/deckbuild_result/gate_pair_freq/WATER_vs_EARTH': np.float64(0.0125), 'environment/deckbuild_result/gate_pair_win_joint/WATER_vs_EARTH': np.float64(0.0), 'environment/deckbuild_result/gate_pair_freq/WATER_vs_FIRE': np.float64(0.04583333333333333), 'environment/deckbuild_result/gate_pair_win_joint/WATER_vs_FIRE': np.float64(0.025), 'environment/deckbuild_result/gate_pair_freq/WATER_vs_LIGHTNING': np.float64(0.058333333333333334), 'environment/deckbuild_result/gate_pair_win_joint/WATER_vs_LIGHTNING': np.float64(0.020833333333333332), 'environment/deckbuild_result/gate_pair_freq/WATER_vs_WATER': np.float64(0.0), 'environment/deckbuild_result/gate_pair_win_joint/WATER_vs_WATER': np.float64(0.0), 'environment/deckbuild_result/gate_pair_unordered_freq/EARTH_vs_EARTH': np.float64(0.041666666666666664), 'environment/deckbuild_result/gate_pair_unordered_win_joint/EARTH_vs_EARTH': np.float64(0.020833333333333332), 'environment/deckbuild_result/gate_pair_unordered_freq/EARTH_vs_FIRE': np.float64(0.041666666666666664), 'environment/deckbuild_result/gate_pair_unordered_win_joint/EARTH_vs_FIRE': np.float64(0.020833333333333332), 'environment/deckbuild_result/gate_pair_unordered_freq/EARTH_vs_LIGHTNING': np.float64(0.08333333333333333), 'environment/deckbuild_result/gate_pair_unordered_win_joint/EARTH_vs_LIGHTNING': np.float64(0.041666666666666664), 'environment/deckbuild_result/gate_pair_unordered_freq/EARTH_vs_WATER': np.float64(0.025), 'environment/deckbuild_result/gate_pair_unordered_win_joint/EARTH_vs_WATER': np.float64(0.0125), 'environment/deckbuild_result/gate_pair_unordered_freq/FIRE_vs_FIRE': np.float64(0.25833333333333336), 'environment/deckbuild_result/gate_pair_unordered_win_joint/FIRE_vs_FIRE': np.float64(0.12916666666666668), 'environment/deckbuild_result/gate_pair_unordered_freq/FIRE_vs_LIGHTNING': np.float64(0.075), 'environment/deckbuild_result/gate_pair_unordered_win_joint/FIRE_vs_LIGHTNING': np.float64(0.0375), 'environment/deckbuild_result/gate_pair_unordered_freq/FIRE_vs_WATER': np.float64(0.09166666666666666), 'environment/deckbuild_result/gate_pair_unordered_win_joint/FIRE_vs_WATER': np.float64(0.04583333333333333), 'environment/deckbuild_result/gate_pair_unordered_freq/LIGHTNING_vs_LIGHTNING': np.float64(0.26666666666666666), 'environment/deckbuild_result/gate_pair_unordered_win_joint/LIGHTNING_vs_LIGHTNING': np.float64(0.13333333333333333), 'environment/deckbuild_result/gate_pair_unordered_freq/LIGHTNING_vs_WATER': np.float64(0.11666666666666667), 'environment/deckbuild_result/gate_pair_unordered_win_joint/LIGHTNING_vs_WATER': np.float64(0.058333333333333334), 'environment/deckbuild_result/gate_pair_unordered_freq/WATER_vs_WATER': np.float64(0.0), 'environment/deckbuild_result/gate_pair_unordered_win_joint/WATER_vs_WATER': np.float64(0.0), 'environment/deckbuild_result/gatecard/STT04-002/game': np.float64(1.0), 'environment/deckbuild_result/gatecard/STT04-002/win': np.float64(0.52), 'environment/deckbuild_result/gatecard/STT04-002/attack_rate': np.float64(0.2023138915002346), 'environment/deckbuild_result/gatecard/STT04-002/spell_rate': np.float64(0.025585220977663994), 'environment/deckbuild_result/gatecard/STT04-002/weapon_rate': np.float64(0.009590986371040344), 'environment/deckbuild_result/gatecard/STT04-002/portal_rate': np.float64(0.08737215004861355), 'environment/deckbuild_result/gatecard/STT04-002/play_entity_rate': np.float64(0.32582523763179777), 'environment/deckbuild_result/gatecard/STT04-002/noop_rate': np.float64(0.21073958933353423), 'environment/deckbuild_result/gatecard/STT04-002/episode_length': np.float64(98.68), 'environment/deckbuild_result/gatecard/STT04-002/leader_health': np.float64(0.20499999664723872), 'environment/deckbuild_result/gatecard/STT04-002/ability_rate': np.float64(0.06779969181865454), 'environment/deckbuild_gatecard/AZK01-122/game': np.float64(1.0), 'environment/azk_step_deckbuild_gatecard/AZK01-122/game': np.float64(1.0), 'environment/deckbuild_gatecard/AZK01-122/avg_cost': np.float64(2.9000000000000004), 'environment/azk_step_deckbuild_gatecard/AZK01-122/avg_cost': np.float64(2.9000000000000004), 'environment/deckbuild_gatecard/AZK01-122/main_unique': np.float64(36.526315789473685), 'environment/azk_step_deckbuild_gatecard/AZK01-122/main_unique': np.float64(36.526315789473685), 'environment/deckbuild_gatecard/AZK01-122/copy_entropy_norm': np.float64(0.9755632150968508), 'environment/azk_step_deckbuild_gatecard/AZK01-122/copy_entropy_norm': np.float64(0.9755632150968508), 'environment/deckbuild_gatecard/AZK01-122/gate_element_share': np.float64(0.44000000000000006), 'environment/azk_step_deckbuild_gatecard/AZK01-122/gate_element_share': np.float64(0.44000000000000006), 'environment/deckbuild_gatecard/AZK01-122/type_share/ENTITY': np.float64(0.8010526315789473), 'environment/azk_step_deckbuild_gatecard/AZK01-122/type_share/ENTITY': np.float64(0.8010526315789473), 'environment/deckbuild_gatecard/AZK01-122/type_share/SPELL': np.float64(0.16894736842105262), 'environment/azk_step_deckbuild_gatecard/AZK01-122/type_share/SPELL': np.float64(0.16894736842105262), 'environment/deckbuild_gatecard/AZK01-122/type_share/WEAPON': np.float64(0.030000000000000002), 'environment/azk_step_deckbuild_gatecard/AZK01-122/type_share/WEAPON': np.float64(0.030000000000000002), 'environment/deckbuild_gatecard/AZK01-122/cost_share/0_1': np.float64(0.2510526315789474), 'environment/azk_step_deckbuild_gatecard/AZK01-122/cost_share/0_1': np.float64(0.2510526315789474), 'environment/deckbuild_gatecard/AZK01-122/cost_share/2_3': np.float64(0.42526315789473695), 'environment/azk_step_deckbuild_gatecard/AZK01-122/cost_share/2_3': np.float64(0.42526315789473695), 'environment/deckbuild_gatecard/AZK01-122/cost_share/4_5': np.float64(0.24105263157894738), 'environment/azk_step_deckbuild_gatecard/AZK01-122/cost_share/4_5': np.float64(0.24105263157894738), 'environment/deckbuild_gatecard/AZK01-122/cost_share/6_plus': np.float64(0.08263157894736843), 'environment/azk_step_deckbuild_gatecard/AZK01-122/cost_share/6_plus': np.float64(0.08263157894736843), 'environment/deckbuild_gatecard/AZK01-122/leader/AZK01-121': np.float64(1.0), 'environment/azk_step_deckbuild_gatecard/AZK01-122/leader/AZK01-121': np.float64(1.0), 'environment/deckbuild_result/gatecard/AZK01-122/game': np.float64(1.0), 'environment/deckbuild_result/gatecard/AZK01-122/win': np.float64(0.5263157894736842), 'environment/deckbuild_result/gatecard/AZK01-122/attack_rate': np.float64(0.18746832522906756), 'environment/deckbuild_result/gatecard/AZK01-122/spell_rate': np.float64(0.025016220409030978), 'environment/deckbuild_result/gatecard/AZK01-122/weapon_rate': np.float64(0.00817033437717902), 'environment/deckbuild_result/gatecard/AZK01-122/portal_rate': np.float64(0.09843097342864464), 'environment/deckbuild_result/gatecard/AZK01-122/play_entity_rate': np.float64(0.34384313068891825), 'environment/deckbuild_result/gatecard/AZK01-122/noop_rate': np.float64(0.19201270412457616), 'environment/deckbuild_result/gatecard/AZK01-122/episode_length': np.float64(98.57894736842105), 'environment/deckbuild_result/gatecard/AZK01-122/leader_health': np.float64(0.19473684167391375), 'environment/deckbuild_result/gatecard/AZK01-122/ability_rate': np.float64(0.06983579146234613), 'environment/ref_seat_rate': np.float64(0.0), 'environment/deckbuild/leader_card/AZK01-119': np.float64(1.0), 'environment/azk_step_deckbuild/leader_card/AZK01-119': np.float64(1.0), 'environment/deckbuild_gatecard/STT01-002/game': np.float64(1.0), 'environment/azk_step_deckbuild_gatecard/STT01-002/game': np.float64(1.0), 'environment/deckbuild_gatecard/STT01-002/avg_cost': np.float64(2.7327586206896552), 'environment/azk_step_deckbuild_gatecard/STT01-002/avg_cost': np.float64(2.7327586206896552), 'environment/deckbuild_gatecard/STT01-002/main_unique': np.float64(36.46551724137931), 'environment/azk_step_deckbuild_gatecard/STT01-002/main_unique': np.float64(36.46551724137931), 'environment/deckbuild_gatecard/STT01-002/copy_entropy_norm': np.float64(0.9747395527371695), 'environment/azk_step_deckbuild_gatecard/STT01-002/copy_entropy_norm': np.float64(0.9747395527371695), 'environment/deckbuild_gatecard/STT01-002/gate_element_share': np.float64(0.40758620689655173), 'environment/azk_step_deckbuild_gatecard/STT01-002/gate_element_share': np.float64(0.40758620689655173), 'environment/deckbuild_gatecard/STT01-002/type_share/ENTITY': np.float64(0.6920689655172414), 'environment/azk_step_deckbuild_gatecard/STT01-002/type_share/ENTITY': np.float64(0.6920689655172414), 'environment/deckbuild_gatecard/STT01-002/type_share/SPELL': np.float64(0.17310344827586202), 'environment/azk_step_deckbuild_gatecard/STT01-002/type_share/SPELL': np.float64(0.17310344827586202), 'environment/deckbuild_gatecard/STT01-002/type_share/WEAPON': np.float64(0.13482758620689658), 'environment/azk_step_deckbuild_gatecard/STT01-002/type_share/WEAPON': np.float64(0.13482758620689658), 'environment/deckbuild_gatecard/STT01-002/cost_share/0_1': np.float64(0.26862068965517244), 'environment/azk_step_deckbuild_gatecard/STT01-002/cost_share/0_1': np.float64(0.26862068965517244), 'environment/deckbuild_gatecard/STT01-002/cost_share/2_3': np.float64(0.42172413793103447), 'environment/azk_step_deckbuild_gatecard/STT01-002/cost_share/2_3': np.float64(0.42172413793103447), 'environment/deckbuild_gatecard/STT01-002/cost_share/4_5': np.float64(0.26655172413793105), 'environment/azk_step_deckbuild_gatecard/STT01-002/cost_share/4_5': np.float64(0.26655172413793105), 'environment/deckbuild_gatecard/STT01-002/cost_share/6_plus': np.float64(0.04310344827586208), 'environment/azk_step_deckbuild_gatecard/STT01-002/cost_share/6_plus': np.float64(0.04310344827586208), 'environment/deckbuild_gatecard/STT01-002/leader/AZK01-119': np.float64(1.0), 'environment/azk_step_deckbuild_gatecard/STT01-002/leader/AZK01-119': np.float64(1.0), 'environment/deckbuild_result/gate/LIGHTNING/game': np.float64(1.0), 'environment/deckbuild_result/gate/LIGHTNING/win': np.float64(0.5765765765765767), 'environment/deckbuild_result/gate_pair/LIGHTNING_vs_EARTH/game': np.float64(1.0), 'environment/deckbuild_result/gate_pair/LIGHTNING_vs_EARTH/win': np.float64(0.8333333333333334), 'environment/deckbuild_result/gate_pair_unordered/EARTH_vs_LIGHTNING/game': np.float64(1.0), 'environment/deckbuild_result/gate_pair_unordered/EARTH_vs_LIGHTNING/win': np.float64(0.5), 'environment/deckbuild_result/gate_mismatch/game': np.float64(1.0), 'environment/deckbuild_result/gate_mismatch/win': np.float64(0.5), 'environment/deckbuild_result/gatecard/STT01-002/game': np.float64(1.0), 'environment/deckbuild_result/gatecard/STT01-002/win': np.float64(0.46551724137931033), 'environment/deckbuild_result/gatecard/STT01-002/attack_rate': np.float64(0.21234185171538386), 'environment/deckbuild_result/gatecard/STT01-002/spell_rate': np.float64(0.026240352766010267), 'environment/deckbuild_result/gatecard/STT01-002/weapon_rate': np.float64(0.039921191488874366), 'environment/deckbuild_result/gatecard/STT01-002/portal_rate': np.float64(0.09805553856080976), 'environment/deckbuild_result/gatecard/STT01-002/play_entity_rate': np.float64(0.3698073738607867), 'environment/deckbuild_result/gatecard/STT01-002/noop_rate': np.float64(0.22703064695514483), 'environment/deckbuild_result/gatecard/STT01-002/episode_length': np.float64(98.0), 'environment/deckbuild_result/gatecard/STT01-002/leader_health': np.float64(0.2603448260703991), 'environment/deckbuild_result/gatecard/STT01-002/ability_rate': np.float64(0.007560403824880205), 'environment/deckbuild/leader_card/AZK01-123': np.float64(1.0), 'environment/azk_step_deckbuild/leader_card/AZK01-123': np.float64(1.0), 'environment/deckbuild_gatecard/AZK01-124/game': np.float64(1.0), 'environment/azk_step_deckbuild_gatecard/AZK01-124/game': np.float64(1.0), 'environment/deckbuild_gatecard/AZK01-124/avg_cost': np.float64(3.1777777777777776), 'environment/azk_step_deckbuild_gatecard/AZK01-124/avg_cost': np.float64(3.1777777777777776), 'environment/deckbuild_gatecard/AZK01-124/main_unique': np.float64(38.333333333333336), 'environment/azk_step_deckbuild_gatecard/AZK01-124/main_unique': np.float64(38.333333333333336), 'environment/deckbuild_gatecard/AZK01-124/copy_entropy_norm': np.float64(0.9798514489717901), 'environment/azk_step_deckbuild_gatecard/AZK01-124/copy_entropy_norm': np.float64(0.9798514489717901), 'environment/deckbuild_gatecard/AZK01-124/gate_element_share': np.float64(0.44), 'environment/azk_step_deckbuild_gatecard/AZK01-124/gate_element_share': np.float64(0.44), 'environment/deckbuild_gatecard/AZK01-124/type_share/ENTITY': np.float64(0.7177777777777777), 'environment/azk_step_deckbuild_gatecard/AZK01-124/type_share/ENTITY': np.float64(0.7177777777777777), 'environment/deckbuild_gatecard/AZK01-124/type_share/SPELL': np.float64(0.2222222222222222), 'environment/azk_step_deckbuild_gatecard/AZK01-124/type_share/SPELL': np.float64(0.2222222222222222), 'environment/deckbuild_gatecard/AZK01-124/type_share/WEAPON': np.float64(0.060000000000000005), 'environment/azk_step_deckbuild_gatecard/AZK01-124/type_share/WEAPON': np.float64(0.060000000000000005), 'environment/deckbuild_gatecard/AZK01-124/cost_share/0_1': np.float64(0.21111111111111114), 'environment/azk_step_deckbuild_gatecard/AZK01-124/cost_share/0_1': np.float64(0.21111111111111114), 'environment/deckbuild_gatecard/AZK01-124/cost_share/2_3': np.float64(0.40444444444444444), 'environment/azk_step_deckbuild_gatecard/AZK01-124/cost_share/2_3': np.float64(0.40444444444444444), 'environment/deckbuild_gatecard/AZK01-124/cost_share/4_5': np.float64(0.27555555555555555), 'environment/azk_step_deckbuild_gatecard/AZK01-124/cost_share/4_5': np.float64(0.27555555555555555), 'environment/deckbuild_gatecard/AZK01-124/cost_share/6_plus': np.float64(0.10888888888888888), 'environment/azk_step_deckbuild_gatecard/AZK01-124/cost_share/6_plus': np.float64(0.10888888888888888), 'environment/deckbuild_gatecard/AZK01-124/leader/AZK01-123': np.float64(1.0), 'environment/azk_step_deckbuild_gatecard/AZK01-124/leader/AZK01-123': np.float64(1.0), 'environment/deckbuild_result/gate/EARTH/game': np.float64(1.0), 'environment/deckbuild_result/gate/EARTH/win': np.float64(0.38461538461538464), 'environment/deckbuild_result/gate_pair/EARTH_vs_LIGHTNING/game': np.float64(1.0), 'environment/deckbuild_result/gate_pair/EARTH_vs_LIGHTNING/win': np.float64(0.16666666666666666), 'environment/deckbuild_result/gatecard/AZK01-124/game': np.float64(1.0), 'environment/deckbuild_result/gatecard/AZK01-124/win': np.float64(0.4444444444444444), 'environment/deckbuild_result/gatecard/AZK01-124/attack_rate': np.float64(0.1711963994635476), 'environment/deckbuild_result/gatecard/AZK01-124/spell_rate': np.float64(0.018169984842340153), 'environment/deckbuild_result/gatecard/AZK01-124/weapon_rate': np.float64(0.019746936857700348), 'environment/deckbuild_result/gatecard/AZK01-124/portal_rate': np.float64(0.08884631759590572), 'environment/deckbuild_result/gatecard/AZK01-124/play_entity_rate': np.float64(0.31461456418037415), 'environment/deckbuild_result/gatecard/AZK01-124/noop_rate': np.float64(0.2656128356854121), 'environment/deckbuild_result/gatecard/AZK01-124/episode_length': np.float64(97.66666666666667), 'environment/deckbuild_result/gatecard/AZK01-124/leader_health': np.float64(0.2777777777777778), 'environment/deckbuild_result/gatecard/AZK01-124/ability_rate': np.float64(0.056627223889033), 'environment/deckbuild/leader_card/STT01-001': np.float64(1.0), 'environment/azk_step_deckbuild/leader_card/STT01-001': np.float64(1.0), 'environment/deckbuild_gatecard/AZK01-120/game': np.float64(1.0), 'environment/azk_step_deckbuild_gatecard/AZK01-120/game': np.float64(1.0), 'environment/deckbuild_gatecard/AZK01-120/avg_cost': np.float64(2.827826086956522), 'environment/azk_step_deckbuild_gatecard/AZK01-120/avg_cost': np.float64(2.827826086956522), 'environment/deckbuild_gatecard/AZK01-120/main_unique': np.float64(36.73913043478261), 'environment/azk_step_deckbuild_gatecard/AZK01-120/main_unique': np.float64(36.73913043478261), 'environment/deckbuild_gatecard/AZK01-120/copy_entropy_norm': np.float64(0.976140124325236), 'environment/azk_step_deckbuild_gatecard/AZK01-120/copy_entropy_norm': np.float64(0.976140124325236), 'environment/deckbuild_gatecard/AZK01-120/gate_element_share': np.float64(0.38086956521739135), 'environment/azk_step_deckbuild_gatecard/AZK01-120/gate_element_share': np.float64(0.38086956521739135), 'environment/deckbuild_gatecard/AZK01-120/type_share/ENTITY': np.float64(0.6873913043478261), 'environment/azk_step_deckbuild_gatecard/AZK01-120/type_share/ENTITY': np.float64(0.6873913043478261), 'environment/deckbuild_gatecard/AZK01-120/type_share/SPELL': np.float64(0.17739130434782613), 'environment/azk_step_deckbuild_gatecard/AZK01-120/type_share/SPELL': np.float64(0.17739130434782613), 'environment/deckbuild_gatecard/AZK01-120/type_share/WEAPON': np.float64(0.13521739130434787), 'environment/azk_step_deckbuild_gatecard/AZK01-120/type_share/WEAPON': np.float64(0.13521739130434787), 'environment/deckbuild_gatecard/AZK01-120/cost_share/0_1': np.float64(0.25999999999999995), 'environment/azk_step_deckbuild_gatecard/AZK01-120/cost_share/0_1': np.float64(0.25999999999999995), 'environment/deckbuild_gatecard/AZK01-120/cost_share/2_3': np.float64(0.4008695652173913), 'environment/azk_step_deckbuild_gatecard/AZK01-120/cost_share/2_3': np.float64(0.4008695652173913), 'environment/deckbuild_gatecard/AZK01-120/cost_share/4_5': np.float64(0.29565217391304355), 'environment/azk_step_deckbuild_gatecard/AZK01-120/cost_share/4_5': np.float64(0.29565217391304355), 'environment/deckbuild_gatecard/AZK01-120/cost_share/6_plus': np.float64(0.043478260869565216), 'environment/azk_step_deckbuild_gatecard/AZK01-120/cost_share/6_plus': np.float64(0.043478260869565216), 'environment/deckbuild_gatecard/AZK01-120/leader/STT01-001': np.float64(1.0), 'environment/azk_step_deckbuild_gatecard/AZK01-120/leader/STT01-001': np.float64(1.0), 'environment/deckbuild_result/gate_pair/LIGHTNING_vs_LIGHTNING/game': np.float64(1.0), 'environment/deckbuild_result/gate_pair/LIGHTNING_vs_LIGHTNING/win': np.float64(0.5), 'environment/deckbuild_result/gate_pair_unordered/LIGHTNING_vs_LIGHTNING/game': np.float64(1.0), 'environment/deckbuild_result/gate_pair_unordered/LIGHTNING_vs_LIGHTNING/win': np.float64(0.5), 'environment/deckbuild_result/gatecard/AZK01-120/game': np.float64(1.0), 'environment/deckbuild_result/gatecard/AZK01-120/win': np.float64(0.6739130434782609), 'environment/deckbuild_result/gatecard/AZK01-120/attack_rate': np.float64(0.24097203204165335), 'environment/deckbuild_result/gatecard/AZK01-120/spell_rate': np.float64(0.040292260034576706), 'environment/deckbuild_result/gatecard/AZK01-120/weapon_rate': np.float64(0.03569324156674354), 'environment/deckbuild_result/gatecard/AZK01-120/portal_rate': np.float64(0.09334679660589798), 'environment/deckbuild_result/gatecard/AZK01-120/play_entity_rate': np.float64(0.3780406020257784), 'environment/deckbuild_result/gatecard/AZK01-120/noop_rate': np.float64(0.21849423290594763), 'environment/deckbuild_result/gatecard/AZK01-120/episode_length': np.float64(98.34782608695652), 'environment/deckbuild_result/gatecard/AZK01-120/leader_health': np.float64(0.36630434834438824), 'environment/deckbuild_result/gatecard/AZK01-120/ability_rate': np.float64(0.00459842371713856), 'environment/deckbuild_gatecard/STT01-002/leader/STT01-001': np.float64(1.0), 'environment/azk_step_deckbuild_gatecard/STT01-002/leader/STT01-001': np.float64(1.0), 'environment/deckbuild/leader_card/STT03-001': np.float64(1.0), 'environment/azk_step_deckbuild/leader_card/STT03-001': np.float64(1.0), 'environment/deckbuild_gatecard/STT03-002/game': np.float64(1.0), 'environment/azk_step_deckbuild_gatecard/STT03-002/game': np.float64(1.0), 'environment/deckbuild_gatecard/STT03-002/avg_cost': np.float64(3.308571428571429), 'environment/azk_step_deckbuild_gatecard/STT03-002/avg_cost': np.float64(3.308571428571429), 'environment/deckbuild_gatecard/STT03-002/main_unique': np.float64(36.642857142857146), 'environment/azk_step_deckbuild_gatecard/STT03-002/main_unique': np.float64(36.642857142857146), 'environment/deckbuild_gatecard/STT03-002/copy_entropy_norm': np.float64(0.9781293157893355), 'environment/azk_step_deckbuild_gatecard/STT03-002/copy_entropy_norm': np.float64(0.9781293157893355), 'environment/deckbuild_gatecard/STT03-002/gate_element_share': np.float64(0.46), 'environment/azk_step_deckbuild_gatecard/STT03-002/gate_element_share': np.float64(0.46), 'environment/deckbuild_gatecard/STT03-002/type_share/ENTITY': np.float64(0.7557142857142857), 'environment/azk_step_deckbuild_gatecard/STT03-002/type_share/ENTITY': np.float64(0.7557142857142857), 'environment/deckbuild_gatecard/STT03-002/type_share/SPELL': np.float64(0.1957142857142857), 'environment/azk_step_deckbuild_gatecard/STT03-002/type_share/SPELL': np.float64(0.1957142857142857), 'environment/deckbuild_gatecard/STT03-002/type_share/WEAPON': np.float64(0.048571428571428564), 'environment/azk_step_deckbuild_gatecard/STT03-002/type_share/WEAPON': np.float64(0.048571428571428564), 'environment/deckbuild_gatecard/STT03-002/cost_share/0_1': np.float64(0.1642857142857143), 'environment/azk_step_deckbuild_gatecard/STT03-002/cost_share/0_1': np.float64(0.1642857142857143), 'environment/deckbuild_gatecard/STT03-002/cost_share/2_3': np.float64(0.41857142857142854), 'environment/azk_step_deckbuild_gatecard/STT03-002/cost_share/2_3': np.float64(0.41857142857142854), 'environment/deckbuild_gatecard/STT03-002/cost_share/4_5': np.float64(0.31428571428571433), 'environment/azk_step_deckbuild_gatecard/STT03-002/cost_share/4_5': np.float64(0.31428571428571433), 'environment/deckbuild_gatecard/STT03-002/cost_share/6_plus': np.float64(0.10285714285714287), 'environment/azk_step_deckbuild_gatecard/STT03-002/cost_share/6_plus': np.float64(0.10285714285714287), 'environment/deckbuild_gatecard/STT03-002/leader/STT03-001': np.float64(1.0), 'environment/azk_step_deckbuild_gatecard/STT03-002/leader/STT03-001': np.float64(1.0), 'environment/deckbuild_result/gatecard/STT03-002/game': np.float64(1.0), 'environment/deckbuild_result/gatecard/STT03-002/win': np.float64(0.35714285714285715), 'environment/deckbuild_result/gatecard/STT03-002/attack_rate': np.float64(0.14878467470407486), 'environment/deckbuild_result/gatecard/STT03-002/spell_rate': np.float64(0.032108900669429986), 'environment/deckbuild_result/gatecard/STT03-002/weapon_rate': np.float64(0.016041112265416553), 'environment/deckbuild_result/gatecard/STT03-002/portal_rate': np.float64(0.09464451510991369), 'environment/deckbuild_result/gatecard/STT03-002/play_entity_rate': np.float64(0.3368319996765682), 'environment/deckbuild_result/gatecard/STT03-002/noop_rate': np.float64(0.2611742232527052), 'environment/deckbuild_result/gatecard/STT03-002/episode_length': np.float64(97.0), 'environment/deckbuild_result/gatecard/STT03-002/leader_health': np.float64(0.27142857228006634), 'environment/deckbuild_result/gatecard/STT03-002/ability_rate': np.float64(0.05291997654629605), 'environment/deckbuild/leader_card/STT04-001': np.float64(1.0), 'environment/azk_step_deckbuild/leader_card/STT04-001': np.float64(1.0), 'environment/deckbuild_gatecard/AZK01-122/leader/STT04-001': np.float64(1.0), 'environment/azk_step_deckbuild_gatecard/AZK01-122/leader/STT04-001': np.float64(1.0), 'environment/deckbuild_gatecard/STT03-002/leader/AZK01-123': np.float64(1.0), 'environment/azk_step_deckbuild_gatecard/STT03-002/leader/AZK01-123': np.float64(1.0), 'environment/deckbuild_result/gate_pair/EARTH_vs_EARTH/game': np.float64(1.0), 'environment/deckbuild_result/gate_pair/EARTH_vs_EARTH/win': np.float64(0.5), 'environment/deckbuild_result/gate_pair_unordered/EARTH_vs_EARTH/game': np.float64(1.0), 'environment/deckbuild_result/gate_pair_unordered/EARTH_vs_EARTH/win': np.float64(0.5), 'environment/deckbuild/leader_card/AZK01-125': np.float64(1.0), 'environment/azk_step_deckbuild/leader_card/AZK01-125': np.float64(1.0), 'environment/deckbuild_gatecard/STT02-002/game': np.float64(1.0), 'environment/azk_step_deckbuild_gatecard/STT02-002/game': np.float64(1.0), 'environment/deckbuild_gatecard/STT02-002/avg_cost': np.float64(2.8733333333333335), 'environment/azk_step_deckbuild_gatecard/STT02-002/avg_cost': np.float64(2.8733333333333335), 'environment/deckbuild_gatecard/STT02-002/main_unique': np.float64(37.333333333333336), 'environment/azk_step_deckbuild_gatecard/STT02-002/main_unique': np.float64(37.333333333333336), 'environment/deckbuild_gatecard/STT02-002/copy_entropy_norm': np.float64(0.9759466770545605), 'environment/azk_step_deckbuild_gatecard/STT02-002/copy_entropy_norm': np.float64(0.9759466770545605), 'environment/deckbuild_gatecard/STT02-002/gate_element_share': np.float64(0.37333333333333335), 'environment/azk_step_deckbuild_gatecard/STT02-002/gate_element_share': np.float64(0.37333333333333335), 'environment/deckbuild_gatecard/STT02-002/type_share/ENTITY': np.float64(0.7233333333333333), 'environment/azk_step_deckbuild_gatecard/STT02-002/type_share/ENTITY': np.float64(0.7233333333333333), 'environment/deckbuild_gatecard/STT02-002/type_share/SPELL': np.float64(0.22166666666666668), 'environment/azk_step_deckbuild_gatecard/STT02-002/type_share/SPELL': np.float64(0.22166666666666668), 'environment/deckbuild_gatecard/STT02-002/type_share/WEAPON': np.float64(0.055000000000000014), 'environment/azk_step_deckbuild_gatecard/STT02-002/type_share/WEAPON': np.float64(0.055000000000000014), 'environment/deckbuild_gatecard/STT02-002/cost_share/0_1': np.float64(0.26666666666666666), 'environment/azk_step_deckbuild_gatecard/STT02-002/cost_share/0_1': np.float64(0.26666666666666666), 'environment/deckbuild_gatecard/STT02-002/cost_share/2_3': np.float64(0.4200000000000001), 'environment/azk_step_deckbuild_gatecard/STT02-002/cost_share/2_3': np.float64(0.4200000000000001), 'environment/deckbuild_gatecard/STT02-002/cost_share/4_5': np.float64(0.2166666666666667), 'environment/azk_step_deckbuild_gatecard/STT02-002/cost_share/4_5': np.float64(0.2166666666666667), 'environment/deckbuild_gatecard/STT02-002/cost_share/6_plus': np.float64(0.09666666666666668), 'environment/azk_step_deckbuild_gatecard/STT02-002/cost_share/6_plus': np.float64(0.09666666666666668), 'environment/deckbuild_gatecard/STT02-002/leader/AZK01-125': np.float64(1.0), 'environment/azk_step_deckbuild_gatecard/STT02-002/leader/AZK01-125': np.float64(1.0), 'environment/deckbuild_result/gate/WATER/game': np.float64(1.0), 'environment/deckbuild_result/gate/WATER/win': np.float64(0.375), 'environment/deckbuild_result/gate_pair/WATER_vs_LIGHTNING/game': np.float64(1.0), 'environment/deckbuild_result/gate_pair/WATER_vs_LIGHTNING/win': np.float64(0.375), 'environment/deckbuild_result/gate_pair_unordered/LIGHTNING_vs_WATER/game': np.float64(1.0), 'environment/deckbuild_result/gate_pair_unordered/LIGHTNING_vs_WATER/win': np.float64(0.5), 'environment/deckbuild_result/gatecard/STT02-002/game': np.float64(1.0), 'environment/deckbuild_result/gatecard/STT02-002/win': np.float64(0.3333333333333333), 'environment/deckbuild_result/gatecard/STT02-002/attack_rate': np.float64(0.1695234291255474), 'environment/deckbuild_result/gatecard/STT02-002/spell_rate': np.float64(0.028599945673098166), 'environment/deckbuild_result/gatecard/STT02-002/weapon_rate': np.float64(0.011406036093831062), 'environment/deckbuild_result/gatecard/STT02-002/portal_rate': np.float64(0.09329005765418212), 'environment/deckbuild_result/gatecard/STT02-002/play_entity_rate': np.float64(0.3640103687842687), 'environment/deckbuild_result/gatecard/STT02-002/noop_rate': np.float64(0.23512785012523332), 'environment/deckbuild_result/gatecard/STT02-002/episode_length': np.float64(98.58333333333333), 'environment/deckbuild_result/gatecard/STT02-002/leader_health': np.float64(0.1833333314086), 'environment/deckbuild_result/gatecard/STT02-002/ability_rate': np.float64(0.03700603498145938), 'environment/deckbuild_result/gate_pair/LIGHTNING_vs_WATER/game': np.float64(1.0), 'environment/deckbuild_result/gate_pair/LIGHTNING_vs_WATER/win': np.float64(0.625), 'environment/deckbuild_gatecard/STT04-002/leader/STT04-001': np.float64(1.0), 'environment/azk_step_deckbuild_gatecard/STT04-002/leader/STT04-001': np.float64(1.0), 'environment/deckbuild_result/gate_pair/FIRE_vs_LIGHTNING/game': np.float64(1.0), 'environment/deckbuild_result/gate_pair/FIRE_vs_LIGHTNING/win': np.float64(0.6), 'environment/deckbuild_result/gate_pair_unordered/FIRE_vs_LIGHTNING/game': np.float64(1.0), 'environment/deckbuild_result/gate_pair_unordered/FIRE_vs_LIGHTNING/win': np.float64(0.5), 'environment/deckbuild_gatecard/AZK01-120/leader/AZK01-119': np.float64(1.0), 'environment/azk_step_deckbuild_gatecard/AZK01-120/leader/AZK01-119': np.float64(1.0), 'environment/deckbuild_result/gate_pair/LIGHTNING_vs_FIRE/game': np.float64(1.0), 'environment/deckbuild_result/gate_pair/LIGHTNING_vs_FIRE/win': np.float64(0.4), 'environment/deckbuild/leader_card/STT02-001': np.float64(1.0), 'environment/azk_step_deckbuild/leader_card/STT02-001': np.float64(1.0), 'environment/deckbuild_gatecard/AZK01-126/game': np.float64(1.0), 'environment/azk_step_deckbuild_gatecard/AZK01-126/game': np.float64(1.0), 'environment/deckbuild_gatecard/AZK01-126/avg_cost': np.float64(2.8449999999999998), 'environment/azk_step_deckbuild_gatecard/AZK01-126/avg_cost': np.float64(2.8449999999999998), 'environment/deckbuild_gatecard/AZK01-126/main_unique': np.float64(37.25), 'environment/azk_step_deckbuild_gatecard/AZK01-126/main_unique': np.float64(37.25), 'environment/deckbuild_gatecard/AZK01-126/copy_entropy_norm': np.float64(0.9767141043473876), 'environment/azk_step_deckbuild_gatecard/AZK01-126/copy_entropy_norm': np.float64(0.9767141043473876), 'environment/deckbuild_gatecard/AZK01-126/gate_element_share': np.float64(0.36000000000000004), 'environment/azk_step_deckbuild_gatecard/AZK01-126/gate_element_share': np.float64(0.36000000000000004), 'environment/deckbuild_gatecard/AZK01-126/type_share/ENTITY': np.float64(0.74), 'environment/azk_step_deckbuild_gatecard/AZK01-126/type_share/ENTITY': np.float64(0.74), 'environment/deckbuild_gatecard/AZK01-126/type_share/SPELL': np.float64(0.2), 'environment/azk_step_deckbuild_gatecard/AZK01-126/type_share/SPELL': np.float64(0.2), 'environment/deckbuild_gatecard/AZK01-126/type_share/WEAPON': np.float64(0.06), 'environment/azk_step_deckbuild_gatecard/AZK01-126/type_share/WEAPON': np.float64(0.06), 'environment/deckbuild_gatecard/AZK01-126/cost_share/0_1': np.float64(0.25), 'environment/azk_step_deckbuild_gatecard/AZK01-126/cost_share/0_1': np.float64(0.25), 'environment/deckbuild_gatecard/AZK01-126/cost_share/2_3': np.float64(0.43499999999999994), 'environment/azk_step_deckbuild_gatecard/AZK01-126/cost_share/2_3': np.float64(0.43499999999999994), 'environment/deckbuild_gatecard/AZK01-126/cost_share/4_5': np.float64(0.23), 'environment/azk_step_deckbuild_gatecard/AZK01-126/cost_share/4_5': np.float64(0.23), 'environment/deckbuild_gatecard/AZK01-126/cost_share/6_plus': np.float64(0.085), 'environment/azk_step_deckbuild_gatecard/AZK01-126/cost_share/6_plus': np.float64(0.085), 'environment/deckbuild_gatecard/AZK01-126/leader/STT02-001': np.float64(1.0), 'environment/azk_step_deckbuild_gatecard/AZK01-126/leader/STT02-001': np.float64(1.0), 'environment/deckbuild_result/gatecard/AZK01-126/game': np.float64(1.0), 'environment/deckbuild_result/gatecard/AZK01-126/win': np.float64(0.5), 'environment/deckbuild_result/gatecard/AZK01-126/attack_rate': np.float64(0.1704304963350296), 'environment/deckbuild_result/gatecard/AZK01-126/spell_rate': np.float64(0.02610389655455947), 'environment/deckbuild_result/gatecard/AZK01-126/weapon_rate': np.float64(0.016904762014746666), 'environment/deckbuild_result/gatecard/AZK01-126/portal_rate': np.float64(0.08968494646251202), 'environment/deckbuild_result/gatecard/AZK01-126/play_entity_rate': np.float64(0.31569986790418625), 'environment/deckbuild_result/gatecard/AZK01-126/noop_rate': np.float64(0.2335810475051403), 'environment/deckbuild_result/gatecard/AZK01-126/episode_length': np.float64(99.75), 'environment/deckbuild_result/gatecard/AZK01-126/leader_health': np.float64(0.36249999701976776), 'environment/deckbuild_result/gatecard/AZK01-126/ability_rate': np.float64(0.04336940869688988), 'environment/deckbuild_result/gate_pair/WATER_vs_EARTH/game': np.float64(1.0), 'environment/deckbuild_result/gate_pair/WATER_vs_EARTH/win': np.float64(0.0), 'environment/deckbuild_result/gate_pair_unordered/EARTH_vs_WATER/game': np.float64(1.0), 'environment/deckbuild_result/gate_pair_unordered/EARTH_vs_WATER/win': np.float64(0.5), 'environment/deckbuild_gatecard/AZK01-124/leader/STT03-001': np.float64(1.0), 'environment/azk_step_deckbuild_gatecard/AZK01-124/leader/STT03-001': np.float64(1.0), 'environment/deckbuild_result/gate_pair/EARTH_vs_WATER/game': np.float64(1.0), 'environment/deckbuild_result/gate_pair/EARTH_vs_WATER/win': np.float64(1.0), 'environment/deckbuild_gatecard/STT02-002/leader/STT02-001': np.float64(1.0), 'environment/azk_step_deckbuild_gatecard/STT02-002/leader/STT02-001': np.float64(1.0), 'environment/deckbuild_result/gate_pair/WATER_vs_FIRE/game': np.float64(1.0), 'environment/deckbuild_result/gate_pair/WATER_vs_FIRE/win': np.float64(0.5), 'environment/deckbuild_result/gate_pair_unordered/FIRE_vs_WATER/game': np.float64(1.0), 'environment/deckbuild_result/gate_pair_unordered/FIRE_vs_WATER/win': np.float64(0.5), 'environment/deckbuild_result/gate_pair/FIRE_vs_WATER/game': np.float64(1.0), 'environment/deckbuild_result/gate_pair/FIRE_vs_WATER/win': np.float64(0.5), 'environment/deckbuild_gatecard/AZK01-126/leader/AZK01-125': np.float64(1.0), 'environment/azk_step_deckbuild_gatecard/AZK01-126/leader/AZK01-125': np.float64(1.0), 'environment/deckbuild_result/gate_pair/EARTH_vs_FIRE/game': np.float64(1.0), 'environment/deckbuild_result/gate_pair/EARTH_vs_FIRE/win': np.float64(0.3333333333333333), 'environment/deckbuild_result/gate_pair_unordered/EARTH_vs_FIRE/game': np.float64(1.0), 'environment/deckbuild_result/gate_pair_unordered/EARTH_vs_FIRE/win': np.float64(0.5), 'environment/deckbuild_result/gate_pair/FIRE_vs_EARTH/game': np.float64(1.0), 'environment/deckbuild_result/gate_pair/FIRE_vs_EARTH/win': np.float64(0.6666666666666666), 'losses/policy_loss': 0.011451618745923042, 'losses/value_loss': 0.04386208951473236, 'losses/value_loss_total': 0.04386208951473236, 'losses/entropy': 0.9613198637962341, 'losses/old_approx_kl': -7.743583410046995e-05, 'losses/approx_kl': 1.2111244359402917e-05, 'losses/clipfrac': 0.0, 'losses/importance': 1.0000896453857422, 'losses/win_prob_aux_loss': 0.69140625, 'losses/win_prob_aux_labeled_frac': 0.060791015625, 'losses/explained_variance': 0.03203529119491577, 'losses/win_prob_aux_accuracy': 0.7734375, 'losses/win_prob_aux_brier': 0.2490234375, 'losses/win_prob_aux_pred_mean': 0.5, 'losses/win_prob_aux_target_mean': 0.5390625, 'performance/eval': 16.638882160186768, 'performance/train': 15.902020931243896, 'performance/eval_forward': 16.284037828445435, 'performance/env': 0.03296971321105957, 'performance/eval_copy': 0.30713558197021484, 'performance/eval_misc': 0.014644861221313477, 'performance/train_forward': 3.269890546798706, 'performance/learn_backward': 6.168843507766724, 'performance/learn_opt': 6.361558437347412, 'performance/train_copy': 0.004945993423461914, 'performance/train_misc': 0.09670019149780273}
[0;0H╭──────────────────────────────────────────────────────────────────────────────╮
│  PufferLib 4.0       🐡         CPU:     GPU: 0.0%  DRAM: 2.8%   VRAM: 0.0%  │
│                                152.1%                                        │
│                                                                              │
│  Summary          Value    Evaluate     16s  52%    Losses            Value  │
│  Env        azuki_local      Forwa…     16s  51%    policy_loss      -0.002  │
│  Params           90.2M      Env         0s   0%    value_loss        0.102  │
│  Steps           215.0K      Copy        0s   0%    value_loss_to…    0.102  │
│  SPS               4.4K      Misc        0s   0%    entropy           1.013  │
│  Epoch               14    Train        15s  47%    old_approx_kl    -0.000  │
│  Uptime          2m 58s      Forwa…      3s   9%    approx_kl         0.000  │
│  Remaini…           20s      Backw…      6s  18%    clipfrac          0.000  │
│                              Optim…      6s  19%    importance        1.000  │
│                              Copy        0s   0%    win_prob_aux_…    0.691  │
│                              Misc        0s   0%    win_prob_aux_…    0.215  │
│                                                     explained_var…    0.030  │
│                                                     win_prob_aux_…    0.684  │
│                                                     win_prob_aux_…    0.248  │
│                                                     win_prob_aux_…    0.496  │
│                                                     win_prob_aux_…    0.479  │
│                                                                              │
│  User Stats                    Value    User Stats                    Value  │
│  league/active                 1.000    sampler/subaction_tem…        1.200  │
│  sampler/smoothing_eps         0.050    anneal/ent_coef               0.009  │
│  perf                          0.000    score                         0.000  │
│  episode_return               -0.754    episode_length              113.761  │
│  p0_episode_return            -0.754    p1_episode_return             0.754  │
│  p0_winrate                    0.439    p1_winrate                    0.561  │
│  p0_start_rate                 0.528    p1_start_rate                 0.472  │
│  draw_rate                     0.000    timeout_truncation_ra…        0.000  │
│  auto_tick_truncation_…        0.000    zero_legal_action_tru…        0.000  │
│  gameover_terminal_rate        1.000    winner_terminal_rate          1.000  │
│  curriculum_episode_cap        0.000    reward_shaping_scale          1.000  │
│  completed_episodes            1.000    p0_noop_selected_rate         0.217  │
│  p1_noop_selected_rate         0.209    p0_attack_selected_ra…        0.193  │
│  p1_attack_selected_ra…        0.209    p0_attach_weapon_from…        0.017  │
│  p1_attach_weapon_from…        0.022    p0_play_spell_from_ha…        0.037  │
╰──────────────────────────────────────────────────────────────────────────────╯

[epoch 14] {'SPS': 4438.732821525341, 'agent_steps': 215040, 'uptime': 178.48815369606018, 'epoch': 14, 'learning_rate': 0.0006183221215612908, 'environment/league/active': np.float64(1.0), 'environment/sampler/subaction_temperature': np.float64(1.2), 'environment/sampler/smoothing_eps': np.float64(0.05), 'environment/anneal/ent_coef': np.float64(0.008666666666666666), 'environment/perf': np.float64(0.0), 'environment/score': np.float64(0.0), 'environment/episode_return': np.float64(-0.7536808923936226), 'environment/episode_length': np.float64(113.7605633802817), 'environment/p0_episode_return': np.float64(-0.7536808923936226), 'environment/p1_episode_return': np.float64(0.7536808923936226), 'environment/p0_winrate': np.float64(0.43896713684981975), 'environment/p1_winrate': np.float64(0.5610328644094332), 'environment/p0_start_rate': np.float64(0.528169014924009), 'environment/p1_start_rate': np.float64(0.47183098633524395), 'environment/draw_rate': np.float64(0.0), 'environment/timeout_truncation_rate': np.float64(0.0), 'environment/auto_tick_truncation_rate': np.float64(0.0), 'environment/zero_legal_action_truncation_rate': np.float64(0.0), 'environment/gameover_terminal_rate': np.float64(1.0), 'environment/winner_terminal_rate': np.float64(1.0), 'environment/curriculum_episode_cap': np.float64(0.0), 'environment/reward_shaping_scale': np.float64(1.0), 'environment/completed_episodes': np.float64(1.0), 'environment/p0_noop_selected_rate': np.float64(0.21710774585814543), 'environment/p1_noop_selected_rate': np.float64(0.20894439025244244), 'environment/p0_attack_selected_rate': np.float64(0.1929861402637522), 'environment/p1_attack_selected_rate': np.float64(0.20891958223262302), 'environment/p0_attach_weapon_from_hand_selected_rate': np.float64(0.016775438050464005), 'environment/p1_attach_weapon_from_hand_selected_rate': np.float64(0.022211000323295593), 'environment/p0_play_spell_from_hand_selected_rate': np.float64(0.03718144828322488), 'environment/p1_play_spell_from_hand_selected_rate': np.float64(0.03398732892172018), 'environment/p0_activate_garden_or_leader_ability_selected_rate': np.float64(0.03795396405416475), 'environment/p1_activate_garden_or_leader_ability_selected_rate': np.float64(0.037321427076215476), 'environment/p0_activate_alley_ability_selected_rate': np.float64(0.002056861991508746), 'environment/p1_activate_alley_ability_selected_rate': np.float64(0.0014913922608633277), 'environment/p0_gate_portal_selected_rate': np.float64(0.09830122364973518), 'environment/p1_gate_portal_selected_rate': np.float64(0.08715865354407841), 'environment/p0_play_entity_to_alley_selected_rate': np.float64(0.1155221792278995), 'environment/p1_play_entity_to_alley_selected_rate': np.float64(0.1100123674726822), 'environment/p0_play_entity_to_garden_selected_rate': np.float64(0.08424743278030779), 'environment/p1_play_entity_to_garden_selected_rate': np.float64(0.07934005748690434), 'environment/p0_play_selected_rate': np.float64(0.35202772306724334), 'environment/p1_play_selected_rate': np.float64(0.3327094085619483), 'environment/p0_ability_selected_rate': np.float64(0.05781742240446554), 'environment/p1_ability_selected_rate': np.float64(0.05616282393604937), 'environment/p0_target_selected_rate': np.float64(0.17793583282282655), 'environment/p1_target_selected_rate': np.float64(0.19116995982091192), 'environment/p0_avg_leader_health': np.float64(0.2055164336318701), 'environment/p1_avg_leader_health': np.float64(0.300469486331436), 'environment/p0_entity_damage_dealt': np.float64(0.0), 'environment/p1_entity_damage_dealt': np.float64(0.0), 'environment/p0_entity_damage_taken': np.float64(0.0), 'environment/p1_entity_damage_taken': np.float64(0.0), 'environment/p0_generated_ikz_created': np.float64(0.0), 'environment/p1_generated_ikz_created': np.float64(0.0), 'environment/p0_generated_ikz_converted': np.float64(0.0), 'environment/p1_generated_ikz_converted': np.float64(0.0), 'environment/p0_generated_ikz_conversion_rate': np.float64(0.0), 'environment/p1_generated_ikz_conversion_rate': np.float64(0.0), 'environment/p0_temporary_charge_realized': np.float64(0.0), 'environment/p1_temporary_charge_realized': np.float64(0.0), 'environment/p0_temporary_attack_damage_realized': np.float64(0.0), 'environment/p1_temporary_attack_damage_realized': np.float64(0.0), 'environment/p0_contextual_response_reserve_opportunities': np.float64(0.0), 'environment/p1_contextual_response_reserve_opportunities': np.float64(0.0), 'environment/n': np.float64(1.2253521126760563), 'environment/deckbuild/completed': np.float64(1.0), 'environment/azk_step_deckbuild/completed': np.float64(1.0), 'environment/deckbuild/picks': np.float64(51.0), 'environment/azk_step_deckbuild/picks': np.float64(51.0), 'environment/deckbuild/main_count': np.float64(50.0), 'environment/azk_step_deckbuild/main_count': np.float64(50.0), 'environment/deckbuild/main_unique': np.float64(37.12323943661972), 'environment/azk_step_deckbuild/main_unique': np.float64(37.12323943661972), 'environment/deckbuild/main_unique_share': np.float64(0.7424647887323945), 'environment/azk_step_deckbuild/main_unique_share': np.float64(0.7424647887323945), 'environment/deckbuild/main_avg_copies_per_unique': np.float64(1.352225798602235), 'environment/azk_step_deckbuild/main_avg_copies_per_unique': np.float64(1.352225798602235), 'environment/deckbuild/main_max_copy_count': np.float64(3.2183098591549295), 'environment/azk_step_deckbuild/main_max_copy_count': np.float64(3.2183098591549295), 'environment/deckbuild/main_copy_entropy': np.float64(3.5259139607849503), 'environment/azk_step_deckbuild/main_copy_entropy': np.float64(3.5259139607849503), 'environment/deckbuild/main_copy_entropy_norm': np.float64(0.9760186497814884), 'environment/azk_step_deckbuild/main_copy_entropy_norm': np.float64(0.9760186497814884), 'environment/deckbuild/main_singleton_count': np.float64(26.774647887323944), 'environment/azk_step_deckbuild/main_singleton_count': np.float64(26.774647887323944), 'environment/deckbuild/main_pair_count': np.float64(8.20774647887324), 'environment/azk_step_deckbuild/main_pair_count': np.float64(8.20774647887324), 'environment/deckbuild/main_triplet_count': np.float64(1.7535211267605635), 'environment/azk_step_deckbuild/main_triplet_count': np.float64(1.7535211267605635), 'environment/deckbuild/main_quad_count': np.float64(0.3873239436619718), 'environment/azk_step_deckbuild/main_quad_count': np.float64(0.3873239436619718), 'environment/deckbuild/main_singleton_slot_share': np.float64(0.5354929577464788), 'environment/azk_step_deckbuild/main_singleton_slot_share': np.float64(0.5354929577464788), 'environment/deckbuild/main_pair_slot_share': np.float64(0.3283098591549296), 'environment/azk_step_deckbuild/main_pair_slot_share': np.float64(0.3283098591549296), 'environment/deckbuild/main_triplet_slot_share': np.float64(0.1052112676056338), 'environment/azk_step_deckbuild/main_triplet_slot_share': np.float64(0.1052112676056338), 'environment/deckbuild/main_quad_slot_share': np.float64(0.03098591549295775), 'environment/azk_step_deckbuild/main_quad_slot_share': np.float64(0.03098591549295775), 'environment/deckbuild/main_normal_share': np.float64(0.588638497652582), 'environment/azk_step_deckbuild/main_normal_share': np.float64(0.588638497652582), 'environment/deckbuild/main_gate_element_share': np.float64(0.4113615023474178), 'environment/azk_step_deckbuild/main_gate_element_share': np.float64(0.4113615023474178), 'environment/deckbuild/gate_match': np.float64(0.5117370892018779), 'environment/azk_step_deckbuild/gate_match': np.float64(0.5117370892018779), 'environment/deckbuild/gate/EARTH': np.float64(0.19600938967136153), 'environment/azk_step_deckbuild/gate/EARTH': np.float64(0.19600938967136153), 'environment/deckbuild/opponent_gate/EARTH': np.float64(0.19600938967136153), 'environment/azk_step_deckbuild/opponent_gate/EARTH': np.float64(0.19600938967136153), 'environment/deckbuild/leader/EARTH': np.float64(0.19600938967136153), 'environment/azk_step_deckbuild/leader/EARTH': np.float64(0.19600938967136153), 'environment/deckbuild/gate/FIRE': np.float64(0.30516431924882625), 'environment/azk_step_deckbuild/gate/FIRE': np.float64(0.30516431924882625), 'environment/deckbuild/opponent_gate/FIRE': np.float64(0.30516431924882625), 'environment/azk_step_deckbuild/opponent_gate/FIRE': np.float64(0.30516431924882625), 'environment/deckbuild/leader/FIRE': np.float64(0.30516431924882625), 'environment/azk_step_deckbuild/leader/FIRE': np.float64(0.30516431924882625), 'environment/deckbuild/gate/LIGHTNING': np.float64(0.2992957746478873), 'environment/azk_step_deckbuild/gate/LIGHTNING': np.float64(0.2992957746478873), 'environment/deckbuild/opponent_gate/LIGHTNING': np.float64(0.2992957746478873), 'environment/azk_step_deckbuild/opponent_gate/LIGHTNING': np.float64(0.2992957746478873), 'environment/deckbuild/leader/LIGHTNING': np.float64(0.2992957746478873), 'environment/azk_step_deckbuild/leader/LIGHTNING': np.float64(0.2992957746478873), 'environment/deckbuild/gate/WATER': np.float64(0.1995305164319249), 'environment/azk_step_deckbuild/gate/WATER': np.float64(0.1995305164319249), 'environment/deckbuild/opponent_gate/WATER': np.float64(0.1995305164319249), 'environment/azk_step_deckbuild/opponent_gate/WATER': np.float64(0.1995305164319249), 'environment/deckbuild/leader/WATER': np.float64(0.1995305164319249), 'environment/azk_step_deckbuild/leader/WATER': np.float64(0.1995305164319249), 'environment/deckbuild/main_type_count/ENTITY': np.float64(36.36854460093897), 'environment/azk_step_deckbuild/main_type_count/ENTITY': np.float64(36.36854460093897), 'environment/deckbuild/main_type_share/ENTITY': np.float64(0.7273708920187794), 'environment/azk_step_deckbuild/main_type_share/ENTITY': np.float64(0.7273708920187794), 'environment/deckbuild/main_type_count/SPELL': np.float64(9.77582159624413), 'environment/azk_step_deckbuild/main_type_count/SPELL': np.float64(9.77582159624413), 'environment/deckbuild/main_type_share/SPELL': np.float64(0.1955164319248826), 'environment/azk_step_deckbuild/main_type_share/SPELL': np.float64(0.1955164319248826), 'environment/deckbuild/main_type_count/WEAPON': np.float64(3.8556338028169015), 'environment/azk_step_deckbuild/main_type_count/WEAPON': np.float64(3.8556338028169015), 'environment/deckbuild/main_type_share/WEAPON': np.float64(0.07711267605633804), 'environment/azk_step_deckbuild/main_type_share/WEAPON': np.float64(0.07711267605633804), 'environment/deckbuild/main_element_count/EARTH': np.float64(4.093896713615023), 'environment/azk_step_deckbuild/main_element_count/EARTH': np.float64(4.093896713615023), 'environment/deckbuild/main_element_share/EARTH': np.float64(0.08187793427230047), 'environment/azk_step_deckbuild/main_element_share/EARTH': np.float64(0.08187793427230047), 'environment/deckbuild/main_element_count/FIRE': np.float64(6.670187793427231), 'environment/azk_step_deckbuild/main_element_count/FIRE': np.float64(6.670187793427231), 'environment/deckbuild/main_element_share/FIRE': np.float64(0.1334037558685446), 'environment/azk_step_deckbuild/main_element_share/FIRE': np.float64(0.1334037558685446), 'environment/deckbuild/main_element_count/LIGHTNING': np.float64(5.845070422535211), 'environment/azk_step_deckbuild/main_element_count/LIGHTNING': np.float64(5.845070422535211), 'environment/deckbuild/main_element_share/LIGHTNING': np.float64(0.11690140845070424), 'environment/azk_step_deckbuild/main_element_share/LIGHTNING': np.float64(0.11690140845070424), 'environment/deckbuild/main_element_count/NORMAL': np.float64(29.43192488262911), 'environment/azk_step_deckbuild/main_element_count/NORMAL': np.float64(29.43192488262911), 'environment/deckbuild/main_element_share/NORMAL': np.float64(0.588638497652582), 'environment/azk_step_deckbuild/main_element_share/NORMAL': np.float64(0.588638497652582), 'environment/deckbuild/main_element_count/WATER': np.float64(3.958920187793427), 'environment/azk_step_deckbuild/main_element_count/WATER': np.float64(3.958920187793427), 'environment/deckbuild/main_element_share/WATER': np.float64(0.07917840375586856), 'environment/azk_step_deckbuild/main_element_share/WATER': np.float64(0.07917840375586856), 'environment/deckbuild/main_avg_cost': np.float64(2.9208215962441315), 'environment/azk_step_deckbuild/main_avg_cost': np.float64(2.9208215962441315), 'environment/deckbuild/main_cost_share/0_1': np.float64(0.24692488262910797), 'environment/azk_step_deckbuild/main_cost_share/0_1': np.float64(0.24692488262910797), 'environment/deckbuild/main_cost_share/2_3': np.float64(0.4111971830985916), 'environment/azk_step_deckbuild/main_cost_share/2_3': np.float64(0.4111971830985916), 'environment/deckbuild/main_cost_share/4_5': np.float64(0.2734976525821597), 'environment/azk_step_deckbuild/main_cost_share/4_5': np.float64(0.2734976525821597), 'environment/deckbuild/main_cost_share/6_plus': np.float64(0.06838028169014083), 'environment/azk_step_deckbuild/main_cost_share/6_plus': np.float64(0.06838028169014083), 'environment/deckbuild/leader_card/STT03-001': np.float64(1.0), 'environment/azk_step_deckbuild/leader_card/STT03-001': np.float64(1.0), 'environment/deckbuild_gatecard/AZK01-124/game': np.float64(1.0), 'environment/azk_step_deckbuild_gatecard/AZK01-124/game': np.float64(1.0), 'environment/deckbuild_gatecard/AZK01-124/avg_cost': np.float64(3.2084615384615387), 'environment/azk_step_deckbuild_gatecard/AZK01-124/avg_cost': np.float64(3.2084615384615387), 'environment/deckbuild_gatecard/AZK01-124/main_unique': np.float64(36.38461538461539), 'environment/azk_step_deckbuild_gatecard/AZK01-124/main_unique': np.float64(36.38461538461539), 'environment/deckbuild_gatecard/AZK01-124/copy_entropy_norm': np.float64(0.9741304774616313), 'environment/azk_step_deckbuild_gatecard/AZK01-124/copy_entropy_norm': np.float64(0.9741304774616313), 'environment/deckbuild_gatecard/AZK01-124/gate_element_share': np.float64(0.42846153846153856), 'environment/azk_step_deckbuild_gatecard/AZK01-124/gate_element_share': np.float64(0.42846153846153856), 'environment/deckbuild_gatecard/AZK01-124/type_share/ENTITY': np.float64(0.7276923076923076), 'environment/azk_step_deckbuild_gatecard/AZK01-124/type_share/ENTITY': np.float64(0.7276923076923076), 'environment/deckbuild_gatecard/AZK01-124/type_share/SPELL': np.float64(0.21615384615384617), 'environment/azk_step_deckbuild_gatecard/AZK01-124/type_share/SPELL': np.float64(0.21615384615384617), 'environment/deckbuild_gatecard/AZK01-124/type_share/WEAPON': np.float64(0.05615384615384617), 'environment/azk_step_deckbuild_gatecard/AZK01-124/type_share/WEAPON': np.float64(0.05615384615384617), 'environment/deckbuild_gatecard/AZK01-124/cost_share/0_1': np.float64(0.23153846153846158), 'environment/azk_step_deckbuild_gatecard/AZK01-124/cost_share/0_1': np.float64(0.23153846153846158), 'environment/deckbuild_gatecard/AZK01-124/cost_share/2_3': np.float64(0.3738461538461539), 'environment/azk_step_deckbuild_gatecard/AZK01-124/cost_share/2_3': np.float64(0.3738461538461539), 'environment/deckbuild_gatecard/AZK01-124/cost_share/4_5': np.float64(0.27692307692307694), 'environment/azk_step_deckbuild_gatecard/AZK01-124/cost_share/4_5': np.float64(0.27692307692307694), 'environment/deckbuild_gatecard/AZK01-124/cost_share/6_plus': np.float64(0.1176923076923077), 'environment/azk_step_deckbuild_gatecard/AZK01-124/cost_share/6_plus': np.float64(0.1176923076923077), 'environment/deckbuild_gatecard/AZK01-124/leader/STT03-001': np.float64(1.0), 'environment/azk_step_deckbuild_gatecard/AZK01-124/leader/STT03-001': np.float64(1.0), 'environment/deckbuild_result/game': np.float64(1.0), 'environment/deckbuild_result/win': np.float64(0.5), 'environment/deckbuild_result/gate_match': np.float64(0.5117370892018779), 'environment/deckbuild_result/gate_match_win_joint': np.float64(0.25586854460093894), 'environment/deckbuild_result/gate_mismatch': np.float64(0.488262910798122), 'environment/deckbuild_result/gate_mismatch_win_joint': np.float64(0.244131455399061), 'environment/deckbuild_result/gate/EARTH/game': np.float64(1.0), 'environment/deckbuild_result/gate/EARTH/win': np.float64(0.6234567901234568), 'environment/deckbuild_result/gate_pair/EARTH_vs_LIGHTNING/game': np.float64(1.0), 'environment/deckbuild_result/gate_pair/EARTH_vs_LIGHTNING/win': np.float64(0.6666666666666666), 'environment/deckbuild_result/gate_pair_unordered/EARTH_vs_LIGHTNING/game': np.float64(1.0), 'environment/deckbuild_result/gate_pair_unordered/EARTH_vs_LIGHTNING/win': np.float64(0.5), 'environment/deckbuild_result/gate_mismatch/game': np.float64(1.0), 'environment/deckbuild_result/gate_mismatch/win': np.float64(0.5), 'environment/deckbuild_result/gate_freq/EARTH': np.float64(0.19600938967136153), 'environment/deckbuild_result/gate_win_joint/EARTH': np.float64(0.11737089201877933), 'environment/deckbuild_result/gate_freq/FIRE': np.float64(0.30516431924882625), 'environment/deckbuild_result/gate_win_joint/FIRE': np.float64(0.13967136150234744), 'environment/deckbuild_result/gate_freq/LIGHTNING': np.float64(0.2992957746478873), 'environment/deckbuild_result/gate_win_joint/LIGHTNING': np.float64(0.1431924882629108), 'environment/deckbuild_result/gate_freq/WATER': np.float64(0.1995305164319249), 'environment/deckbuild_result/gate_win_joint/WATER': np.float64(0.09976525821596244), 'environment/deckbuild_result/gate_pair_freq/EARTH_vs_EARTH': np.float64(0.07276995305164319), 'environment/deckbuild_result/gate_pair_win_joint/EARTH_vs_EARTH': np.float64(0.036384976525821594), 'environment/deckbuild_result/gate_pair_freq/EARTH_vs_FIRE': np.float64(0.058685446009389665), 'environment/deckbuild_result/gate_pair_win_joint/EARTH_vs_FIRE': np.float64(0.04460093896713615), 'environment/deckbuild_result/gate_pair_freq/EARTH_vs_LIGHTNING': np.float64(0.04460093896713615), 'environment/deckbuild_result/gate_pair_win_joint/EARTH_vs_LIGHTNING': np.float64(0.026995305164319246), 'environment/deckbuild_result/gate_pair_freq/EARTH_vs_WATER': np.float64(0.019953051643192485), 'environment/deckbuild_result/gate_pair_win_joint/EARTH_vs_WATER': np.float64(0.009389671361502348), 'environment/deckbuild_result/gate_pair_freq/FIRE_vs_EARTH': np.float64(0.058685446009389665), 'environment/deckbuild_result/gate_pair_win_joint/FIRE_vs_EARTH': np.float64(0.014084507042253521), 'environment/deckbuild_result/gate_pair_freq/FIRE_vs_FIRE': np.float64(0.16666666666666669), 'environment/deckbuild_result/gate_pair_win_joint/FIRE_vs_FIRE': np.float64(0.08333333333333334), 'environment/deckbuild_result/gate_pair_freq/FIRE_vs_LIGHTNING': np.float64(0.058685446009389665), 'environment/deckbuild_result/gate_pair_win_joint/FIRE_vs_LIGHTNING': np.float64(0.028169014084507043), 'environment/deckbuild_result/gate_pair_freq/FIRE_vs_WATER': np.float64(0.02112676056338028), 'environment/deckbuild_result/gate_pair_win_joint/FIRE_vs_WATER': np.float64(0.014084507042253521), 'environment/deckbuild_result/gate_pair_freq/LIGHTNING_vs_EARTH': np.float64(0.04460093896713615), 'environment/deckbuild_result/gate_pair_win_joint/LIGHTNING_vs_EARTH': np.float64(0.017605633802816902), 'environment/deckbuild_result/gate_pair_freq/LIGHTNING_vs_FIRE': np.float64(0.058685446009389665), 'environment/deckbuild_result/gate_pair_win_joint/LIGHTNING_vs_FIRE': np.float64(0.030516431924882625), 'environment/deckbuild_result/gate_pair_freq/LIGHTNING_vs_LIGHTNING': np.float64(0.15492957746478872), 'environment/deckbuild_result/gate_pair_win_joint/LIGHTNING_vs_LIGHTNING': np.float64(0.07746478873239436), 'environment/deckbuild_result/gate_pair_freq/LIGHTNING_vs_WATER': np.float64(0.041079812206572766), 'environment/deckbuild_result/gate_pair_win_joint/LIGHTNING_vs_WATER': np.float64(0.017605633802816902), 'environment/deckbuild_result/gate_pair_freq/WATER_vs_EARTH': np.float64(0.019953051643192485), 'environment/deckbuild_result/gate_pair_win_joint/WATER_vs_EARTH': np.float64(0.01056338028169014), 'environment/deckbuild_result/gate_pair_freq/WATER_vs_FIRE': np.float64(0.02112676056338028), 'environment/deckbuild_result/gate_pair_win_joint/WATER_vs_FIRE': np.float64(0.007042253521126761), 'environment/deckbuild_result/gate_pair_freq/WATER_vs_LIGHTNING': np.float64(0.041079812206572766), 'environment/deckbuild_result/gate_pair_win_joint/WATER_vs_LIGHTNING': np.float64(0.023474178403755867), 'environment/deckbuild_result/gate_pair_freq/WATER_vs_WATER': np.float64(0.11737089201877933), 'environment/deckbuild_result/gate_pair_win_joint/WATER_vs_WATER': np.float64(0.058685446009389665), 'environment/deckbuild_result/gate_pair_unordered_freq/EARTH_vs_EARTH': np.float64(0.07276995305164319), 'environment/deckbuild_result/gate_pair_unordered_win_joint/EARTH_vs_EARTH': np.float64(0.036384976525821594), 'environment/deckbuild_result/gate_pair_unordered_freq/EARTH_vs_FIRE': np.float64(0.11737089201877933), 'environment/deckbuild_result/gate_pair_unordered_win_joint/EARTH_vs_FIRE': np.float64(0.058685446009389665), 'environment/deckbuild_result/gate_pair_unordered_freq/EARTH_vs_LIGHTNING': np.float64(0.0892018779342723), 'environment/deckbuild_result/gate_pair_unordered_win_joint/EARTH_vs_LIGHTNING': np.float64(0.04460093896713615), 'environment/deckbuild_result/gate_pair_unordered_freq/EARTH_vs_WATER': np.float64(0.03990610328638497), 'environment/deckbuild_result/gate_pair_unordered_win_joint/EARTH_vs_WATER': np.float64(0.019953051643192485), 'environment/deckbuild_result/gate_pair_unordered_freq/FIRE_vs_FIRE': np.float64(0.16666666666666669), 'environment/deckbuild_result/gate_pair_unordered_win_joint/FIRE_vs_FIRE': np.float64(0.08333333333333334), 'environment/deckbuild_result/gate_pair_unordered_freq/FIRE_vs_LIGHTNING': np.float64(0.11737089201877933), 'environment/deckbuild_result/gate_pair_unordered_win_joint/FIRE_vs_LIGHTNING': np.float64(0.058685446009389665), 'environment/deckbuild_result/gate_pair_unordered_freq/FIRE_vs_WATER': np.float64(0.04225352112676056), 'environment/deckbuild_result/gate_pair_unordered_win_joint/FIRE_vs_WATER': np.float64(0.02112676056338028), 'environment/deckbuild_result/gate_pair_unordered_freq/LIGHTNING_vs_LIGHTNING': np.float64(0.15492957746478872), 'environment/deckbuild_result/gate_pair_unordered_win_joint/LIGHTNING_vs_LIGHTNING': np.float64(0.07746478873239436), 'environment/deckbuild_result/gate_pair_unordered_freq/LIGHTNING_vs_WATER': np.float64(0.08215962441314553), 'environment/deckbuild_result/gate_pair_unordered_win_joint/LIGHTNING_vs_WATER': np.float64(0.041079812206572766), 'environment/deckbuild_result/gate_pair_unordered_freq/WATER_vs_WATER': np.float64(0.11737089201877933), 'environment/deckbuild_result/gate_pair_unordered_win_joint/WATER_vs_WATER': np.float64(0.058685446009389665), 'environment/deckbuild_result/gatecard/AZK01-124/game': np.float64(1.0), 'environment/deckbuild_result/gatecard/AZK01-124/win': np.float64(0.5384615384615384), 'environment/deckbuild_result/gatecard/AZK01-124/attack_rate': np.float64(0.18324427192027753), 'environment/deckbuild_result/gatecard/AZK01-124/spell_rate': np.float64(0.03220187342510773), 'environment/deckbuild_result/gatecard/AZK01-124/weapon_rate': np.float64(0.011857749177859379), 'environment/deckbuild_result/gatecard/AZK01-124/portal_rate': np.float64(0.09233207857379547), 'environment/deckbuild_result/gatecard/AZK01-124/play_entity_rate': np.float64(0.32370917155192447), 'environment/deckbuild_result/gatecard/AZK01-124/noop_rate': np.float64(0.21681279918322197), 'environment/deckbuild_result/gatecard/AZK01-124/episode_length': np.float64(113.61538461538461), 'environment/deckbuild_result/gatecard/AZK01-124/leader_health': np.float64(0.30384615522164565), 'environment/deckbuild_result/gatecard/AZK01-124/ability_rate': np.float64(0.04818955207100281), 'environment/deckbuild/leader_card/STT01-001': np.float64(1.0), 'environment/azk_step_deckbuild/leader_card/STT01-001': np.float64(1.0), 'environment/deckbuild_gatecard/AZK01-120/game': np.float64(1.0), 'environment/azk_step_deckbuild_gatecard/AZK01-120/game': np.float64(1.0), 'environment/deckbuild_gatecard/AZK01-120/avg_cost': np.float64(2.770666666666666), 'environment/azk_step_deckbuild_gatecard/AZK01-120/avg_cost': np.float64(2.770666666666666), 'environment/deckbuild_gatecard/AZK01-120/main_unique': np.float64(36.733333333333334), 'environment/azk_step_deckbuild_gatecard/AZK01-120/main_unique': np.float64(36.733333333333334), 'environment/deckbuild_gatecard/AZK01-120/copy_entropy_norm': np.float64(0.9761802823364204), 'environment/azk_step_deckbuild_gatecard/AZK01-120/copy_entropy_norm': np.float64(0.9761802823364204), 'environment/deckbuild_gatecard/AZK01-120/gate_element_share': np.float64(0.4020000000000001), 'environment/azk_step_deckbuild_gatecard/AZK01-120/gate_element_share': np.float64(0.4020000000000001), 'environment/deckbuild_gatecard/AZK01-120/type_share/ENTITY': np.float64(0.6846666666666668), 'environment/azk_step_deckbuild_gatecard/AZK01-120/type_share/ENTITY': np.float64(0.6846666666666668), 'environment/deckbuild_gatecard/AZK01-120/type_share/SPELL': np.float64(0.17533333333333337), 'environment/azk_step_deckbuild_gatecard/AZK01-120/type_share/SPELL': np.float64(0.17533333333333337), 'environment/deckbuild_gatecard/AZK01-120/type_share/WEAPON': np.float64(0.14), 'environment/azk_step_deckbuild_gatecard/AZK01-120/type_share/WEAPON': np.float64(0.14), 'environment/deckbuild_gatecard/AZK01-120/cost_share/0_1': np.float64(0.2617777777777778), 'environment/azk_step_deckbuild_gatecard/AZK01-120/cost_share/0_1': np.float64(0.2617777777777778), 'environment/deckbuild_gatecard/AZK01-120/cost_share/2_3': np.float64(0.4204444444444445), 'environment/azk_step_deckbuild_gatecard/AZK01-120/cost_share/2_3': np.float64(0.4204444444444445), 'environment/deckbuild_gatecard/AZK01-120/cost_share/4_5': np.float64(0.2806666666666667), 'environment/azk_step_deckbuild_gatecard/AZK01-120/cost_share/4_5': np.float64(0.2806666666666667), 'environment/deckbuild_gatecard/AZK01-120/cost_share/6_plus': np.float64(0.03711111111111111), 'environment/azk_step_deckbuild_gatecard/AZK01-120/cost_share/6_plus': np.float64(0.03711111111111111), 'environment/deckbuild_gatecard/AZK01-120/leader/STT01-001': np.float64(1.0), 'environment/azk_step_deckbuild_gatecard/AZK01-120/leader/STT01-001': np.float64(1.0), 'environment/deckbuild_result/gate/LIGHTNING/game': np.float64(1.0), 'environment/deckbuild_result/gate/LIGHTNING/win': np.float64(0.42857142857142855), 'environment/deckbuild_result/gate_pair/LIGHTNING_vs_EARTH/game': np.float64(1.0), 'environment/deckbuild_result/gate_pair/LIGHTNING_vs_EARTH/win': np.float64(0.3333333333333333), 'environment/deckbuild_result/gatecard/AZK01-120/game': np.float64(1.0), 'environment/deckbuild_result/gatecard/AZK01-120/win': np.float64(0.5111111111111111), 'environment/deckbuild_result/gatecard/AZK01-120/attack_rate': np.float64(0.21503086040417355), 'environment/deckbuild_result/gatecard/AZK01-120/spell_rate': np.float64(0.037987903277907104), 'environment/deckbuild_result/gatecard/AZK01-120/weapon_rate': np.float64(0.045252750337951717), 'environment/deckbuild_result/gatecard/AZK01-120/portal_rate': np.float64(0.09217785687910186), 'environment/deckbuild_result/gatecard/AZK01-120/play_entity_rate': np.float64(0.3703915609253777), 'environment/deckbuild_result/gatecard/AZK01-120/noop_rate': np.float64(0.2129123424490293), 'environment/deckbuild_result/gatecard/AZK01-120/episode_length': np.float64(112.73333333333333), 'environment/deckbuild_result/gatecard/AZK01-120/leader_health': np.float64(0.22277777824136943), 'environment/deckbuild_result/gatecard/AZK01-120/ability_rate': np.float64(0.012607140238914223), 'environment/ref_seat_rate': np.float64(0.0), 'environment/deckbuild/leader_card/STT04-001': np.float64(1.0), 'environment/azk_step_deckbuild/leader_card/STT04-001': np.float64(1.0), 'environment/deckbuild_gatecard/AZK01-122/game': np.float64(1.0), 'environment/azk_step_deckbuild_gatecard/AZK01-122/game': np.float64(1.0), 'environment/deckbuild_gatecard/AZK01-122/avg_cost': np.float64(2.868076923076923), 'environment/azk_step_deckbuild_gatecard/AZK01-122/avg_cost': np.float64(2.868076923076923), 'environment/deckbuild_gatecard/AZK01-122/main_unique': np.float64(37.53846153846154), 'environment/azk_step_deckbuild_gatecard/AZK01-122/main_unique': np.float64(37.53846153846154), 'environment/deckbuild_gatecard/AZK01-122/copy_entropy_norm': np.float64(0.9766786528281236), 'environment/azk_step_deckbuild_gatecard/AZK01-122/copy_entropy_norm': np.float64(0.9766786528281236), 'environment/deckbuild_gatecard/AZK01-122/gate_element_share': np.float64(0.42692307692307696), 'environment/azk_step_deckbuild_gatecard/AZK01-122/gate_element_share': np.float64(0.42692307692307696), 'environment/deckbuild_gatecard/AZK01-122/type_share/ENTITY': np.float64(0.7615384615384617), 'environment/azk_step_deckbuild_gatecard/AZK01-122/type_share/ENTITY': np.float64(0.7615384615384617), 'environment/deckbuild_gatecard/AZK01-122/type_share/SPELL': np.float64(0.18115384615384617), 'environment/azk_step_deckbuild_gatecard/AZK01-122/type_share/SPELL': np.float64(0.18115384615384617), 'environment/deckbuild_gatecard/AZK01-122/type_share/WEAPON': np.float64(0.057307692307692316), 'environment/azk_step_deckbuild_gatecard/AZK01-122/type_share/WEAPON': np.float64(0.057307692307692316), 'environment/deckbuild_gatecard/AZK01-122/cost_share/0_1': np.float64(0.2523076923076923), 'environment/azk_step_deckbuild_gatecard/AZK01-122/cost_share/0_1': np.float64(0.2523076923076923), 'environment/deckbuild_gatecard/AZK01-122/cost_share/2_3': np.float64(0.40653846153846157), 'environment/azk_step_deckbuild_gatecard/AZK01-122/cost_share/2_3': np.float64(0.40653846153846157), 'environment/deckbuild_gatecard/AZK01-122/cost_share/4_5': np.float64(0.29115384615384615), 'environment/azk_step_deckbuild_gatecard/AZK01-122/cost_share/4_5': np.float64(0.29115384615384615), 'environment/deckbuild_gatecard/AZK01-122/cost_share/6_plus': np.float64(0.05000000000000001), 'environment/azk_step_deckbuild_gatecard/AZK01-122/cost_share/6_plus': np.float64(0.05000000000000001), 'environment/deckbuild_gatecard/AZK01-122/leader/STT04-001': np.float64(1.0), 'environment/azk_step_deckbuild_gatecard/AZK01-122/leader/STT04-001': np.float64(1.0), 'environment/deckbuild_result/gate/FIRE/game': np.float64(1.0), 'environment/deckbuild_result/gate/FIRE/win': np.float64(0.4264705882352941), 'environment/deckbuild_result/gate_pair/FIRE_vs_LIGHTNING/game': np.float64(1.0), 'environment/deckbuild_result/gate_pair/FIRE_vs_LIGHTNING/win': np.float64(0.45454545454545453), 'environment/deckbuild_result/gate_pair_unordered/FIRE_vs_LIGHTNING/game': np.float64(1.0), 'environment/deckbuild_result/gate_pair_unordered/FIRE_vs_LIGHTNING/win': np.float64(0.5), 'environment/deckbuild_result/gatecard/AZK01-122/game': np.float64(1.0), 'environment/deckbuild_result/gatecard/AZK01-122/win': np.float64(0.4230769230769231), 'environment/deckbuild_result/gatecard/AZK01-122/attack_rate': np.float64(0.1883492608769582), 'environment/deckbuild_result/gatecard/AZK01-122/spell_rate': np.float64(0.037779856007546186), 'environment/deckbuild_result/gatecard/AZK01-122/weapon_rate': np.float64(0.00852169173483092), 'environment/deckbuild_result/gatecard/AZK01-122/portal_rate': np.float64(0.09377502965239379), 'environment/deckbuild_result/gatecard/AZK01-122/play_entity_rate': np.float64(0.3251793688306442), 'environment/deckbuild_result/gatecard/AZK01-122/noop_rate': np.float64(0.19380746581233466), 'environment/deckbuild_result/gatecard/AZK01-122/episode_length': np.float64(113.73076923076923), 'environment/deckbuild_result/gatecard/AZK01-122/leader_health': np.float64(0.13173077083550966), 'environment/deckbuild_result/gatecard/AZK01-122/ability_rate': np.float64(0.06201380673939219), 'environment/deckbuild/leader_card/AZK01-119': np.float64(1.0), 'environment/azk_step_deckbuild/leader_card/AZK01-119': np.float64(1.0), 'environment/deckbuild_gatecard/STT01-002/game': np.float64(1.0), 'environment/azk_step_deckbuild_gatecard/STT01-002/game': np.float64(1.0), 'environment/deckbuild_gatecard/STT01-002/avg_cost': np.float64(2.8139999999999996), 'environment/azk_step_deckbuild_gatecard/STT01-002/avg_cost': np.float64(2.8139999999999996), 'environment/deckbuild_gatecard/STT01-002/main_unique': np.float64(36.18333333333333), 'environment/azk_step_deckbuild_gatecard/STT01-002/main_unique': np.float64(36.18333333333333), 'environment/deckbuild_gatecard/STT01-002/copy_entropy_norm': np.float64(0.973591214775), 'environment/azk_step_deckbuild_gatecard/STT01-002/copy_entropy_norm': np.float64(0.973591214775), 'environment/deckbuild_gatecard/STT01-002/gate_element_share': np.float64(0.38799999999999996), 'environment/azk_step_deckbuild_gatecard/STT01-002/gate_element_share': np.float64(0.38799999999999996), 'environment/deckbuild_gatecard/STT01-002/type_share/ENTITY': np.float64(0.6999999999999998), 'environment/azk_step_deckbuild_gatecard/STT01-002/type_share/ENTITY': np.float64(0.6999999999999998), 'environment/deckbuild_gatecard/STT01-002/type_share/SPELL': np.float64(0.18), 'environment/azk_step_deckbuild_gatecard/STT01-002/type_share/SPELL': np.float64(0.18), 'environment/deckbuild_gatecard/STT01-002/type_share/WEAPON': np.float64(0.12000000000000002), 'environment/azk_step_deckbuild_gatecard/STT01-002/type_share/WEAPON': np.float64(0.12000000000000002), 'environment/deckbuild_gatecard/STT01-002/cost_share/0_1': np.float64(0.246), 'environment/azk_step_deckbuild_gatecard/STT01-002/cost_share/0_1': np.float64(0.246), 'environment/deckbuild_gatecard/STT01-002/cost_share/2_3': np.float64(0.4226666666666667), 'environment/azk_step_deckbuild_gatecard/STT01-002/cost_share/2_3': np.float64(0.4226666666666667), 'environment/deckbuild_gatecard/STT01-002/cost_share/4_5': np.float64(0.2923333333333334), 'environment/azk_step_deckbuild_gatecard/STT01-002/cost_share/4_5': np.float64(0.2923333333333334), 'environment/deckbuild_gatecard/STT01-002/cost_share/6_plus': np.float64(0.03900000000000001), 'environment/azk_step_deckbuild_gatecard/STT01-002/cost_share/6_plus': np.float64(0.03900000000000001), 'environment/deckbuild_gatecard/STT01-002/leader/AZK01-119': np.float64(1.0), 'environment/azk_step_deckbuild_gatecard/STT01-002/leader/AZK01-119': np.float64(1.0), 'environment/deckbuild_result/gate_pair/LIGHTNING_vs_FIRE/game': np.float64(1.0), 'environment/deckbuild_result/gate_pair/LIGHTNING_vs_FIRE/win': np.float64(0.5454545454545454), 'environment/deckbuild_result/gatecard/STT01-002/game': np.float64(1.0), 'environment/deckbuild_result/gatecard/STT01-002/win': np.float64(0.43333333333333335), 'environment/deckbuild_result/gatecard/STT01-002/attack_rate': np.float64(0.22051672066251438), 'environment/deckbuild_result/gatecard/STT01-002/spell_rate': np.float64(0.03179979687556624), 'environment/deckbuild_result/gatecard/STT01-002/weapon_rate': np.float64(0.028187633398920296), 'environment/deckbuild_result/gatecard/STT01-002/portal_rate': np.float64(0.10294673508033156), 'environment/deckbuild_result/gatecard/STT01-002/play_entity_rate': np.float64(0.37065158983071644), 'environment/deckbuild_result/gatecard/STT01-002/noop_rate': np.float64(0.2190622496108214), 'environment/deckbuild_result/gatecard/STT01-002/episode_length': np.float64(112.83333333333333), 'environment/deckbuild_result/gatecard/STT01-002/leader_health': np.float64(0.21083333492279052), 'environment/deckbuild_result/gatecard/STT01-002/ability_rate': np.float64(0.00837243216422697), 'environment/deckbuild_gatecard/STT01-002/leader/STT01-001': np.float64(1.0), 'environment/azk_step_deckbuild_gatecard/STT01-002/leader/STT01-001': np.float64(1.0), 'environment/deckbuild_result/gate_pair/LIGHTNING_vs_LIGHTNING/game': np.float64(1.0), 'environment/deckbuild_result/gate_pair/LIGHTNING_vs_LIGHTNING/win': np.float64(0.5), 'environment/deckbuild_result/gate_pair_unordered/LIGHTNING_vs_LIGHTNING/game': np.float64(1.0), 'environment/deckbuild_result/gate_pair_unordered/LIGHTNING_vs_LIGHTNING/win': np.float64(0.5), 'environment/deckbuild_result/gate_match/game': np.float64(1.0), 'environment/deckbuild_result/gate_match/win': np.float64(0.5), 'environment/deckbuild/leader_card/AZK01-123': np.float64(1.0), 'environment/azk_step_deckbuild/leader_card/AZK01-123': np.float64(1.0), 'environment/deckbuild_gatecard/AZK01-124/leader/AZK01-123': np.float64(1.0), 'environment/azk_step_deckbuild_gatecard/AZK01-124/leader/AZK01-123': np.float64(1.0), 'environment/deckbuild_result/gate_pair/EARTH_vs_EARTH/game': np.float64(1.0), 'environment/deckbuild_result/gate_pair/EARTH_vs_EARTH/win': np.float64(0.5), 'environment/deckbuild_result/gate_pair_unordered/EARTH_vs_EARTH/game': np.float64(1.0), 'environment/deckbuild_result/gate_pair_unordered/EARTH_vs_EARTH/win': np.float64(0.5), 'environment/deckbuild_gatecard/STT03-002/game': np.float64(1.0), 'environment/azk_step_deckbuild_gatecard/STT03-002/game': np.float64(1.0), 'environment/deckbuild_gatecard/STT03-002/avg_cost': np.float64(3.2566666666666664), 'environment/azk_step_deckbuild_gatecard/STT03-002/avg_cost': np.float64(3.2566666666666664), 'environment/deckbuild_gatecard/STT03-002/main_unique': np.float64(37.55555555555556), 'environment/azk_step_deckbuild_gatecard/STT03-002/main_unique': np.float64(37.55555555555556), 'environment/deckbuild_gatecard/STT03-002/copy_entropy_norm': np.float64(0.9768486269409156), 'environment/azk_step_deckbuild_gatecard/STT03-002/copy_entropy_norm': np.float64(0.9768486269409156), 'environment/deckbuild_gatecard/STT03-002/gate_element_share': np.float64(0.4161111111111111), 'environment/azk_step_deckbuild_gatecard/STT03-002/gate_element_share': np.float64(0.4161111111111111), 'environment/deckbuild_gatecard/STT03-002/type_share/ENTITY': np.float64(0.7249999999999999), 'environment/azk_step_deckbuild_gatecard/STT03-002/type_share/ENTITY': np.float64(0.7249999999999999), 'environment/deckbuild_gatecard/STT03-002/type_share/SPELL': np.float64(0.21555555555555556), 'environment/azk_step_deckbuild_gatecard/STT03-002/type_share/SPELL': np.float64(0.21555555555555556), 'environment/deckbuild_gatecard/STT03-002/type_share/WEAPON': np.float64(0.059444444444444446), 'environment/azk_step_deckbuild_gatecard/STT03-002/type_share/WEAPON': np.float64(0.059444444444444446), 'environment/deckbuild_gatecard/STT03-002/cost_share/0_1': np.float64(0.20888888888888893), 'environment/azk_step_deckbuild_gatecard/STT03-002/cost_share/0_1': np.float64(0.20888888888888893), 'environment/deckbuild_gatecard/STT03-002/cost_share/2_3': np.float64(0.3777777777777778), 'environment/azk_step_deckbuild_gatecard/STT03-002/cost_share/2_3': np.float64(0.3777777777777778), 'environment/deckbuild_gatecard/STT03-002/cost_share/4_5': np.float64(0.3022222222222222), 'environment/azk_step_deckbuild_gatecard/STT03-002/cost_share/4_5': np.float64(0.3022222222222222), 'environment/deckbuild_gatecard/STT03-002/cost_share/6_plus': np.float64(0.11111111111111113), 'environment/azk_step_deckbuild_gatecard/STT03-002/cost_share/6_plus': np.float64(0.11111111111111113), 'environment/deckbuild_gatecard/STT03-002/leader/STT03-001': np.float64(1.0), 'environment/azk_step_deckbuild_gatecard/STT03-002/leader/STT03-001': np.float64(1.0), 'environment/deckbuild_result/gatecard/STT03-002/game': np.float64(1.0), 'environment/deckbuild_result/gatecard/STT03-002/win': np.float64(0.6388888888888888), 'environment/deckbuild_result/gatecard/STT03-002/attack_rate': np.float64(0.18768232895268333), 'environment/deckbuild_result/gatecard/STT03-002/spell_rate': np.float64(0.040100954473018646), 'environment/deckbuild_result/gatecard/STT03-002/weapon_rate': np.float64(0.01371281428469552), 'environment/deckbuild_result/gatecard/STT03-002/portal_rate': np.float64(0.09073065179917547), 'environment/deckbuild_result/gatecard/STT03-002/play_entity_rate': np.float64(0.32695942786004806), 'environment/deckbuild_result/gatecard/STT03-002/noop_rate': np.float64(0.2275299864510695), 'environment/deckbuild_result/gatecard/STT03-002/episode_length': np.float64(112.55555555555556), 'environment/deckbuild_result/gatecard/STT03-002/leader_health': np.float64(0.419444447176324), 'environment/deckbuild_result/gatecard/STT03-002/ability_rate': np.float64(0.06795585797064835), 'environment/deckbuild_result/gate_pair/LIGHTNING_vs_WATER/game': np.float64(1.0), 'environment/deckbuild_result/gate_pair/LIGHTNING_vs_WATER/win': np.float64(0.42857142857142855), 'environment/deckbuild_result/gate_pair_unordered/LIGHTNING_vs_WATER/game': np.float64(1.0), 'environment/deckbuild_result/gate_pair_unordered/LIGHTNING_vs_WATER/win': np.float64(0.5), 'environment/deckbuild/leader_card/STT02-001': np.float64(1.0), 'environment/azk_step_deckbuild/leader_card/STT02-001': np.float64(1.0), 'environment/deckbuild_gatecard/AZK01-126/game': np.float64(1.0), 'environment/azk_step_deckbuild_gatecard/AZK01-126/game': np.float64(1.0), 'environment/deckbuild_gatecard/AZK01-126/avg_cost': np.float64(2.954166666666667), 'environment/azk_step_deckbuild_gatecard/AZK01-126/avg_cost': np.float64(2.954166666666667), 'environment/deckbuild_gatecard/AZK01-126/main_unique': np.float64(37.25), 'environment/azk_step_deckbuild_gatecard/AZK01-126/main_unique': np.float64(37.25), 'environment/deckbuild_gatecard/AZK01-126/copy_entropy_norm': np.float64(0.9750678879988147), 'environment/azk_step_deckbuild_gatecard/AZK01-126/copy_entropy_norm': np.float64(0.9750678879988147), 'environment/deckbuild_gatecard/AZK01-126/gate_element_share': np.float64(0.4008333333333334), 'environment/azk_step_deckbuild_gatecard/AZK01-126/gate_element_share': np.float64(0.4008333333333334), 'environment/deckbuild_gatecard/AZK01-126/type_share/ENTITY': np.float64(0.7183333333333333), 'environment/azk_step_deckbuild_gatecard/AZK01-126/type_share/ENTITY': np.float64(0.7183333333333333), 'environment/deckbuild_gatecard/AZK01-126/type_share/SPELL': np.float64(0.22583333333333336), 'environment/azk_step_deckbuild_gatecard/AZK01-126/type_share/SPELL': np.float64(0.22583333333333336), 'environment/deckbuild_gatecard/AZK01-126/type_share/WEAPON': np.float64(0.05583333333333334), 'environment/azk_step_deckbuild_gatecard/AZK01-126/type_share/WEAPON': np.float64(0.05583333333333334), 'environment/deckbuild_gatecard/AZK01-126/cost_share/0_1': np.float64(0.25833333333333336), 'environment/azk_step_deckbuild_gatecard/AZK01-126/cost_share/0_1': np.float64(0.25833333333333336), 'environment/deckbuild_gatecard/AZK01-126/cost_share/2_3': np.float64(0.40416666666666673), 'environment/azk_step_deckbuild_gatecard/AZK01-126/cost_share/2_3': np.float64(0.40416666666666673), 'environment/deckbuild_gatecard/AZK01-126/cost_share/4_5': np.float64(0.2283333333333334), 'environment/azk_step_deckbuild_gatecard/AZK01-126/cost_share/4_5': np.float64(0.2283333333333334), 'environment/deckbuild_gatecard/AZK01-126/cost_share/6_plus': np.float64(0.10916666666666668), 'environment/azk_step_deckbuild_gatecard/AZK01-126/cost_share/6_plus': np.float64(0.10916666666666668), 'environment/deckbuild_gatecard/AZK01-126/leader/STT02-001': np.float64(1.0), 'environment/azk_step_deckbuild_gatecard/AZK01-126/leader/STT02-001': np.float64(1.0), 'environment/deckbuild_result/gate/WATER/game': np.float64(1.0), 'environment/deckbuild_result/gate/WATER/win': np.float64(0.5144927536231884), 'environment/deckbuild_result/gate_pair/WATER_vs_LIGHTNING/game': np.float64(1.0), 'environment/deckbuild_result/gate_pair/WATER_vs_LIGHTNING/win': np.float64(0.5714285714285714), 'environment/deckbuild_result/gatecard/AZK01-126/game': np.float64(1.0), 'environment/deckbuild_result/gatecard/AZK01-126/win': np.float64(0.375), 'environment/deckbuild_result/gatecard/AZK01-126/attack_rate': np.float64(0.18767905297378698), 'environment/deckbuild_result/gatecard/AZK01-126/spell_rate': np.float64(0.04556794588764509), 'environment/deckbuild_result/gatecard/AZK01-126/weapon_rate': np.float64(0.011595675333713492), 'environment/deckbuild_result/gatecard/AZK01-126/portal_rate': np.float64(0.08023965482910474), 'environment/deckbuild_result/gatecard/AZK01-126/play_entity_rate': np.float64(0.327705758313338), 'environment/deckbuild_result/gatecard/AZK01-126/noop_rate': np.float64(0.22637765978773436), 'environment/deckbuild_result/gatecard/AZK01-126/episode_length': np.float64(114.08333333333333), 'environment/deckbuild_result/gatecard/AZK01-126/leader_health': np.float64(0.23749999950329462), 'environment/deckbuild_result/gatecard/AZK01-126/ability_rate': np.float64(0.025924876099452376), 'environment/deckbuild_result/gate_pair/EARTH_vs_FIRE/game': np.float64(1.0), 'environment/deckbuild_result/gate_pair/EARTH_vs_FIRE/win': np.float64(0.7777777777777778), 'environment/deckbuild_result/gate_pair_unordered/EARTH_vs_FIRE/game': np.float64(1.0), 'environment/deckbuild_result/gate_pair_unordered/EARTH_vs_FIRE/win': np.float64(0.5), 'environment/deckbuild_result/gate_pair/FIRE_vs_EARTH/game': np.float64(1.0), 'environment/deckbuild_result/gate_pair/FIRE_vs_EARTH/win': np.float64(0.2222222222222222), 'environment/deckbuild_gatecard/STT03-002/leader/AZK01-123': np.float64(1.0), 'environment/azk_step_deckbuild_gatecard/STT03-002/leader/AZK01-123': np.float64(1.0), 'environment/deckbuild/leader_card/AZK01-121': np.float64(1.0), 'environment/azk_step_deckbuild/leader_card/AZK01-121': np.float64(1.0), 'environment/deckbuild_gatecard/AZK01-122/leader/AZK01-121': np.float64(1.0), 'environment/azk_step_deckbuild_gatecard/AZK01-122/leader/AZK01-121': np.float64(1.0), 'environment/deckbuild_result/gate_pair/FIRE_vs_FIRE/game': np.float64(1.0), 'environment/deckbuild_result/gate_pair/FIRE_vs_FIRE/win': np.float64(0.5), 'environment/deckbuild_result/gate_pair_unordered/FIRE_vs_FIRE/game': np.float64(1.0), 'environment/deckbuild_result/gate_pair_unordered/FIRE_vs_FIRE/win': np.float64(0.5), 'environment/deckbuild_gatecard/STT04-002/game': np.float64(1.0), 'environment/azk_step_deckbuild_gatecard/STT04-002/game': np.float64(1.0), 'environment/deckbuild_gatecard/STT04-002/avg_cost': np.float64(2.855789473684211), 'environment/azk_step_deckbuild_gatecard/STT04-002/avg_cost': np.float64(2.855789473684211), 'environment/deckbuild_gatecard/STT04-002/main_unique': np.float64(37.63157894736842), 'environment/azk_step_deckbuild_gatecard/STT04-002/main_unique': np.float64(37.63157894736842), 'environment/deckbuild_gatecard/STT04-002/copy_entropy_norm': np.float64(0.9780463712479548), 'environment/azk_step_deckbuild_gatecard/STT04-002/copy_entropy_norm': np.float64(0.9780463712479548), 'environment/deckbuild_gatecard/STT04-002/gate_element_share': np.float64(0.4515789473684211), 'environment/azk_step_deckbuild_gatecard/STT04-002/gate_element_share': np.float64(0.4515789473684211), 'environment/deckbuild_gatecard/STT04-002/type_share/ENTITY': np.float64(0.7642105263157893), 'environment/azk_step_deckbuild_gatecard/STT04-002/type_share/ENTITY': np.float64(0.7642105263157893), 'environment/deckbuild_gatecard/STT04-002/type_share/SPELL': np.float64(0.18947368421052632), 'environment/azk_step_deckbuild_gatecard/STT04-002/type_share/SPELL': np.float64(0.18947368421052632), 'environment/deckbuild_gatecard/STT04-002/type_share/WEAPON': np.float64(0.04631578947368422), 'environment/azk_step_deckbuild_gatecard/STT04-002/type_share/WEAPON': np.float64(0.04631578947368422), 'environment/deckbuild_gatecard/STT04-002/cost_share/0_1': np.float64(0.25473684210526315), 'environment/azk_step_deckbuild_gatecard/STT04-002/cost_share/0_1': np.float64(0.25473684210526315), 'environment/deckbuild_gatecard/STT04-002/cost_share/2_3': np.float64(0.4315789473684211), 'environment/azk_step_deckbuild_gatecard/STT04-002/cost_share/2_3': np.float64(0.4315789473684211), 'environment/deckbuild_gatecard/STT04-002/cost_share/4_5': np.float64(0.25263157894736843), 'environment/azk_step_deckbuild_gatecard/STT04-002/cost_share/4_5': np.float64(0.25263157894736843), 'environment/deckbuild_gatecard/STT04-002/cost_share/6_plus': np.float64(0.06105263157894738), 'environment/azk_step_deckbuild_gatecard/STT04-002/cost_share/6_plus': np.float64(0.06105263157894738), 'environment/deckbuild_gatecard/STT04-002/leader/AZK01-121': np.float64(1.0), 'environment/azk_step_deckbuild_gatecard/STT04-002/leader/AZK01-121': np.float64(1.0), 'environment/deckbuild_result/gatecard/STT04-002/game': np.float64(1.0), 'environment/deckbuild_result/gatecard/STT04-002/win': np.float64(0.47368421052631576), 'environment/deckbuild_result/gatecard/STT04-002/attack_rate': np.float64(0.18453377093139448), 'environment/deckbuild_result/gatecard/STT04-002/spell_rate': np.float64(0.03114928143393052), 'environment/deckbuild_result/gatecard/STT04-002/weapon_rate': np.float64(0.01659775285148307), 'environment/deckbuild_result/gatecard/STT04-002/portal_rate': np.float64(0.08536710599927526), 'environment/deckbuild_result/gatecard/STT04-002/play_entity_rate': np.float64(0.3411166228746113), 'environment/deckbuild_result/gatecard/STT04-002/noop_rate': np.float64(0.19741740156161158), 'environment/deckbuild_result/gatecard/STT04-002/episode_length': np.float64(113.57894736842105), 'environment/deckbuild_result/gatecard/STT04-002/leader_health': np.float64(0.14210526115800204), 'environment/deckbuild_result/gatecard/STT04-002/ability_rate': np.float64(0.05855684452935269), 'environment/deckbuild_gatecard/STT04-002/leader/STT04-001': np.float64(1.0), 'environment/azk_step_deckbuild_gatecard/STT04-002/leader/STT04-001': np.float64(1.0), 'environment/deckbuild_gatecard/AZK01-120/leader/AZK01-119': np.float64(1.0), 'environment/azk_step_deckbuild_gatecard/AZK01-120/leader/AZK01-119': np.float64(1.0), 'environment/deckbuild_result/gate_pair/EARTH_vs_WATER/game': np.float64(1.0), 'environment/deckbuild_result/gate_pair/EARTH_vs_WATER/win': np.float64(0.5), 'environment/deckbuild_result/gate_pair_unordered/EARTH_vs_WATER/game': np.float64(1.0), 'environment/deckbuild_result/gate_pair_unordered/EARTH_vs_WATER/win': np.float64(0.5), 'environment/deckbuild/leader_card/AZK01-125': np.float64(1.0), 'environment/azk_step_deckbuild/leader_card/AZK01-125': np.float64(1.0), 'environment/deckbuild_gatecard/STT02-002/game': np.float64(1.0), 'environment/azk_step_deckbuild_gatecard/STT02-002/game': np.float64(1.0), 'environment/deckbuild_gatecard/STT02-002/avg_cost': np.float64(2.866842105263158), 'environment/azk_step_deckbuild_gatecard/STT02-002/avg_cost': np.float64(2.866842105263158), 'environment/deckbuild_gatecard/STT02-002/main_unique': np.float64(37.6578947368421), 'environment/azk_step_deckbuild_gatecard/STT02-002/main_unique': np.float64(37.6578947368421), 'environment/deckbuild_gatecard/STT02-002/copy_entropy_norm': np.float64(0.9758845711455124), 'environment/azk_step_deckbuild_gatecard/STT02-002/copy_entropy_norm': np.float64(0.9758845711455124), 'environment/deckbuild_gatecard/STT02-002/gate_element_share': np.float64(0.3957894736842105), 'environment/azk_step_deckbuild_gatecard/STT02-002/gate_element_share': np.float64(0.3957894736842105), 'environment/deckbuild_gatecard/STT02-002/type_share/ENTITY': np.float64(0.7189473684210526), 'environment/azk_step_deckbuild_gatecard/STT02-002/type_share/ENTITY': np.float64(0.7189473684210526), 'environment/deckbuild_gatecard/STT02-002/type_share/SPELL': np.float64(0.22578947368421054), 'environment/azk_step_deckbuild_gatecard/STT02-002/type_share/SPELL': np.float64(0.22578947368421054), 'environment/deckbuild_gatecard/STT02-002/type_share/WEAPON': np.float64(0.05526315789473685), 'environment/azk_step_deckbuild_gatecard/STT02-002/type_share/WEAPON': np.float64(0.05526315789473685), 'environment/deckbuild_gatecard/STT02-002/cost_share/0_1': np.float64(0.26210526315789473), 'environment/azk_step_deckbuild_gatecard/STT02-002/cost_share/0_1': np.float64(0.26210526315789473), 'environment/deckbuild_gatecard/STT02-002/cost_share/2_3': np.float64(0.42263157894736847), 'environment/azk_step_deckbuild_gatecard/STT02-002/cost_share/2_3': np.float64(0.42263157894736847), 'environment/deckbuild_gatecard/STT02-002/cost_share/4_5': np.float64(0.2336842105263158), 'environment/azk_step_deckbuild_gatecard/STT02-002/cost_share/4_5': np.float64(0.2336842105263158), 'environment/deckbuild_gatecard/STT02-002/cost_share/6_plus': np.float64(0.08157894736842104), 'environment/azk_step_deckbuild_gatecard/STT02-002/cost_share/6_plus': np.float64(0.08157894736842104), 'environment/deckbuild_gatecard/STT02-002/leader/AZK01-125': np.float64(1.0), 'environment/azk_step_deckbuild_gatecard/STT02-002/leader/AZK01-125': np.float64(1.0), 'environment/deckbuild_result/gate_pair/WATER_vs_EARTH/game': np.float64(1.0), 'environment/deckbuild_result/gate_pair/WATER_vs_EARTH/win': np.float64(0.5), 'environment/deckbuild_result/gatecard/STT02-002/game': np.float64(1.0), 'environment/deckbuild_result/gatecard/STT02-002/win': np.float64(0.5789473684210527), 'environment/deckbuild_result/gatecard/STT02-002/attack_rate': np.float64(0.20812502228900007), 'environment/deckbuild_result/gatecard/STT02-002/spell_rate': np.float64(0.038325972610006205), 'environment/deckbuild_result/gatecard/STT02-002/weapon_rate': np.float64(0.011855626478791237), 'environment/deckbuild_result/gatecard/STT02-002/portal_rate': np.float64(0.09092569968810207), 'environment/deckbuild_result/gatecard/STT02-002/play_entity_rate': np.float64(0.3382839631093176), 'environment/deckbuild_result/gatecard/STT02-002/noop_rate': np.float64(0.22331526444146507), 'environment/deckbuild_result/gatecard/STT02-002/episode_length': np.float64(115.21052631578948), 'environment/deckbuild_result/gatecard/STT02-002/leader_health': np.float64(0.42500000407821253), 'environment/deckbuild_result/gatecard/STT02-002/ability_rate': np.float64(0.040434350161568114), 'environment/deckbuild_gatecard/AZK01-126/leader/AZK01-125': np.float64(1.0), 'environment/azk_step_deckbuild_gatecard/AZK01-126/leader/AZK01-125': np.float64(1.0), 'environment/deckbuild_result/gate_pair/WATER_vs_WATER/game': np.float64(1.0), 'environment/deckbuild_result/gate_pair/WATER_vs_WATER/win': np.float64(0.5), 'environment/deckbuild_result/gate_pair_unordered/WATER_vs_WATER/game': np.float64(1.0), 'environment/deckbuild_result/gate_pair_unordered/WATER_vs_WATER/win': np.float64(0.5), 'environment/deckbuild_gatecard/STT02-002/leader/STT02-001': np.float64(1.0), 'environment/azk_step_deckbuild_gatecard/STT02-002/leader/STT02-001': np.float64(1.0), 'environment/deckbuild_result/gate_pair/WATER_vs_FIRE/game': np.float64(1.0), 'environment/deckbuild_result/gate_pair/WATER_vs_FIRE/win': np.float64(0.3333333333333333), 'environment/deckbuild_result/gate_pair_unordered/FIRE_vs_WATER/game': np.float64(1.0), 'environment/deckbuild_result/gate_pair_unordered/FIRE_vs_WATER/win': np.float64(0.5), 'environment/deckbuild_result/gate_pair/FIRE_vs_WATER/game': np.float64(1.0), 'environment/deckbuild_result/gate_pair/FIRE_vs_WATER/win': np.float64(0.6666666666666666), 'losses/policy_loss': -0.01121457852423191, 'losses/value_loss': 0.09590505063533783, 'losses/value_loss_total': 0.09590505063533783, 'losses/entropy': 0.9874556064605713, 'losses/old_approx_kl': -7.555018237326294e-05, 'losses/approx_kl': 9.16553835850209e-06, 'losses/clipfrac': 0.0, 'losses/importance': 1.0000847578048706, 'losses/win_prob_aux_loss': 0.69140625, 'losses/win_prob_aux_labeled_frac': 0.19140625, 'losses/explained_variance': 0.030627191066741943, 'losses/win_prob_aux_accuracy': 0.6796875, 'losses/win_prob_aux_brier': 0.248046875, 'losses/win_prob_aux_pred_mean': 0.49609375, 'losses/win_prob_aux_target_mean': 0.462890625, 'performance/eval': 16.638882160186768, 'performance/train': 15.902020931243896, 'performance/eval_forward': 16.284037828445435, 'performance/env': 0.03296971321105957, 'performance/eval_copy': 0.30713558197021484, 'performance/eval_misc': 0.014644861221313477, 'performance/train_forward': 3.269890546798706, 'performance/learn_backward': 6.168843507766724, 'performance/learn_opt': 6.361558437347412, 'performance/train_copy': 0.004945993423461914, 'performance/train_misc': 0.09670019149780273}
[0;0H╭──────────────────────────────────────────────────────────────────────────────╮
│  PufferLib 4.0      🐡          CPU:     GPU: 0.0%  DRAM: 2.9%   VRAM: 0.0%  │
│                                154.0%                                        │
│                                                                              │
│  Summary          Value    Evaluate     24s  52%    Losses            Value  │
│  Env        azuki_local      Forwa…     24s  51%    policy_loss      -0.004  │
│  Params           90.2M      Env         0s   0%    value_loss        0.103  │
│  Steps           230.4K      Copy        0s   0%    value_loss_to…    0.103  │
│  SPS               4.7K      Misc        0s   0%    entropy           1.028  │
│  Epoch               15    Train        23s  47%    old_approx_kl    -0.000  │
│  Uptime           3m 1s      Forwa…      4s   9%    approx_kl         0.000  │
│  Remaini…           16s      Backw…      9s  18%    clipfrac          0.000  │
│                              Optim…      9s  19%    importance        1.000  │
│                              Copy        0s   0%    win_prob_aux_…    0.691  │
│                              Misc        0s   0%    win_prob_aux_…    0.248  │
│                                                     explained_var…    0.030  │
│                                                     win_prob_aux_…    0.637  │
│                                                     win_prob_aux_…    0.249  │
│                                                     win_prob_aux_…    0.498  │
│                                                     win_prob_aux_…    0.477  │
│                                                                              │
│  User Stats                    Value    User Stats                    Value  │
│  league/active                 1.000    sampler/subaction_tem…        1.200  │
│  sampler/smoothing_eps         0.050    anneal/ent_coef               0.007  │
│  perf                          0.000    score                         0.000  │
│  episode_return                0.024    episode_length              129.205  │
│  p0_episode_return             0.024    p1_episode_return            -0.024  │
│  p0_winrate                    0.498    p1_winrate                    0.502  │
│  p0_start_rate                 0.519    p1_start_rate                 0.481  │
│  draw_rate                     0.000    timeout_truncation_ra…        0.000  │
│  auto_tick_truncation_…        0.000    zero_legal_action_tru…        0.000  │
│  gameover_terminal_rate        1.000    winner_terminal_rate          1.000  │
│  curriculum_episode_cap        0.000    reward_shaping_scale          1.000  │
│  completed_episodes            1.000    p0_noop_selected_rate         0.208  │
│  p1_noop_selected_rate         0.206    p0_attack_selected_ra…        0.196  │
│  p1_attack_selected_ra…        0.199    p0_attach_weapon_from…        0.017  │
│  p1_attach_weapon_from…        0.021    p0_play_spell_from_ha…        0.039  │
╰──────────────────────────────────────────────────────────────────────────────╯

[epoch 15] {'SPS': 4694.649744763595, 'agent_steps': 230400, 'uptime': 181.77268290519714, 'epoch': 15, 'learning_rate': 0.00043933982822017903, 'environment/league/active': np.float64(1.0), 'environment/sampler/subaction_temperature': np.float64(1.2), 'environment/sampler/smoothing_eps': np.float64(0.05), 'environment/anneal/ent_coef': np.float64(0.007333333333333334), 'environment/perf': np.float64(0.0), 'environment/score': np.float64(0.0), 'environment/episode_return': np.float64(0.023635121241007764), 'environment/episode_length': np.float64(129.2054794520548), 'environment/p0_episode_return': np.float64(0.023635121241007764), 'environment/p1_episode_return': np.float64(-0.023635121241007764), 'environment/p0_winrate': np.float64(0.4977168951132526), 'environment/p1_winrate': np.float64(0.5022831052949984), 'environment/p0_start_rate': np.float64(0.5194063929662313), 'environment/p1_start_rate': np.float64(0.4805936078502707), 'environment/draw_rate': np.float64(0.0), 'environment/timeout_truncation_rate': np.float64(0.0), 'environment/auto_tick_truncation_rate': np.float64(0.0), 'environment/zero_legal_action_truncation_rate': np.float64(0.0), 'environment/gameover_terminal_rate': np.float64(1.0), 'environment/winner_terminal_rate': np.float64(1.0), 'environment/curriculum_episode_cap': np.float64(0.0), 'environment/reward_shaping_scale': np.float64(1.0), 'environment/completed_episodes': np.float64(1.0), 'environment/p0_noop_selected_rate': np.float64(0.20801059840476677), 'environment/p1_noop_selected_rate': np.float64(0.2062981126651372), 'environment/p0_attack_selected_rate': np.float64(0.1963876364369915), 'environment/p1_attack_selected_rate': np.float64(0.19859013022625283), 'environment/p0_attach_weapon_from_hand_selected_rate': np.float64(0.01682595541534869), 'environment/p1_attach_weapon_from_hand_selected_rate': np.float64(0.021092779717522943), 'environment/p0_play_spell_from_hand_selected_rate': np.float64(0.039067702304112585), 'environment/p1_play_spell_from_hand_selected_rate': np.float64(0.03657550249912151), 'environment/p0_activate_garden_or_leader_ability_selected_rate': np.float64(0.04445684465184195), 'environment/p1_activate_garden_or_leader_ability_selected_rate': np.float64(0.03654272178800343), 'environment/p0_activate_alley_ability_selected_rate': np.float64(0.0020423147457409394), 'environment/p1_activate_alley_ability_selected_rate': np.float64(0.001672402547340687), 'environment/p0_gate_portal_selected_rate': np.float64(0.09323819229149655), 'environment/p1_gate_portal_selected_rate': np.float64(0.09091692907761222), 'environment/p0_play_entity_to_alley_selected_rate': np.float64(0.11175763601922009), 'environment/p1_play_entity_to_alley_selected_rate': np.float64(0.1112958248449515), 'environment/p0_play_entity_to_garden_selected_rate': np.float64(0.0786016996796817), 'environment/p1_play_entity_to_garden_selected_rate': np.float64(0.07721977540585276), 'environment/p0_play_selected_rate': np.float64(0.3394911868931496), 'environment/p1_play_selected_rate': np.float64(0.3371008120171011), 'environment/p0_ability_selected_rate': np.float64(0.06106061655517719), 'environment/p1_ability_selected_rate': np.float64(0.051578887763803136), 'environment/p0_target_selected_rate': np.float64(0.19314667245704834), 'environment/p1_target_selected_rate': np.float64(0.20373133044332675), 'environment/p0_avg_leader_health': np.float64(0.2246004564253843), 'environment/p1_avg_leader_health': np.float64(0.2015410974774867), 'environment/p0_entity_damage_dealt': np.float64(0.0), 'environment/p1_entity_damage_dealt': np.float64(0.0), 'environment/p0_entity_damage_taken': np.float64(0.0), 'environment/p1_entity_damage_taken': np.float64(0.0), 'environment/p0_generated_ikz_created': np.float64(0.0), 'environment/p1_generated_ikz_created': np.float64(0.0), 'environment/p0_generated_ikz_converted': np.float64(0.0), 'environment/p1_generated_ikz_converted': np.float64(0.0), 'environment/p0_generated_ikz_conversion_rate': np.float64(0.0), 'environment/p1_generated_ikz_conversion_rate': np.float64(0.0), 'environment/p0_temporary_charge_realized': np.float64(0.0), 'environment/p1_temporary_charge_realized': np.float64(0.0), 'environment/p0_temporary_attack_damage_realized': np.float64(0.0), 'environment/p1_temporary_attack_damage_realized': np.float64(0.0), 'environment/p0_contextual_response_reserve_opportunities': np.float64(0.0), 'environment/p1_contextual_response_reserve_opportunities': np.float64(0.0), 'environment/n': np.float64(1.2602739726027397), 'environment/deckbuild/completed': np.float64(1.0), 'environment/azk_step_deckbuild/completed': np.float64(1.0), 'environment/deckbuild/picks': np.float64(51.0), 'environment/azk_step_deckbuild/picks': np.float64(51.0), 'environment/deckbuild/main_count': np.float64(50.0), 'environment/azk_step_deckbuild/main_count': np.float64(50.0), 'environment/deckbuild/main_unique': np.float64(36.863013698630134), 'environment/azk_step_deckbuild/main_unique': np.float64(36.863013698630134), 'environment/deckbuild/main_unique_share': np.float64(0.7372602739726029), 'environment/azk_step_deckbuild/main_unique_share': np.float64(0.7372602739726029), 'environment/deckbuild/main_avg_copies_per_unique': np.float64(1.3620297900676364), 'environment/azk_step_deckbuild/main_avg_copies_per_unique': np.float64(1.3620297900676364), 'environment/deckbuild/main_max_copy_count': np.float64(3.2608447488584473), 'environment/azk_step_deckbuild/main_max_copy_count': np.float64(3.2608447488584473), 'environment/deckbuild/main_copy_entropy': np.float64(3.518406972071882), 'environment/azk_step_deckbuild/main_copy_entropy': np.float64(3.518406972071882), 'environment/deckbuild/main_copy_entropy_norm': np.float64(0.9758748569019733), 'environment/azk_step_deckbuild/main_copy_entropy_norm': np.float64(0.9758748569019733), 'environment/deckbuild/main_singleton_count': np.float64(26.295662100456624), 'environment/azk_step_deckbuild/main_singleton_count': np.float64(26.295662100456624), 'environment/deckbuild/main_pair_count': np.float64(8.364155251141552), 'environment/azk_step_deckbuild/main_pair_count': np.float64(8.364155251141552), 'environment/deckbuild/main_triplet_count': np.float64(1.83675799086758), 'environment/azk_step_deckbuild/main_triplet_count': np.float64(1.83675799086758), 'environment/deckbuild/main_quad_count': np.float64(0.3664383561643836), 'environment/azk_step_deckbuild/main_quad_count': np.float64(0.3664383561643836), 'environment/deckbuild/main_singleton_slot_share': np.float64(0.5259132420091324), 'environment/azk_step_deckbuild/main_singleton_slot_share': np.float64(0.5259132420091324), 'environment/deckbuild/main_pair_slot_share': np.float64(0.33456621004566206), 'environment/azk_step_deckbuild/main_pair_slot_share': np.float64(0.33456621004566206), 'environment/deckbuild/main_triplet_slot_share': np.float64(0.11020547945205479), 'environment/azk_step_deckbuild/main_triplet_slot_share': np.float64(0.11020547945205479), 'environment/deckbuild/main_quad_slot_share': np.float64(0.029315068493150687), 'environment/azk_step_deckbuild/main_quad_slot_share': np.float64(0.029315068493150687), 'environment/deckbuild/main_normal_share': np.float64(0.5886872146118721), 'environment/azk_step_deckbuild/main_normal_share': np.float64(0.5886872146118721), 'environment/deckbuild/main_gate_element_share': np.float64(0.4113127853881278), 'environment/azk_step_deckbuild/main_gate_element_share': np.float64(0.4113127853881278), 'environment/deckbuild/gate_match': np.float64(0.39840182648401823), 'environment/azk_step_deckbuild/gate_match': np.float64(0.39840182648401823), 'environment/deckbuild/gate/EARTH': np.float64(0.1934931506849315), 'environment/azk_step_deckbuild/gate/EARTH': np.float64(0.1934931506849315), 'environment/deckbuild/opponent_gate/EARTH': np.float64(0.1934931506849315), 'environment/azk_step_deckbuild/opponent_gate/EARTH': np.float64(0.1934931506849315), 'environment/deckbuild/leader/EARTH': np.float64(0.1934931506849315), 'environment/azk_step_deckbuild/leader/EARTH': np.float64(0.1934931506849315), 'environment/deckbuild/gate/FIRE': np.float64(0.261986301369863), 'environment/azk_step_deckbuild/gate/FIRE': np.float64(0.261986301369863), 'environment/deckbuild/opponent_gate/FIRE': np.float64(0.261986301369863), 'environment/azk_step_deckbuild/opponent_gate/FIRE': np.float64(0.261986301369863), 'environment/deckbuild/leader/FIRE': np.float64(0.261986301369863), 'environment/azk_step_deckbuild/leader/FIRE': np.float64(0.261986301369863), 'environment/deckbuild/gate/LIGHTNING': np.float64(0.2990867579908676), 'environment/azk_step_deckbuild/gate/LIGHTNING': np.float64(0.2990867579908676), 'environment/deckbuild/opponent_gate/LIGHTNING': np.float64(0.2990867579908676), 'environment/azk_step_deckbuild/opponent_gate/LIGHTNING': np.float64(0.2990867579908676), 'environment/deckbuild/leader/LIGHTNING': np.float64(0.2990867579908676), 'environment/azk_step_deckbuild/leader/LIGHTNING': np.float64(0.2990867579908676), 'environment/deckbuild/gate/WATER': np.float64(0.24543378995433787), 'environment/azk_step_deckbuild/gate/WATER': np.float64(0.24543378995433787), 'environment/deckbuild/opponent_gate/WATER': np.float64(0.24543378995433787), 'environment/azk_step_deckbuild/opponent_gate/WATER': np.float64(0.24543378995433787), 'environment/deckbuild/leader/WATER': np.float64(0.24543378995433787), 'environment/azk_step_deckbuild/leader/WATER': np.float64(0.24543378995433787), 'environment/deckbuild/main_type_count/ENTITY': np.float64(36.44463470319635), 'environment/azk_step_deckbuild/main_type_count/ENTITY': np.float64(36.44463470319635), 'environment/deckbuild/main_type_share/ENTITY': np.float64(0.728892694063927), 'environment/azk_step_deckbuild/main_type_share/ENTITY': np.float64(0.728892694063927), 'environment/deckbuild/main_type_count/SPELL': np.float64(9.715182648401827), 'environment/azk_step_deckbuild/main_type_count/SPELL': np.float64(9.715182648401827), 'environment/deckbuild/main_type_share/SPELL': np.float64(0.1943036529680365), 'environment/azk_step_deckbuild/main_type_share/SPELL': np.float64(0.1943036529680365), 'environment/deckbuild/main_type_count/WEAPON': np.float64(3.840182648401827), 'environment/azk_step_deckbuild/main_type_count/WEAPON': np.float64(3.840182648401827), 'environment/deckbuild/main_type_share/WEAPON': np.float64(0.07680365296803654), 'environment/azk_step_deckbuild/main_type_share/WEAPON': np.float64(0.07680365296803654), 'environment/deckbuild/main_element_count/EARTH': np.float64(4.1284246575342465), 'environment/azk_step_deckbuild/main_element_count/EARTH': np.float64(4.1284246575342465), 'environment/deckbuild/main_element_share/EARTH': np.float64(0.08256849315068493), 'environment/azk_step_deckbuild/main_element_share/EARTH': np.float64(0.08256849315068493), 'environment/deckbuild/main_element_count/FIRE': np.float64(5.6992009132420085), 'environment/azk_step_deckbuild/main_element_count/FIRE': np.float64(5.6992009132420085), 'environment/deckbuild/main_element_share/FIRE': np.float64(0.11398401826484017), 'environment/azk_step_deckbuild/main_element_share/FIRE': np.float64(0.11398401826484017), 'environment/deckbuild/main_element_count/LIGHTNING': np.float64(5.660958904109589), 'environment/azk_step_deckbuild/main_element_count/LIGHTNING': np.float64(5.660958904109589), 'environment/deckbuild/main_element_share/LIGHTNING': np.float64(0.11321917808219177), 'environment/azk_step_deckbuild/main_element_share/LIGHTNING': np.float64(0.11321917808219177), 'environment/deckbuild/main_element_count/NORMAL': np.float64(29.43436073059361), 'environment/azk_step_deckbuild/main_element_count/NORMAL': np.float64(29.43436073059361), 'environment/deckbuild/main_element_share/NORMAL': np.float64(0.5886872146118721), 'environment/azk_step_deckbuild/main_element_share/NORMAL': np.float64(0.5886872146118721), 'environment/deckbuild/main_element_count/WATER': np.float64(5.0770547945205475), 'environment/azk_step_deckbuild/main_element_count/WATER': np.float64(5.0770547945205475), 'environment/deckbuild/main_element_share/WATER': np.float64(0.10154109589041097), 'environment/azk_step_deckbuild/main_element_share/WATER': np.float64(0.10154109589041097), 'environment/deckbuild/main_avg_cost': np.float64(2.9126598173515976), 'environment/azk_step_deckbuild/main_avg_cost': np.float64(2.9126598173515976), 'environment/deckbuild/main_cost_share/0_1': np.float64(0.24954337899543377), 'environment/azk_step_deckbuild/main_cost_share/0_1': np.float64(0.24954337899543377), 'environment/deckbuild/main_cost_share/2_3': np.float64(0.42058219178082196), 'environment/azk_step_deckbuild/main_cost_share/2_3': np.float64(0.42058219178082196), 'environment/deckbuild/main_cost_share/4_5': np.float64(0.2571575342465753), 'environment/azk_step_deckbuild/main_cost_share/4_5': np.float64(0.2571575342465753), 'environment/deckbuild/main_cost_share/6_plus': np.float64(0.07271689497716895), 'environment/azk_step_deckbuild/main_cost_share/6_plus': np.float64(0.07271689497716895), 'environment/deckbuild/leader_card/AZK01-121': np.float64(1.0), 'environment/azk_step_deckbuild/leader_card/AZK01-121': np.float64(1.0), 'environment/deckbuild_gatecard/STT04-002/game': np.float64(1.0), 'environment/azk_step_deckbuild_gatecard/STT04-002/game': np.float64(1.0), 'environment/deckbuild_gatecard/STT04-002/avg_cost': np.float64(2.7642105263157895), 'environment/azk_step_deckbuild_gatecard/STT04-002/avg_cost': np.float64(2.7642105263157895), 'environment/deckbuild_gatecard/STT04-002/main_unique': np.float64(36.5), 'environment/azk_step_deckbuild_gatecard/STT04-002/main_unique': np.float64(36.5), 'environment/deckbuild_gatecard/STT04-002/copy_entropy_norm': np.float64(0.973887359652072), 'environment/azk_step_deckbuild_gatecard/STT04-002/copy_entropy_norm': np.float64(0.973887359652072), 'environment/deckbuild_gatecard/STT04-002/gate_element_share': np.float64(0.4378947368421053), 'environment/azk_step_deckbuild_gatecard/STT04-002/gate_element_share': np.float64(0.4378947368421053), 'environment/deckbuild_gatecard/STT04-002/type_share/ENTITY': np.float64(0.7984210526315789), 'environment/azk_step_deckbuild_gatecard/STT04-002/type_share/ENTITY': np.float64(0.7984210526315789), 'environment/deckbuild_gatecard/STT04-002/type_share/SPELL': np.float64(0.1594736842105263), 'environment/azk_step_deckbuild_gatecard/STT04-002/type_share/SPELL': np.float64(0.1594736842105263), 'environment/deckbuild_gatecard/STT04-002/type_share/WEAPON': np.float64(0.042105263157894736), 'environment/azk_step_deckbuild_gatecard/STT04-002/type_share/WEAPON': np.float64(0.042105263157894736), 'environment/deckbuild_gatecard/STT04-002/cost_share/0_1': np.float64(0.26842105263157895), 'environment/azk_step_deckbuild_gatecard/STT04-002/cost_share/0_1': np.float64(0.26842105263157895), 'environment/deckbuild_gatecard/STT04-002/cost_share/2_3': np.float64(0.43315789473684213), 'environment/azk_step_deckbuild_gatecard/STT04-002/cost_share/2_3': np.float64(0.43315789473684213), 'environment/deckbuild_gatecard/STT04-002/cost_share/4_5': np.float64(0.24631578947368418), 'environment/azk_step_deckbuild_gatecard/STT04-002/cost_share/4_5': np.float64(0.24631578947368418), 'environment/deckbuild_gatecard/STT04-002/cost_share/6_plus': np.float64(0.052105263157894745), 'environment/azk_step_deckbuild_gatecard/STT04-002/cost_share/6_plus': np.float64(0.052105263157894745), 'environment/deckbuild_gatecard/STT04-002/leader/AZK01-121': np.float64(1.0), 'environment/azk_step_deckbuild_gatecard/STT04-002/leader/AZK01-121': np.float64(1.0), 'environment/deckbuild_result/game': np.float64(1.0), 'environment/deckbuild_result/win': np.float64(0.5), 'environment/deckbuild_result/gate_match': np.float64(0.39840182648401823), 'environment/deckbuild_result/gate_match_win_joint': np.float64(0.19920091324200911), 'environment/deckbuild_result/gate_mismatch': np.float64(0.6015981735159817), 'environment/deckbuild_result/gate_mismatch_win_joint': np.float64(0.30079908675799083), 'environment/deckbuild_result/gate/FIRE/game': np.float64(1.0), 'environment/deckbuild_result/gate/FIRE/win': np.float64(0.4144144144144144), 'environment/deckbuild_result/gate_pair/FIRE_vs_FIRE/game': np.float64(1.0), 'environment/deckbuild_result/gate_pair/FIRE_vs_FIRE/win': np.float64(0.5), 'environment/deckbuild_result/gate_pair_unordered/FIRE_vs_FIRE/game': np.float64(1.0), 'environment/deckbuild_result/gate_pair_unordered/FIRE_vs_FIRE/win': np.float64(0.5), 'environment/deckbuild_result/gate_match/game': np.float64(1.0), 'environment/deckbuild_result/gate_match/win': np.float64(0.5), 'environment/deckbuild_result/gate_freq/EARTH': np.float64(0.1934931506849315), 'environment/deckbuild_result/gate_win_joint/EARTH': np.float64(0.12956621004566207), 'environment/deckbuild_result/gate_freq/FIRE': np.float64(0.261986301369863), 'environment/deckbuild_result/gate_win_joint/FIRE': np.float64(0.1067351598173516), 'environment/deckbuild_result/gate_freq/LIGHTNING': np.float64(0.2990867579908676), 'environment/deckbuild_result/gate_win_joint/LIGHTNING': np.float64(0.14383561643835616), 'environment/deckbuild_result/gate_freq/WATER': np.float64(0.24543378995433787), 'environment/deckbuild_result/gate_win_joint/WATER': np.float64(0.11986301369863013), 'environment/deckbuild_result/gate_pair_freq/EARTH_vs_EARTH': np.float64(0.05821917808219178), 'environment/deckbuild_result/gate_pair_win_joint/EARTH_vs_EARTH': np.float64(0.02910958904109589), 'environment/deckbuild_result/gate_pair_freq/EARTH_vs_FIRE': np.float64(0.07248858447488583), 'environment/deckbuild_result/gate_pair_win_joint/EARTH_vs_FIRE': np.float64(0.05365296803652968), 'environment/deckbuild_result/gate_pair_freq/EARTH_vs_LIGHTNING': np.float64(0.03995433789954338), 'environment/deckbuild_result/gate_pair_win_joint/EARTH_vs_LIGHTNING': np.float64(0.023972602739726026), 'environment/deckbuild_result/gate_pair_freq/EARTH_vs_WATER': np.float64(0.0228310502283105), 'environment/deckbuild_result/gate_pair_win_joint/EARTH_vs_WATER': np.float64(0.0228310502283105), 'environment/deckbuild_result/gate_pair_freq/FIRE_vs_EARTH': np.float64(0.07248858447488583), 'environment/deckbuild_result/gate_pair_win_joint/FIRE_vs_EARTH': np.float64(0.018835616438356163), 'environment/deckbuild_result/gate_pair_freq/FIRE_vs_FIRE': np.float64(0.08904109589041095), 'environment/deckbuild_result/gate_pair_win_joint/FIRE_vs_FIRE': np.float64(0.04452054794520548), 'environment/deckbuild_result/gate_pair_freq/FIRE_vs_LIGHTNING': np.float64(0.0593607305936073), 'environment/deckbuild_result/gate_pair_win_joint/FIRE_vs_LIGHTNING': np.float64(0.022831050228310504), 'environment/deckbuild_result/gate_pair_freq/FIRE_vs_WATER': np.float64(0.0410958904109589), 'environment/deckbuild_result/gate_pair_win_joint/FIRE_vs_WATER': np.float64(0.02054794520547945), 'environment/deckbuild_result/gate_pair_freq/LIGHTNING_vs_EARTH': np.float64(0.03995433789954338), 'environment/deckbuild_result/gate_pair_win_joint/LIGHTNING_vs_EARTH': np.float64(0.015981735159817354), 'environment/deckbuild_result/gate_pair_freq/LIGHTNING_vs_FIRE': np.float64(0.0593607305936073), 'environment/deckbuild_result/gate_pair_win_joint/LIGHTNING_vs_FIRE': np.float64(0.0365296803652968), 'environment/deckbuild_result/gate_pair_freq/LIGHTNING_vs_LIGHTNING': np.float64(0.13470319634703198), 'environment/deckbuild_result/gate_pair_win_joint/LIGHTNING_vs_LIGHTNING': np.float64(0.06735159817351599), 'environment/deckbuild_result/gate_pair_freq/LIGHTNING_vs_WATER': np.float64(0.06506849315068493), 'environment/deckbuild_result/gate_pair_win_joint/LIGHTNING_vs_WATER': np.float64(0.023972602739726026), 'environment/deckbuild_result/gate_pair_freq/WATER_vs_EARTH': np.float64(0.0228310502283105), 'environment/deckbuild_result/gate_pair_win_joint/WATER_vs_EARTH': np.float64(0.0), 'environment/deckbuild_result/gate_pair_freq/WATER_vs_FIRE': np.float64(0.0410958904109589), 'environment/deckbuild_result/gate_pair_win_joint/WATER_vs_FIRE': np.float64(0.02054794520547945), 'environment/deckbuild_result/gate_pair_freq/WATER_vs_LIGHTNING': np.float64(0.06506849315068493), 'environment/deckbuild_result/gate_pair_win_joint/WATER_vs_LIGHTNING': np.float64(0.0410958904109589), 'environment/deckbuild_result/gate_pair_freq/WATER_vs_WATER': np.float64(0.11643835616438356), 'environment/deckbuild_result/gate_pair_win_joint/WATER_vs_WATER': np.float64(0.05821917808219178), 'environment/deckbuild_result/gate_pair_unordered_freq/EARTH_vs_EARTH': np.float64(0.05821917808219178), 'environment/deckbuild_result/gate_pair_unordered_win_joint/EARTH_vs_EARTH': np.float64(0.02910958904109589), 'environment/deckbuild_result/gate_pair_unordered_freq/EARTH_vs_FIRE': np.float64(0.14497716894977167), 'environment/deckbuild_result/gate_pair_unordered_win_joint/EARTH_vs_FIRE': np.float64(0.07248858447488583), 'environment/deckbuild_result/gate_pair_unordered_freq/EARTH_vs_LIGHTNING': np.float64(0.07990867579908675), 'environment/deckbuild_result/gate_pair_unordered_win_joint/EARTH_vs_LIGHTNING': np.float64(0.03995433789954338), 'environment/deckbuild_result/gate_pair_unordered_freq/EARTH_vs_WATER': np.float64(0.045662100456621), 'environment/deckbuild_result/gate_pair_unordered_win_joint/EARTH_vs_WATER': np.float64(0.0228310502283105), 'environment/deckbuild_result/gate_pair_unordered_freq/FIRE_vs_FIRE': np.float64(0.08904109589041095), 'environment/deckbuild_result/gate_pair_unordered_win_joint/FIRE_vs_FIRE': np.float64(0.04452054794520548), 'environment/deckbuild_result/gate_pair_unordered_freq/FIRE_vs_LIGHTNING': np.float64(0.1187214611872146), 'environment/deckbuild_result/gate_pair_unordered_win_joint/FIRE_vs_LIGHTNING': np.float64(0.0593607305936073), 'environment/deckbuild_result/gate_pair_unordered_freq/FIRE_vs_WATER': np.float64(0.0821917808219178), 'environment/deckbuild_result/gate_pair_unordered_win_joint/FIRE_vs_WATER': np.float64(0.0410958904109589), 'environment/deckbuild_result/gate_pair_unordered_freq/LIGHTNING_vs_LIGHTNING': np.float64(0.13470319634703198), 'environment/deckbuild_result/gate_pair_unordered_win_joint/LIGHTNING_vs_LIGHTNING': np.float64(0.06735159817351599), 'environment/deckbuild_result/gate_pair_unordered_freq/LIGHTNING_vs_WATER': np.float64(0.13013698630136986), 'environment/deckbuild_result/gate_pair_unordered_win_joint/LIGHTNING_vs_WATER': np.float64(0.06506849315068493), 'environment/deckbuild_result/gate_pair_unordered_freq/WATER_vs_WATER': np.float64(0.11643835616438356), 'environment/deckbuild_result/gate_pair_unordered_win_joint/WATER_vs_WATER': np.float64(0.05821917808219178), 'environment/deckbuild_result/gatecard/STT04-002/game': np.float64(1.0), 'environment/deckbuild_result/gatecard/STT04-002/win': np.float64(0.39473684210526316), 'environment/deckbuild_result/gatecard/STT04-002/attack_rate': np.float64(0.19181048752445923), 'environment/deckbuild_result/gatecard/STT04-002/spell_rate': np.float64(0.03568232591312967), 'environment/deckbuild_result/gatecard/STT04-002/weapon_rate': np.float64(0.008368554304500944), 'environment/deckbuild_result/gatecard/STT04-002/portal_rate': np.float64(0.09961578181307566), 'environment/deckbuild_result/gatecard/STT04-002/play_entity_rate': np.float64(0.3523108551376744), 'environment/deckbuild_result/gatecard/STT04-002/noop_rate': np.float64(0.18536845045654396), 'environment/deckbuild_result/gatecard/STT04-002/episode_length': np.float64(127.89473684210526), 'environment/deckbuild_result/gatecard/STT04-002/leader_health': np.float64(0.09999999913730119), 'environment/deckbuild_result/gatecard/STT04-002/ability_rate': np.float64(0.057039864189726744), 'environment/deckbuild/leader_card/STT04-001': np.float64(1.0), 'environment/azk_step_deckbuild/leader_card/STT04-001': np.float64(1.0), 'environment/deckbuild_gatecard/AZK01-122/game': np.float64(1.0), 'environment/azk_step_deckbuild_gatecard/AZK01-122/game': np.float64(1.0), 'environment/deckbuild_gatecard/AZK01-122/avg_cost': np.float64(2.9549999999999996), 'environment/azk_step_deckbuild_gatecard/AZK01-122/avg_cost': np.float64(2.9549999999999996), 'environment/deckbuild_gatecard/AZK01-122/main_unique': np.float64(37.65909090909091), 'environment/azk_step_deckbuild_gatecard/AZK01-122/main_unique': np.float64(37.65909090909091), 'environment/deckbuild_gatecard/AZK01-122/copy_entropy_norm': np.float64(0.9780687086293139), 'environment/azk_step_deckbuild_gatecard/AZK01-122/copy_entropy_norm': np.float64(0.9780687086293139), 'environment/deckbuild_gatecard/AZK01-122/gate_element_share': np.float64(0.43136363636363645), 'environment/azk_step_deckbuild_gatecard/AZK01-122/gate_element_share': np.float64(0.43136363636363645), 'environment/deckbuild_gatecard/AZK01-122/type_share/ENTITY': np.float64(0.7918181818181819), 'environment/azk_step_deckbuild_gatecard/AZK01-122/type_share/ENTITY': np.float64(0.7918181818181819), 'environment/deckbuild_gatecard/AZK01-122/type_share/SPELL': np.float64(0.15727272727272731), 'environment/azk_step_deckbuild_gatecard/AZK01-122/type_share/SPELL': np.float64(0.15727272727272731), 'environment/deckbuild_gatecard/AZK01-122/type_share/WEAPON': np.float64(0.050909090909090925), 'environment/azk_step_deckbuild_gatecard/AZK01-122/type_share/WEAPON': np.float64(0.050909090909090925), 'environment/deckbuild_gatecard/AZK01-122/cost_share/0_1': np.float64(0.235), 'environment/azk_step_deckbuild_gatecard/AZK01-122/cost_share/0_1': np.float64(0.235), 'environment/deckbuild_gatecard/AZK01-122/cost_share/2_3': np.float64(0.43363636363636365), 'environment/azk_step_deckbuild_gatecard/AZK01-122/cost_share/2_3': np.float64(0.43363636363636365), 'environment/deckbuild_gatecard/AZK01-122/cost_share/4_5': np.float64(0.2631818181818182), 'environment/azk_step_deckbuild_gatecard/AZK01-122/cost_share/4_5': np.float64(0.2631818181818182), 'environment/deckbuild_gatecard/AZK01-122/cost_share/6_plus': np.float64(0.0681818181818182), 'environment/azk_step_deckbuild_gatecard/AZK01-122/cost_share/6_plus': np.float64(0.0681818181818182), 'environment/deckbuild_gatecard/AZK01-122/leader/STT04-001': np.float64(1.0), 'environment/azk_step_deckbuild_gatecard/AZK01-122/leader/STT04-001': np.float64(1.0), 'environment/deckbuild_result/gatecard/AZK01-122/game': np.float64(1.0), 'environment/deckbuild_result/gatecard/AZK01-122/win': np.float64(0.4318181818181818), 'environment/deckbuild_result/gatecard/AZK01-122/attack_rate': np.float64(0.17631145973097195), 'environment/deckbuild_result/gatecard/AZK01-122/spell_rate': np.float64(0.029997048793699254), 'environment/deckbuild_result/gatecard/AZK01-122/weapon_rate': np.float64(0.013587755701419983), 'environment/deckbuild_result/gatecard/AZK01-122/portal_rate': np.float64(0.09254291704432531), 'environment/deckbuild_result/gatecard/AZK01-122/play_entity_rate': np.float64(0.31417523663152347), 'environment/deckbuild_result/gatecard/AZK01-122/noop_rate': np.float64(0.18841847709634088), 'environment/deckbuild_result/gatecard/AZK01-122/episode_length': np.float64(128.9090909090909), 'environment/deckbuild_result/gatecard/AZK01-122/leader_health': np.float64(0.10909090910784223), 'environment/deckbuild_result/gatecard/AZK01-122/ability_rate': np.float64(0.07450590919787911), 'environment/ref_seat_rate': np.float64(0.0), 'environment/deckbuild/leader_card/AZK01-119': np.float64(1.0), 'environment/azk_step_deckbuild/leader_card/AZK01-119': np.float64(1.0), 'environment/deckbuild_gatecard/AZK01-120/game': np.float64(1.0), 'environment/azk_step_deckbuild_gatecard/AZK01-120/game': np.float64(1.0), 'environment/deckbuild_gatecard/AZK01-120/avg_cost': np.float64(2.694814814814815), 'environment/azk_step_deckbuild_gatecard/AZK01-120/avg_cost': np.float64(2.694814814814815), 'environment/deckbuild_gatecard/AZK01-120/main_unique': np.float64(36.351851851851855), 'environment/azk_step_deckbuild_gatecard/AZK01-120/main_unique': np.float64(36.351851851851855), 'environment/deckbuild_gatecard/AZK01-120/copy_entropy_norm': np.float64(0.9746847059280299), 'environment/azk_step_deckbuild_gatecard/AZK01-120/copy_entropy_norm': np.float64(0.9746847059280299), 'environment/deckbuild_gatecard/AZK01-120/gate_element_share': np.float64(0.3874074074074075), 'environment/azk_step_deckbuild_gatecard/AZK01-120/gate_element_share': np.float64(0.3874074074074075), 'environment/deckbuild_gatecard/AZK01-120/type_share/ENTITY': np.float64(0.6788888888888889), 'environment/azk_step_deckbuild_gatecard/AZK01-120/type_share/ENTITY': np.float64(0.6788888888888889), 'environment/deckbuild_gatecard/AZK01-120/type_share/SPELL': np.float64(0.1888888888888889), 'environment/azk_step_deckbuild_gatecard/AZK01-120/type_share/SPELL': np.float64(0.1888888888888889), 'environment/deckbuild_gatecard/AZK01-120/type_share/WEAPON': np.float64(0.13222222222222224), 'environment/azk_step_deckbuild_gatecard/AZK01-120/type_share/WEAPON': np.float64(0.13222222222222224), 'environment/deckbuild_gatecard/AZK01-120/cost_share/0_1': np.float64(0.25703703703703706), 'environment/azk_step_deckbuild_gatecard/AZK01-120/cost_share/0_1': np.float64(0.25703703703703706), 'environment/deckbuild_gatecard/AZK01-120/cost_share/2_3': np.float64(0.46518518518518515), 'environment/azk_step_deckbuild_gatecard/AZK01-120/cost_share/2_3': np.float64(0.46518518518518515), 'environment/deckbuild_gatecard/AZK01-120/cost_share/4_5': np.float64(0.24037037037037037), 'environment/azk_step_deckbuild_gatecard/AZK01-120/cost_share/4_5': np.float64(0.24037037037037037), 'environment/deckbuild_gatecard/AZK01-120/cost_share/6_plus': np.float64(0.03740740740740741), 'environment/azk_step_deckbuild_gatecard/AZK01-120/cost_share/6_plus': np.float64(0.03740740740740741), 'environment/deckbuild_gatecard/AZK01-120/leader/AZK01-119': np.float64(1.0), 'environment/azk_step_deckbuild_gatecard/AZK01-120/leader/AZK01-119': np.float64(1.0), 'environment/deckbuild_result/gate/LIGHTNING/game': np.float64(1.0), 'environment/deckbuild_result/gate/LIGHTNING/win': np.float64(0.47747747747747743), 'environment/deckbuild_result/gate_pair/LIGHTNING_vs_WATER/game': np.float64(1.0), 'environment/deckbuild_result/gate_pair/LIGHTNING_vs_WATER/win': np.float64(0.36363636363636365), 'environment/deckbuild_result/gate_pair_unordered/LIGHTNING_vs_WATER/game': np.float64(1.0), 'environment/deckbuild_result/gate_pair_unordered/LIGHTNING_vs_WATER/win': np.float64(0.5), 'environment/deckbuild_result/gate_mismatch/game': np.float64(1.0), 'environment/deckbuild_result/gate_mismatch/win': np.float64(0.5), 'environment/deckbuild_result/gatecard/AZK01-120/game': np.float64(1.0), 'environment/deckbuild_result/gatecard/AZK01-120/win': np.float64(0.6111111111111112), 'environment/deckbuild_result/gatecard/AZK01-120/attack_rate': np.float64(0.2431251392872245), 'environment/deckbuild_result/gatecard/AZK01-120/spell_rate': np.float64(0.04194012244611427), 'environment/deckbuild_result/gatecard/AZK01-120/weapon_rate': np.float64(0.028839707305585896), 'environment/deckbuild_result/gatecard/AZK01-120/portal_rate': np.float64(0.0940508676899804), 'environment/deckbuild_result/gatecard/AZK01-120/play_entity_rate': np.float64(0.3669416496047267), 'environment/deckbuild_result/gatecard/AZK01-120/noop_rate': np.float64(0.2094075740487487), 'environment/deckbuild_result/gatecard/AZK01-120/episode_length': np.float64(129.33333333333334), 'environment/deckbuild_result/gatecard/AZK01-120/leader_health': np.float64(0.2101851896279388), 'environment/deckbuild_result/gatecard/AZK01-120/ability_rate': np.float64(0.008224031301560226), 'environment/deckbuild/leader_card/AZK01-125': np.float64(1.0), 'environment/azk_step_deckbuild/leader_card/AZK01-125': np.float64(1.0), 'environment/deckbuild_gatecard/STT02-002/game': np.float64(1.0), 'environment/azk_step_deckbuild_gatecard/STT02-002/game': np.float64(1.0), 'environment/deckbuild_gatecard/STT02-002/avg_cost': np.float64(2.8660869565217384), 'environment/azk_step_deckbuild_gatecard/STT02-002/avg_cost': np.float64(2.8660869565217384), 'environment/deckbuild_gatecard/STT02-002/main_unique': np.float64(36.73913043478261), 'environment/azk_step_deckbuild_gatecard/STT02-002/main_unique': np.float64(36.73913043478261), 'environment/deckbuild_gatecard/STT02-002/copy_entropy_norm': np.float64(0.9759375648168371), 'environment/azk_step_deckbuild_gatecard/STT02-002/copy_entropy_norm': np.float64(0.9759375648168371), 'environment/deckbuild_gatecard/STT02-002/gate_element_share': np.float64(0.3952173913043478), 'environment/azk_step_deckbuild_gatecard/STT02-002/gate_element_share': np.float64(0.3952173913043478), 'environment/deckbuild_gatecard/STT02-002/type_share/ENTITY': np.float64(0.6934782608695651), 'environment/azk_step_deckbuild_gatecard/STT02-002/type_share/ENTITY': np.float64(0.6934782608695651), 'environment/deckbuild_gatecard/STT02-002/type_share/SPELL': np.float64(0.24956521739130433), 'environment/azk_step_deckbuild_gatecard/STT02-002/type_share/SPELL': np.float64(0.24956521739130433), 'environment/deckbuild_gatecard/STT02-002/type_share/WEAPON': np.float64(0.05695652173913045), 'environment/azk_step_deckbuild_gatecard/STT02-002/type_share/WEAPON': np.float64(0.05695652173913045), 'environment/deckbuild_gatecard/STT02-002/cost_share/0_1': np.float64(0.28173913043478266), 'environment/azk_step_deckbuild_gatecard/STT02-002/cost_share/0_1': np.float64(0.28173913043478266), 'environment/deckbuild_gatecard/STT02-002/cost_share/2_3': np.float64(0.3995652173913044), 'environment/azk_step_deckbuild_gatecard/STT02-002/cost_share/2_3': np.float64(0.3995652173913044), 'environment/deckbuild_gatecard/STT02-002/cost_share/4_5': np.float64(0.22869565217391302), 'environment/azk_step_deckbuild_gatecard/STT02-002/cost_share/4_5': np.float64(0.22869565217391302), 'environment/deckbuild_gatecard/STT02-002/cost_share/6_plus': np.float64(0.09000000000000001), 'environment/azk_step_deckbuild_gatecard/STT02-002/cost_share/6_plus': np.float64(0.09000000000000001), 'environment/deckbuild_gatecard/STT02-002/leader/AZK01-125': np.float64(1.0), 'environment/azk_step_deckbuild_gatecard/STT02-002/leader/AZK01-125': np.float64(1.0), 'environment/deckbuild_result/gate/WATER/game': np.float64(1.0), 'environment/deckbuild_result/gate/WATER/win': np.float64(0.453125), 'environment/deckbuild_result/gate_pair/WATER_vs_LIGHTNING/game': np.float64(1.0), 'environment/deckbuild_result/gate_pair/WATER_vs_LIGHTNING/win': np.float64(0.6363636363636364), 'environment/deckbuild_result/gatecard/STT02-002/game': np.float64(1.0), 'environment/deckbuild_result/gatecard/STT02-002/win': np.float64(0.45652173913043476), 'environment/deckbuild_result/gatecard/STT02-002/attack_rate': np.float64(0.18600489490705988), 'environment/deckbuild_result/gatecard/STT02-002/spell_rate': np.float64(0.04481253845860129), 'environment/deckbuild_result/gatecard/STT02-002/weapon_rate': np.float64(0.009088533120634764), 'environment/deckbuild_result/gatecard/STT02-002/portal_rate': np.float64(0.08598767917441286), 'environment/deckbuild_result/gatecard/STT02-002/play_entity_rate': np.float64(0.3186129532430483), 'environment/deckbuild_result/gatecard/STT02-002/noop_rate': np.float64(0.21461505896371344), 'environment/deckbuild_result/gatecard/STT02-002/episode_length': np.float64(129.8695652173913), 'environment/deckbuild_result/gatecard/STT02-002/leader_health': np.float64(0.2239130430895349), 'environment/deckbuild_result/gatecard/STT02-002/ability_rate': np.float64(0.04577870081867213), 'environment/deckbuild_gatecard/STT01-002/game': np.float64(1.0), 'environment/azk_step_deckbuild_gatecard/STT01-002/game': np.float64(1.0), 'environment/deckbuild_gatecard/STT01-002/avg_cost': np.float64(2.8236363636363637), 'environment/azk_step_deckbuild_gatecard/STT01-002/avg_cost': np.float64(2.8236363636363637), 'environment/deckbuild_gatecard/STT01-002/main_unique': np.float64(36.34090909090909), 'environment/azk_step_deckbuild_gatecard/STT01-002/main_unique': np.float64(36.34090909090909), 'environment/deckbuild_gatecard/STT01-002/copy_entropy_norm': np.float64(0.9755802350196146), 'environment/azk_step_deckbuild_gatecard/STT01-002/copy_entropy_norm': np.float64(0.9755802350196146), 'environment/deckbuild_gatecard/STT01-002/gate_element_share': np.float64(0.38045454545454543), 'environment/azk_step_deckbuild_gatecard/STT01-002/gate_element_share': np.float64(0.38045454545454543), 'environment/deckbuild_gatecard/STT01-002/type_share/ENTITY': np.float64(0.6872727272727273), 'environment/azk_step_deckbuild_gatecard/STT01-002/type_share/ENTITY': np.float64(0.6872727272727273), 'environment/deckbuild_gatecard/STT01-002/type_share/SPELL': np.float64(0.17772727272727276), 'environment/azk_step_deckbuild_gatecard/STT01-002/type_share/SPELL': np.float64(0.17772727272727276), 'environment/deckbuild_gatecard/STT01-002/type_share/WEAPON': np.float64(0.13500000000000004), 'environment/azk_step_deckbuild_gatecard/STT01-002/type_share/WEAPON': np.float64(0.13500000000000004), 'environment/deckbuild_gatecard/STT01-002/cost_share/0_1': np.float64(0.23363636363636361), 'environment/azk_step_deckbuild_gatecard/STT01-002/cost_share/0_1': np.float64(0.23363636363636361), 'environment/deckbuild_gatecard/STT01-002/cost_share/2_3': np.float64(0.4440909090909091), 'environment/azk_step_deckbuild_gatecard/STT01-002/cost_share/2_3': np.float64(0.4440909090909091), 'environment/deckbuild_gatecard/STT01-002/cost_share/4_5': np.float64(0.29136363636363644), 'environment/azk_step_deckbuild_gatecard/STT01-002/cost_share/4_5': np.float64(0.29136363636363644), 'environment/deckbuild_gatecard/STT01-002/cost_share/6_plus': np.float64(0.030909090909090917), 'environment/azk_step_deckbuild_gatecard/STT01-002/cost_share/6_plus': np.float64(0.030909090909090917), 'environment/deckbuild_gatecard/STT01-002/leader/AZK01-119': np.float64(1.0), 'environment/azk_step_deckbuild_gatecard/STT01-002/leader/AZK01-119': np.float64(1.0), 'environment/deckbuild_result/gate_pair/LIGHTNING_vs_FIRE/game': np.float64(1.0), 'environment/deckbuild_result/gate_pair/LIGHTNING_vs_FIRE/win': np.float64(0.5909090909090909), 'environment/deckbuild_result/gate_pair_unordered/FIRE_vs_LIGHTNING/game': np.float64(1.0), 'environment/deckbuild_result/gate_pair_unordered/FIRE_vs_LIGHTNING/win': np.float64(0.5), 'environment/deckbuild_result/gatecard/STT01-002/game': np.float64(1.0), 'environment/deckbuild_result/gatecard/STT01-002/win': np.float64(0.3181818181818182), 'environment/deckbuild_result/gatecard/STT01-002/attack_rate': np.float64(0.21932503039186652), 'environment/deckbuild_result/gatecard/STT01-002/spell_rate': np.float64(0.032691451382230625), 'environment/deckbuild_result/gatecard/STT01-002/weapon_rate': np.float64(0.03606017678976059), 'environment/deckbuild_result/gatecard/STT01-002/portal_rate': np.float64(0.09086609225381505), 'environment/deckbuild_result/gatecard/STT01-002/play_entity_rate': np.float64(0.3484502996910702), 'environment/deckbuild_result/gatecard/STT01-002/noop_rate': np.float64(0.22548664869232612), 'environment/deckbuild_result/gatecard/STT01-002/episode_length': np.float64(128.72727272727272), 'environment/deckbuild_result/gatecard/STT01-002/leader_health': np.float64(0.11704545671289618), 'environment/deckbuild_result/gatecard/STT01-002/ability_rate': np.float64(0.01586921866559847), 'environment/deckbuild_result/gate_pair/FIRE_vs_LIGHTNING/game': np.float64(1.0), 'environment/deckbuild_result/gate_pair/FIRE_vs_LIGHTNING/win': np.float64(0.4090909090909091), 'environment/deckbuild/leader_card/STT03-001': np.float64(1.0), 'environment/azk_step_deckbuild/leader_card/STT03-001': np.float64(1.0), 'environment/deckbuild_gatecard/AZK01-124/game': np.float64(1.0), 'environment/azk_step_deckbuild_gatecard/AZK01-124/game': np.float64(1.0), 'environment/deckbuild_gatecard/AZK01-124/avg_cost': np.float64(3.2966666666666664), 'environment/azk_step_deckbuild_gatecard/AZK01-124/avg_cost': np.float64(3.2966666666666664), 'environment/deckbuild_gatecard/AZK01-124/main_unique': np.float64(37.791666666666664), 'environment/azk_step_deckbuild_gatecard/AZK01-124/main_unique': np.float64(37.791666666666664), 'environment/deckbuild_gatecard/AZK01-124/copy_entropy_norm': np.float64(0.9763598500279032), 'environment/azk_step_deckbuild_gatecard/AZK01-124/copy_entropy_norm': np.float64(0.9763598500279032), 'environment/deckbuild_gatecard/AZK01-124/gate_element_share': np.float64(0.4322222222222222), 'environment/azk_step_deckbuild_gatecard/AZK01-124/gate_element_share': np.float64(0.4322222222222222), 'environment/deckbuild_gatecard/AZK01-124/type_share/ENTITY': np.float64(0.7716666666666667), 'environment/azk_step_deckbuild_gatecard/AZK01-124/type_share/ENTITY': np.float64(0.7716666666666667), 'environment/deckbuild_gatecard/AZK01-124/type_share/SPELL': np.float64(0.1741666666666667), 'environment/azk_step_deckbuild_gatecard/AZK01-124/type_share/SPELL': np.float64(0.1741666666666667), 'environment/deckbuild_gatecard/AZK01-124/type_share/WEAPON': np.float64(0.05416666666666667), 'environment/azk_step_deckbuild_gatecard/AZK01-124/type_share/WEAPON': np.float64(0.05416666666666667), 'environment/deckbuild_gatecard/AZK01-124/cost_share/0_1': np.float64(0.21444444444444447), 'environment/azk_step_deckbuild_gatecard/AZK01-124/cost_share/0_1': np.float64(0.21444444444444447), 'environment/deckbuild_gatecard/AZK01-124/cost_share/2_3': np.float64(0.3516666666666667), 'environment/azk_step_deckbuild_gatecard/AZK01-124/cost_share/2_3': np.float64(0.3516666666666667), 'environment/deckbuild_gatecard/AZK01-124/cost_share/4_5': np.float64(0.31222222222222223), 'environment/azk_step_deckbuild_gatecard/AZK01-124/cost_share/4_5': np.float64(0.31222222222222223), 'environment/deckbuild_gatecard/AZK01-124/cost_share/6_plus': np.float64(0.12166666666666669), 'environment/azk_step_deckbuild_gatecard/AZK01-124/cost_share/6_plus': np.float64(0.12166666666666669), 'environment/deckbuild_gatecard/AZK01-124/leader/STT03-001': np.float64(1.0), 'environment/azk_step_deckbuild_gatecard/AZK01-124/leader/STT03-001': np.float64(1.0), 'environment/deckbuild_result/gate/EARTH/game': np.float64(1.0), 'environment/deckbuild_result/gate/EARTH/win': np.float64(0.7178571428571429), 'environment/deckbuild_result/gate_pair/EARTH_vs_LIGHTNING/game': np.float64(1.0), 'environment/deckbuild_result/gate_pair/EARTH_vs_LIGHTNING/win': np.float64(0.5714285714285714), 'environment/deckbuild_result/gate_pair_unordered/EARTH_vs_LIGHTNING/game': np.float64(1.0), 'environment/deckbuild_result/gate_pair_unordered/EARTH_vs_LIGHTNING/win': np.float64(0.5), 'environment/deckbuild_result/gatecard/AZK01-124/game': np.float64(1.0), 'environment/deckbuild_result/gatecard/AZK01-124/win': np.float64(0.6388888888888888), 'environment/deckbuild_result/gatecard/AZK01-124/attack_rate': np.float64(0.16296195621705717), 'environment/deckbuild_result/gatecard/AZK01-124/spell_rate': np.float64(0.028596462073942855), 'environment/deckbuild_result/gatecard/AZK01-124/weapon_rate': np.float64(0.020583503789061472), 'environment/deckbuild_result/gatecard/AZK01-124/portal_rate': np.float64(0.09617082960903645), 'environment/deckbuild_result/gatecard/AZK01-124/play_entity_rate': np.float64(0.33704076955715817), 'environment/deckbuild_result/gatecard/AZK01-124/noop_rate': np.float64(0.21668881964352396), 'environment/deckbuild_result/gatecard/AZK01-124/episode_length': np.float64(130.11111111111111), 'environment/deckbuild_result/gatecard/AZK01-124/leader_health': np.float64(0.37083333109815914), 'environment/deckbuild_result/gatecard/AZK01-124/ability_rate': np.float64(0.06791963366170724), 'environment/deckbuild_result/gate_pair/LIGHTNING_vs_EARTH/game': np.float64(1.0), 'environment/deckbuild_result/gate_pair/LIGHTNING_vs_EARTH/win': np.float64(0.42857142857142855), 'environment/deckbuild/leader_card/STT01-001': np.float64(1.0), 'environment/azk_step_deckbuild/leader_card/STT01-001': np.float64(1.0), 'environment/deckbuild_gatecard/AZK01-120/leader/STT01-001': np.float64(1.0), 'environment/azk_step_deckbuild_gatecard/AZK01-120/leader/STT01-001': np.float64(1.0), 'environment/deckbuild_gatecard/STT04-002/leader/STT04-001': np.float64(1.0), 'environment/azk_step_deckbuild_gatecard/STT04-002/leader/STT04-001': np.float64(1.0), 'environment/deckbuild_result/gate_pair/FIRE_vs_WATER/game': np.float64(1.0), 'environment/deckbuild_result/gate_pair/FIRE_vs_WATER/win': np.float64(0.5714285714285714), 'environment/deckbuild_result/gate_pair_unordered/FIRE_vs_WATER/game': np.float64(1.0), 'environment/deckbuild_result/gate_pair_unordered/FIRE_vs_WATER/win': np.float64(0.5), 'environment/deckbuild_result/gate_pair/WATER_vs_FIRE/game': np.float64(1.0), 'environment/deckbuild_result/gate_pair/WATER_vs_FIRE/win': np.float64(0.42857142857142855), 'environment/deckbuild_result/gate_pair/LIGHTNING_vs_LIGHTNING/game': np.float64(1.0), 'environment/deckbuild_result/gate_pair/LIGHTNING_vs_LIGHTNING/win': np.float64(0.5), 'environment/deckbuild_result/gate_pair_unordered/LIGHTNING_vs_LIGHTNING/game': np.float64(1.0), 'environment/deckbuild_result/gate_pair_unordered/LIGHTNING_vs_LIGHTNING/win': np.float64(0.5), 'environment/deckbuild_result/gate_pair/FIRE_vs_EARTH/game': np.float64(1.0), 'environment/deckbuild_result/gate_pair/FIRE_vs_EARTH/win': np.float64(0.2857142857142857), 'environment/deckbuild_result/gate_pair_unordered/EARTH_vs_FIRE/game': np.float64(1.0), 'environment/deckbuild_result/gate_pair_unordered/EARTH_vs_FIRE/win': np.float64(0.5), 'environment/deckbuild/leader_card/AZK01-123': np.float64(1.0), 'environment/azk_step_deckbuild/leader_card/AZK01-123': np.float64(1.0), 'environment/deckbuild_gatecard/STT03-002/game': np.float64(1.0), 'environment/azk_step_deckbuild_gatecard/STT03-002/game': np.float64(1.0), 'environment/deckbuild_gatecard/STT03-002/avg_cost': np.float64(3.3393333333333337), 'environment/azk_step_deckbuild_gatecard/STT03-002/avg_cost': np.float64(3.3393333333333337), 'environment/deckbuild_gatecard/STT03-002/main_unique': np.float64(37.2), 'environment/azk_step_deckbuild_gatecard/STT03-002/main_unique': np.float64(37.2), 'environment/deckbuild_gatecard/STT03-002/copy_entropy_norm': np.float64(0.9752896181166246), 'environment/azk_step_deckbuild_gatecard/STT03-002/copy_entropy_norm': np.float64(0.9752896181166246), 'environment/deckbuild_gatecard/STT03-002/gate_element_share': np.float64(0.42066666666666663), 'environment/azk_step_deckbuild_gatecard/STT03-002/gate_element_share': np.float64(0.42066666666666663), 'environment/deckbuild_gatecard/STT03-002/type_share/ENTITY': np.float64(0.7593333333333334), 'environment/azk_step_deckbuild_gatecard/STT03-002/type_share/ENTITY': np.float64(0.7593333333333334), 'environment/deckbuild_gatecard/STT03-002/type_share/SPELL': np.float64(0.1904444444444445), 'environment/azk_step_deckbuild_gatecard/STT03-002/type_share/SPELL': np.float64(0.1904444444444445), 'environment/deckbuild_gatecard/STT03-002/type_share/WEAPON': np.float64(0.05022222222222222), 'environment/azk_step_deckbuild_gatecard/STT03-002/type_share/WEAPON': np.float64(0.05022222222222222), 'environment/deckbuild_gatecard/STT03-002/cost_share/0_1': np.float64(0.21222222222222226), 'environment/azk_step_deckbuild_gatecard/STT03-002/cost_share/0_1': np.float64(0.21222222222222226), 'environment/deckbuild_gatecard/STT03-002/cost_share/2_3': np.float64(0.3697777777777778), 'environment/azk_step_deckbuild_gatecard/STT03-002/cost_share/2_3': np.float64(0.3697777777777778), 'environment/deckbuild_gatecard/STT03-002/cost_share/4_5': np.float64(0.28733333333333333), 'environment/azk_step_deckbuild_gatecard/STT03-002/cost_share/4_5': np.float64(0.28733333333333333), 'environment/deckbuild_gatecard/STT03-002/cost_share/6_plus': np.float64(0.13066666666666668), 'environment/azk_step_deckbuild_gatecard/STT03-002/cost_share/6_plus': np.float64(0.13066666666666668), 'environment/deckbuild_gatecard/STT03-002/leader/AZK01-123': np.float64(1.0), 'environment/azk_step_deckbuild_gatecard/STT03-002/leader/AZK01-123': np.float64(1.0), 'environment/deckbuild_result/gate_pair/EARTH_vs_FIRE/game': np.float64(1.0), 'environment/deckbuild_result/gate_pair/EARTH_vs_FIRE/win': np.float64(0.7142857142857143), 'environment/deckbuild_result/gatecard/STT03-002/game': np.float64(1.0), 'environment/deckbuild_result/gatecard/STT03-002/win': np.float64(0.7444444444444444), 'environment/deckbuild_result/gatecard/STT03-002/attack_rate': np.float64(0.21991773065593506), 'environment/deckbuild_result/gatecard/STT03-002/spell_rate': np.float64(0.026394889255364738), 'environment/deckbuild_result/gatecard/STT03-002/weapon_rate': np.float64(0.009355686356623967), 'environment/deckbuild_result/gatecard/STT03-002/portal_rate': np.float64(0.09041313752532006), 'environment/deckbuild_result/gatecard/STT03-002/play_entity_rate': np.float64(0.31525355676809946), 'environment/deckbuild_result/gatecard/STT03-002/noop_rate': np.float64(0.20339567793740168), 'environment/deckbuild_result/gatecard/STT03-002/episode_length': np.float64(128.8), 'environment/deckbuild_result/gatecard/STT03-002/leader_health': np.float64(0.5299999939070807), 'environment/deckbuild_result/gatecard/STT03-002/ability_rate': np.float64(0.05046784128579829), 'environment/deckbuild_gatecard/AZK01-124/leader/AZK01-123': np.float64(1.0), 'environment/azk_step_deckbuild_gatecard/AZK01-124/leader/AZK01-123': np.float64(1.0), 'environment/deckbuild_result/gate_pair/EARTH_vs_EARTH/game': np.float64(1.0), 'environment/deckbuild_result/gate_pair/EARTH_vs_EARTH/win': np.float64(0.5), 'environment/deckbuild_result/gate_pair_unordered/EARTH_vs_EARTH/game': np.float64(1.0), 'environment/deckbuild_result/gate_pair_unordered/EARTH_vs_EARTH/win': np.float64(0.5), 'environment/deckbuild_gatecard/STT03-002/leader/STT03-001': np.float64(1.0), 'environment/azk_step_deckbuild_gatecard/STT03-002/leader/STT03-001': np.float64(1.0), 'environment/deckbuild_result/gate_pair/WATER_vs_WATER/game': np.float64(1.0), 'environment/deckbuild_result/gate_pair/WATER_vs_WATER/win': np.float64(0.5), 'environment/deckbuild_result/gate_pair_unordered/WATER_vs_WATER/game': np.float64(1.0), 'environment/deckbuild_result/gate_pair_unordered/WATER_vs_WATER/win': np.float64(0.5), 'environment/deckbuild_gatecard/AZK01-126/game': np.float64(1.0), 'environment/azk_step_deckbuild_gatecard/AZK01-126/game': np.float64(1.0), 'environment/deckbuild_gatecard/AZK01-126/avg_cost': np.float64(2.846875), 'environment/azk_step_deckbuild_gatecard/AZK01-126/avg_cost': np.float64(2.846875), 'environment/deckbuild_gatecard/AZK01-126/main_unique': np.float64(36.34375), 'environment/azk_step_deckbuild_gatecard/AZK01-126/main_unique': np.float64(36.34375), 'environment/deckbuild_gatecard/AZK01-126/copy_entropy_norm': np.float64(0.975630703934838), 'environment/azk_step_deckbuild_gatecard/AZK01-126/copy_entropy_norm': np.float64(0.975630703934838), 'environment/deckbuild_gatecard/AZK01-126/gate_element_share': np.float64(0.43062500000000004), 'environment/azk_step_deckbuild_gatecard/AZK01-126/gate_element_share': np.float64(0.43062500000000004), 'environment/deckbuild_gatecard/AZK01-126/type_share/ENTITY': np.float64(0.715), 'environment/azk_step_deckbuild_gatecard/AZK01-126/type_share/ENTITY': np.float64(0.715), 'environment/deckbuild_gatecard/AZK01-126/type_share/SPELL': np.float64(0.23249999999999998), 'environment/azk_step_deckbuild_gatecard/AZK01-126/type_share/SPELL': np.float64(0.23249999999999998), 'environment/deckbuild_gatecard/AZK01-126/type_share/WEAPON': np.float64(0.052500000000000005), 'environment/azk_step_deckbuild_gatecard/AZK01-126/type_share/WEAPON': np.float64(0.052500000000000005), 'environment/deckbuild_gatecard/AZK01-126/cost_share/0_1': np.float64(0.26625), 'environment/azk_step_deckbuild_gatecard/AZK01-126/cost_share/0_1': np.float64(0.26625), 'environment/deckbuild_gatecard/AZK01-126/cost_share/2_3': np.float64(0.438125), 'environment/azk_step_deckbuild_gatecard/AZK01-126/cost_share/2_3': np.float64(0.438125), 'environment/deckbuild_gatecard/AZK01-126/cost_share/4_5': np.float64(0.208125), 'environment/azk_step_deckbuild_gatecard/AZK01-126/cost_share/4_5': np.float64(0.208125), 'environment/deckbuild_gatecard/AZK01-126/cost_share/6_plus': np.float64(0.0875), 'environment/azk_step_deckbuild_gatecard/AZK01-126/cost_share/6_plus': np.float64(0.0875), 'environment/deckbuild_gatecard/AZK01-126/leader/AZK01-125': np.float64(1.0), 'environment/azk_step_deckbuild_gatecard/AZK01-126/leader/AZK01-125': np.float64(1.0), 'environment/deckbuild_result/gatecard/AZK01-126/game': np.float64(1.0), 'environment/deckbuild_result/gatecard/AZK01-126/win': np.float64(0.5), 'environment/deckbuild_result/gatecard/AZK01-126/attack_rate': np.float64(0.17589234048500657), 'environment/deckbuild_result/gatecard/AZK01-126/spell_rate': np.float64(0.048655312741175294), 'environment/deckbuild_result/gatecard/AZK01-126/weapon_rate': np.float64(0.011363832105416805), 'environment/deckbuild_result/gatecard/AZK01-126/portal_rate': np.float64(0.08693575765937567), 'environment/deckbuild_result/gatecard/AZK01-126/play_entity_rate': np.float64(0.32769180182367563), 'environment/deckbuild_result/gatecard/AZK01-126/noop_rate': np.float64(0.21184528013691306), 'environment/deckbuild_result/gatecard/AZK01-126/episode_length': np.float64(130.9375), 'environment/deckbuild_result/gatecard/AZK01-126/leader_health': np.float64(0.2406250019557774), 'environment/deckbuild_result/gatecard/AZK01-126/ability_rate': np.float64(0.0444348759483546), 'environment/deckbuild/leader_card/STT02-001': np.float64(1.0), 'environment/azk_step_deckbuild/leader_card/STT02-001': np.float64(1.0), 'environment/deckbuild_gatecard/STT02-002/leader/STT02-001': np.float64(1.0), 'environment/azk_step_deckbuild_gatecard/STT02-002/leader/STT02-001': np.float64(1.0), 'environment/deckbuild_gatecard/AZK01-122/leader/AZK01-121': np.float64(1.0), 'environment/azk_step_deckbuild_gatecard/AZK01-122/leader/AZK01-121': np.float64(1.0), 'environment/deckbuild_gatecard/AZK01-126/leader/STT02-001': np.float64(1.0), 'environment/azk_step_deckbuild_gatecard/AZK01-126/leader/STT02-001': np.float64(1.0), 'environment/deckbuild_gatecard/STT01-002/leader/STT01-001': np.float64(1.0), 'environment/azk_step_deckbuild_gatecard/STT01-002/leader/STT01-001': np.float64(1.0), 'environment/deckbuild_result/gate_pair/EARTH_vs_WATER/game': np.float64(1.0), 'environment/deckbuild_result/gate_pair/EARTH_vs_WATER/win': np.float64(1.0), 'environment/deckbuild_result/gate_pair_unordered/EARTH_vs_WATER/game': np.float64(1.0), 'environment/deckbuild_result/gate_pair_unordered/EARTH_vs_WATER/win': np.float64(0.5), 'environment/deckbuild_result/gate_pair/WATER_vs_EARTH/game': np.float64(1.0), 'environment/deckbuild_result/gate_pair/WATER_vs_EARTH/win': np.float64(0.0), 'losses/policy_loss': -0.0018801188562065363, 'losses/value_loss': 0.10219307988882065, 'losses/value_loss_total': 0.10219307988882065, 'losses/entropy': 1.0126914978027344, 'losses/old_approx_kl': -3.727354123839177e-05, 'losses/approx_kl': 5.034647529100766e-06, 'losses/clipfrac': 0.0, 'losses/importance': 1.0000423192977905, 'losses/win_prob_aux_loss': 0.69140625, 'losses/win_prob_aux_labeled_frac': 0.21484375, 'losses/explained_variance': 0.029766499996185303, 'losses/win_prob_aux_accuracy': 0.68359375, 'losses/win_prob_aux_brier': 0.248046875, 'losses/win_prob_aux_pred_mean': 0.49609375, 'losses/win_prob_aux_target_mean': 0.478515625, 'performance/eval': 24.996742010116577, 'performance/train': 23.879146575927734, 'performance/eval_forward': 24.36668872833252, 'performance/env': 0.08632302284240723, 'performance/eval_copy': 0.47095537185668945, 'performance/eval_misc': 0.07263898849487305, 'performance/train_forward': 4.9101316928863525, 'performance/learn_backward': 9.25944209098816, 'performance/learn_opt': 9.55502986907959, 'performance/train_copy': 0.007497072219848633, 'performance/train_misc': 0.14691829681396484}
[0;0H╭──────────────────────────────────────────────────────────────────────────────╮
│  PufferLib 4.0     🐡           CPU:     GPU: 0.0%  DRAM: 2.9%   VRAM: 0.0%  │
│                                153.5%                                        │
│                                                                              │
│  Summary          Value    Evaluate     24s  51%    Losses            Value  │
│  Env        azuki_local      Forwa…     24s  49%    policy_loss       0.011  │
│  Params           90.2M      Env         0s   0%    value_loss        0.111  │
│  Steps           245.8K      Copy        0s   1%    value_loss_to…    0.111  │
│  SPS               5.1K      Misc        0s   0%    entropy           1.041  │
│  Epoch               16    Train        23s  48%    old_approx_kl    -0.000  │
│  Uptime           3m 4s      Forwa…      4s  10%    approx_kl         0.000  │
│  Remaini…           11s      Backw…      9s  18%    clipfrac          0.000  │
│                              Optim…      9s  19%    importance        1.000  │
│                              Copy        0s   0%    win_prob_aux_…    0.691  │
│                              Misc        0s   0%    win_prob_aux_…    0.260  │
│                                                     explained_var…    0.045  │
│                                                     win_prob_aux_…    0.711  │
│                                                     win_prob_aux_…    0.250  │
│                                                     win_prob_aux_…    0.500  │
│                                                     win_prob_aux_…    0.512  │
│                                                                              │
│  User Stats                    Value    User Stats                    Value  │
│  league/active                 1.000    sampler/subaction_tem…        1.200  │
│  sampler/smoothing_eps         0.050    anneal/ent_coef               0.006  │
│  perf                          0.000    score                         0.000  │
│  episode_return                0.747    episode_length              145.774  │
│  p0_episode_return             0.747    p1_episode_return            -0.747  │
│  p0_winrate                    0.573    p1_winrate                    0.427  │
│  p0_start_rate                 0.484    p1_start_rate                 0.516  │
│  draw_rate                     0.000    timeout_truncation_ra…        0.000  │
│  auto_tick_truncation_…        0.000    zero_legal_action_tru…        0.000  │
│  gameover_terminal_rate        1.000    winner_terminal_rate          1.000  │
│  curriculum_episode_cap        0.000    reward_shaping_scale          1.000  │
│  completed_episodes            1.000    p0_noop_selected_rate         0.213  │
│  p1_noop_selected_rate         0.206    p0_attack_selected_ra…        0.200  │
│  p1_attack_selected_ra…        0.199    p0_attach_weapon_from…        0.015  │
│  p1_attach_weapon_from…        0.014    p0_play_spell_from_ha…        0.037  │
╰──────────────────────────────────────────────────────────────────────────────╯

[epoch 16] {'SPS': 5129.939914150787, 'agent_steps': 245760, 'uptime': 184.77848839759827, 'epoch': 16, 'learning_rate': 0.00028647450843757914, 'environment/league/active': np.float64(1.0), 'environment/sampler/subaction_temperature': np.float64(1.2), 'environment/sampler/smoothing_eps': np.float64(0.05), 'environment/anneal/ent_coef': np.float64(0.006), 'environment/perf': np.float64(0.0), 'environment/score': np.float64(0.0), 'environment/episode_return': np.float64(0.7467581802798856), 'environment/episode_length': np.float64(145.7741935483871), 'environment/p0_episode_return': np.float64(0.7467581802798856), 'environment/p1_episode_return': np.float64(-0.7467581802798856), 'environment/p0_winrate': np.float64(0.5725806451612904), 'environment/p1_winrate': np.float64(0.4274193548387097), 'environment/p0_start_rate': np.float64(0.4838709677419355), 'environment/p1_start_rate': np.float64(0.5161290322580645), 'environment/draw_rate': np.float64(0.0), 'environment/timeout_truncation_rate': np.float64(0.0), 'environment/auto_tick_truncation_rate': np.float64(0.0), 'environment/zero_legal_action_truncation_rate': np.float64(0.0), 'environment/gameover_terminal_rate': np.float64(1.0), 'environment/winner_terminal_rate': np.float64(1.0), 'environment/curriculum_episode_cap': np.float64(0.0), 'environment/reward_shaping_scale': np.float64(1.0), 'environment/completed_episodes': np.float64(1.0), 'environment/p0_noop_selected_rate': np.float64(0.21291815537598827), 'environment/p1_noop_selected_rate': np.float64(0.20642753426105745), 'environment/p0_attack_selected_rate': np.float64(0.200174770648441), 'environment/p1_attack_selected_rate': np.float64(0.1993645653128624), 'environment/p0_attach_weapon_from_hand_selected_rate': np.float64(0.014555108688411212), 'environment/p1_attach_weapon_from_hand_selected_rate': np.float64(0.013994943673512148), 'environment/p0_play_spell_from_hand_selected_rate': np.float64(0.03725338836891517), 'environment/p1_play_spell_from_hand_selected_rate': np.float64(0.0419877264198036), 'environment/p0_activate_garden_or_leader_ability_selected_rate': np.float64(0.039922005752281796), 'environment/p1_activate_garden_or_leader_ability_selected_rate': np.float64(0.038612242592799086), 'environment/p0_activate_alley_ability_selected_rate': np.float64(0.0033695176018462064), 'environment/p1_activate_alley_ability_selected_rate': np.float64(0.0020994105781879154), 'environment/p0_gate_portal_selected_rate': np.float64(0.09164780252162487), 'environment/p1_gate_portal_selected_rate': np.float64(0.09822592331517127), 'environment/p0_play_entity_to_alley_selected_rate': np.float64(0.11233692351848848), 'environment/p1_play_entity_to_alley_selected_rate': np.float64(0.11488235183060169), 'environment/p0_play_entity_to_garden_selected_rate': np.float64(0.07848888233063682), 'environment/p1_play_entity_to_garden_selected_rate': np.float64(0.07551859430367908), 'environment/p0_play_selected_rate': np.float64(0.3342821054881619), 'environment/p1_play_selected_rate': np.float64(0.34460954031636637), 'environment/p0_ability_selected_rate': np.float64(0.06027695453996139), 'environment/p1_ability_selected_rate': np.float64(0.05637920855153953), 'environment/p0_target_selected_rate': np.float64(0.19077002930064355), 'environment/p1_target_selected_rate': np.float64(0.19166253266795988), 'environment/p0_avg_leader_health': np.float64(0.2459677443989823), 'environment/p1_avg_leader_health': np.float64(0.19516129106763871), 'environment/p0_entity_damage_dealt': np.float64(0.0), 'environment/p1_entity_damage_dealt': np.float64(0.0), 'environment/p0_entity_damage_taken': np.float64(0.0), 'environment/p1_entity_damage_taken': np.float64(0.0), 'environment/p0_generated_ikz_created': np.float64(0.0), 'environment/p1_generated_ikz_created': np.float64(0.0), 'environment/p0_generated_ikz_converted': np.float64(0.0), 'environment/p1_generated_ikz_converted': np.float64(0.0), 'environment/p0_generated_ikz_conversion_rate': np.float64(0.0), 'environment/p1_generated_ikz_conversion_rate': np.float64(0.0), 'environment/p0_temporary_charge_realized': np.float64(0.0), 'environment/p1_temporary_charge_realized': np.float64(0.0), 'environment/p0_temporary_attack_damage_realized': np.float64(0.0), 'environment/p1_temporary_attack_damage_realized': np.float64(0.0), 'environment/p0_contextual_response_reserve_opportunities': np.float64(0.0), 'environment/p1_contextual_response_reserve_opportunities': np.float64(0.0), 'environment/n': np.float64(1.1290322580645162), 'environment/deckbuild/completed': np.float64(1.0), 'environment/azk_step_deckbuild/completed': np.float64(1.0), 'environment/deckbuild/picks': np.float64(51.0), 'environment/azk_step_deckbuild/picks': np.float64(51.0), 'environment/deckbuild/main_count': np.float64(50.0), 'environment/azk_step_deckbuild/main_count': np.float64(50.0), 'environment/deckbuild/main_unique': np.float64(37.350806451612904), 'environment/azk_step_deckbuild/main_unique': np.float64(37.350806451612904), 'environment/deckbuild/main_unique_share': np.float64(0.747016129032258), 'environment/azk_step_deckbuild/main_unique_share': np.float64(0.747016129032258), 'environment/deckbuild/main_avg_copies_per_unique': np.float64(1.3447901913507252), 'environment/azk_step_deckbuild/main_avg_copies_per_unique': np.float64(1.3447901913507252), 'environment/deckbuild/main_max_copy_count': np.float64(3.1451612903225805), 'environment/azk_step_deckbuild/main_max_copy_count': np.float64(3.1451612903225805), 'environment/deckbuild/main_copy_entropy': np.float64(3.535795889759961), 'environment/azk_step_deckbuild/main_copy_entropy': np.float64(3.535795889759961), 'environment/deckbuild/main_copy_entropy_norm': np.float64(0.9771734877345103), 'environment/azk_step_deckbuild/main_copy_entropy_norm': np.float64(0.9771734877345103), 'environment/deckbuild/main_singleton_count': np.float64(26.943548387096776), 'environment/azk_step_deckbuild/main_singleton_count': np.float64(26.943548387096776), 'environment/deckbuild/main_pair_count': np.float64(8.46774193548387), 'environment/azk_step_deckbuild/main_pair_count': np.float64(8.46774193548387), 'environment/deckbuild/main_triplet_count': np.float64(1.6370967741935485), 'environment/azk_step_deckbuild/main_triplet_count': np.float64(1.6370967741935485), 'environment/deckbuild/main_quad_count': np.float64(0.3024193548387097), 'environment/azk_step_deckbuild/main_quad_count': np.float64(0.3024193548387097), 'environment/deckbuild/main_singleton_slot_share': np.float64(0.5388709677419355), 'environment/azk_step_deckbuild/main_singleton_slot_share': np.float64(0.5388709677419355), 'environment/deckbuild/main_pair_slot_share': np.float64(0.3387096774193548), 'environment/azk_step_deckbuild/main_pair_slot_share': np.float64(0.3387096774193548), 'environment/deckbuild/main_triplet_slot_share': np.float64(0.0982258064516129), 'environment/azk_step_deckbuild/main_triplet_slot_share': np.float64(0.0982258064516129), 'environment/deckbuild/main_quad_slot_share': np.float64(0.024193548387096774), 'environment/azk_step_deckbuild/main_quad_slot_share': np.float64(0.024193548387096774), 'environment/deckbuild/main_normal_share': np.float64(0.5853225806451614), 'environment/azk_step_deckbuild/main_normal_share': np.float64(0.5853225806451614), 'environment/deckbuild/main_gate_element_share': np.float64(0.4146774193548387), 'environment/azk_step_deckbuild/main_gate_element_share': np.float64(0.4146774193548387), 'environment/deckbuild/gate_match': np.float64(0.3709677419354839), 'environment/azk_step_deckbuild/gate_match': np.float64(0.3709677419354839), 'environment/deckbuild/gate/EARTH': np.float64(0.2661290322580645), 'environment/azk_step_deckbuild/gate/EARTH': np.float64(0.2661290322580645), 'environment/deckbuild/opponent_gate/EARTH': np.float64(0.2661290322580645), 'environment/azk_step_deckbuild/opponent_gate/EARTH': np.float64(0.2661290322580645), 'environment/deckbuild/leader/EARTH': np.float64(0.2661290322580645), 'environment/azk_step_deckbuild/leader/EARTH': np.float64(0.2661290322580645), 'environment/deckbuild/gate/FIRE': np.float64(0.13709677419354838), 'environment/azk_step_deckbuild/gate/FIRE': np.float64(0.13709677419354838), 'environment/deckbuild/opponent_gate/FIRE': np.float64(0.13709677419354838), 'environment/azk_step_deckbuild/opponent_gate/FIRE': np.float64(0.13709677419354838), 'environment/deckbuild/leader/FIRE': np.float64(0.13709677419354838), 'environment/azk_step_deckbuild/leader/FIRE': np.float64(0.13709677419354838), 'environment/deckbuild/gate/LIGHTNING': np.float64(0.2782258064516129), 'environment/azk_step_deckbuild/gate/LIGHTNING': np.float64(0.2782258064516129), 'environment/deckbuild/opponent_gate/LIGHTNING': np.float64(0.2782258064516129), 'environment/azk_step_deckbuild/opponent_gate/LIGHTNING': np.float64(0.2782258064516129), 'environment/deckbuild/leader/LIGHTNING': np.float64(0.2782258064516129), 'environment/azk_step_deckbuild/leader/LIGHTNING': np.float64(0.2782258064516129), 'environment/deckbuild/gate/WATER': np.float64(0.3185483870967742), 'environment/azk_step_deckbuild/gate/WATER': np.float64(0.3185483870967742), 'environment/deckbuild/opponent_gate/WATER': np.float64(0.3185483870967742), 'environment/azk_step_deckbuild/opponent_gate/WATER': np.float64(0.3185483870967742), 'environment/deckbuild/leader/WATER': np.float64(0.3185483870967742), 'environment/azk_step_deckbuild/leader/WATER': np.float64(0.3185483870967742), 'environment/deckbuild/main_type_count/ENTITY': np.float64(36.73790322580645), 'environment/azk_step_deckbuild/main_type_count/ENTITY': np.float64(36.73790322580645), 'environment/deckbuild/main_type_share/ENTITY': np.float64(0.734758064516129), 'environment/azk_step_deckbuild/main_type_share/ENTITY': np.float64(0.734758064516129), 'environment/deckbuild/main_type_count/SPELL': np.float64(10.09274193548387), 'environment/azk_step_deckbuild/main_type_count/SPELL': np.float64(10.09274193548387), 'environment/deckbuild/main_type_share/SPELL': np.float64(0.20185483870967746), 'environment/azk_step_deckbuild/main_type_share/SPELL': np.float64(0.20185483870967746), 'environment/deckbuild/main_type_count/WEAPON': np.float64(3.1693548387096775), 'environment/azk_step_deckbuild/main_type_count/WEAPON': np.float64(3.1693548387096775), 'environment/deckbuild/main_type_share/WEAPON': np.float64(0.06338709677419355), 'environment/azk_step_deckbuild/main_type_share/WEAPON': np.float64(0.06338709677419355), 'environment/deckbuild/main_element_count/EARTH': np.float64(5.681451612903226), 'environment/azk_step_deckbuild/main_element_count/EARTH': np.float64(5.681451612903226), 'environment/deckbuild/main_element_share/EARTH': np.float64(0.1136290322580645), 'environment/azk_step_deckbuild/main_element_share/EARTH': np.float64(0.1136290322580645), 'environment/deckbuild/main_element_count/FIRE': np.float64(2.907258064516129), 'environment/azk_step_deckbuild/main_element_count/FIRE': np.float64(2.907258064516129), 'environment/deckbuild/main_element_share/FIRE': np.float64(0.058145161290322586), 'environment/azk_step_deckbuild/main_element_share/FIRE': np.float64(0.058145161290322586), 'environment/deckbuild/main_element_count/LIGHTNING': np.float64(5.580645161290323), 'environment/azk_step_deckbuild/main_element_count/LIGHTNING': np.float64(5.580645161290323), 'environment/deckbuild/main_element_share/LIGHTNING': np.float64(0.11161290322580644), 'environment/azk_step_deckbuild/main_element_share/LIGHTNING': np.float64(0.11161290322580644), 'environment/deckbuild/main_element_count/NORMAL': np.float64(29.266129032258064), 'environment/azk_step_deckbuild/main_element_count/NORMAL': np.float64(29.266129032258064), 'environment/deckbuild/main_element_share/NORMAL': np.float64(0.5853225806451614), 'environment/azk_step_deckbuild/main_element_share/NORMAL': np.float64(0.5853225806451614), 'environment/deckbuild/main_element_count/WATER': np.float64(6.564516129032258), 'environment/azk_step_deckbuild/main_element_count/WATER': np.float64(6.564516129032258), 'environment/deckbuild/main_element_share/WATER': np.float64(0.13129032258064516), 'environment/azk_step_deckbuild/main_element_share/WATER': np.float64(0.13129032258064516), 'environment/deckbuild/main_avg_cost': np.float64(2.9106451612903226), 'environment/azk_step_deckbuild/main_avg_cost': np.float64(2.9106451612903226), 'environment/deckbuild/main_cost_share/0_1': np.float64(0.25693548387096776), 'environment/azk_step_deckbuild/main_cost_share/0_1': np.float64(0.25693548387096776), 'environment/deckbuild/main_cost_share/2_3': np.float64(0.4130645161290322), 'environment/azk_step_deckbuild/main_cost_share/2_3': np.float64(0.4130645161290322), 'environment/deckbuild/main_cost_share/4_5': np.float64(0.2516129032258065), 'environment/azk_step_deckbuild/main_cost_share/4_5': np.float64(0.2516129032258065), 'environment/deckbuild/main_cost_share/6_plus': np.float64(0.07838709677419356), 'environment/azk_step_deckbuild/main_cost_share/6_plus': np.float64(0.07838709677419356), 'environment/deckbuild/leader_card/STT01-001': np.float64(1.0), 'environment/azk_step_deckbuild/leader_card/STT01-001': np.float64(1.0), 'environment/deckbuild_gatecard/STT01-002/game': np.float64(1.0), 'environment/azk_step_deckbuild_gatecard/STT01-002/game': np.float64(1.0), 'environment/deckbuild_gatecard/STT01-002/avg_cost': np.float64(2.7231250000000005), 'environment/azk_step_deckbuild_gatecard/STT01-002/avg_cost': np.float64(2.7231250000000005), 'environment/deckbuild_gatecard/STT01-002/main_unique': np.float64(38.03125), 'environment/azk_step_deckbuild_gatecard/STT01-002/main_unique': np.float64(38.03125), 'environment/deckbuild_gatecard/STT01-002/copy_entropy_norm': np.float64(0.979790349182095), 'environment/azk_step_deckbuild_gatecard/STT01-002/copy_entropy_norm': np.float64(0.979790349182095), 'environment/deckbuild_gatecard/STT01-002/gate_element_share': np.float64(0.42500000000000004), 'environment/azk_step_deckbuild_gatecard/STT01-002/gate_element_share': np.float64(0.42500000000000004), 'environment/deckbuild_gatecard/STT01-002/type_share/ENTITY': np.float64(0.7012499999999999), 'environment/azk_step_deckbuild_gatecard/STT01-002/type_share/ENTITY': np.float64(0.7012499999999999), 'environment/deckbuild_gatecard/STT01-002/type_share/SPELL': np.float64(0.179375), 'environment/azk_step_deckbuild_gatecard/STT01-002/type_share/SPELL': np.float64(0.179375), 'environment/deckbuild_gatecard/STT01-002/type_share/WEAPON': np.float64(0.11937500000000001), 'environment/azk_step_deckbuild_gatecard/STT01-002/type_share/WEAPON': np.float64(0.11937500000000001), 'environment/deckbuild_gatecard/STT01-002/cost_share/0_1': np.float64(0.261875), 'environment/azk_step_deckbuild_gatecard/STT01-002/cost_share/0_1': np.float64(0.261875), 'environment/deckbuild_gatecard/STT01-002/cost_share/2_3': np.float64(0.44312500000000005), 'environment/azk_step_deckbuild_gatecard/STT01-002/cost_share/2_3': np.float64(0.44312500000000005), 'environment/deckbuild_gatecard/STT01-002/cost_share/4_5': np.float64(0.26), 'environment/azk_step_deckbuild_gatecard/STT01-002/cost_share/4_5': np.float64(0.26), 'environment/deckbuild_gatecard/STT01-002/cost_share/6_plus': np.float64(0.035), 'environment/azk_step_deckbuild_gatecard/STT01-002/cost_share/6_plus': np.float64(0.035), 'environment/deckbuild_gatecard/STT01-002/leader/STT01-001': np.float64(1.0), 'environment/azk_step_deckbuild_gatecard/STT01-002/leader/STT01-001': np.float64(1.0), 'environment/deckbuild_result/game': np.float64(1.0), 'environment/deckbuild_result/win': np.float64(0.5), 'environment/deckbuild_result/gate_match': np.float64(0.3709677419354839), 'environment/deckbuild_result/gate_match_win_joint': np.float64(0.18548387096774194), 'environment/deckbuild_result/gate_mismatch': np.float64(0.6290322580645161), 'environment/deckbuild_result/gate_mismatch_win_joint': np.float64(0.31451612903225806), 'environment/deckbuild_result/gate/LIGHTNING/game': np.float64(1.0), 'environment/deckbuild_result/gate/LIGHTNING/win': np.float64(0.5246913580246914), 'environment/deckbuild_result/gate_pair/LIGHTNING_vs_LIGHTNING/game': np.float64(1.0), 'environment/deckbuild_result/gate_pair/LIGHTNING_vs_LIGHTNING/win': np.float64(0.5), 'environment/deckbuild_result/gate_pair_unordered/LIGHTNING_vs_LIGHTNING/game': np.float64(1.0), 'environment/deckbuild_result/gate_pair_unordered/LIGHTNING_vs_LIGHTNING/win': np.float64(0.5), 'environment/deckbuild_result/gate_match/game': np.float64(1.0), 'environment/deckbuild_result/gate_match/win': np.float64(0.5), 'environment/deckbuild_result/gate_freq/EARTH': np.float64(0.2661290322580645), 'environment/deckbuild_result/gate_win_joint/EARTH': np.float64(0.1814516129032258), 'environment/deckbuild_result/gate_freq/FIRE': np.float64(0.13709677419354838), 'environment/deckbuild_result/gate_win_joint/FIRE': np.float64(0.06048387096774194), 'environment/deckbuild_result/gate_freq/LIGHTNING': np.float64(0.2782258064516129), 'environment/deckbuild_result/gate_win_joint/LIGHTNING': np.float64(0.14112903225806453), 'environment/deckbuild_result/gate_freq/WATER': np.float64(0.3185483870967742), 'environment/deckbuild_result/gate_win_joint/WATER': np.float64(0.11693548387096774), 'environment/deckbuild_result/gate_pair_freq/EARTH_vs_EARTH': np.float64(0.11290322580645161), 'environment/deckbuild_result/gate_pair_win_joint/EARTH_vs_EARTH': np.float64(0.056451612903225805), 'environment/deckbuild_result/gate_pair_freq/EARTH_vs_FIRE': np.float64(0.024193548387096774), 'environment/deckbuild_result/gate_pair_win_joint/EARTH_vs_FIRE': np.float64(0.016129032258064516), 'environment/deckbuild_result/gate_pair_freq/EARTH_vs_LIGHTNING': np.float64(0.04435483870967742), 'environment/deckbuild_result/gate_pair_win_joint/EARTH_vs_LIGHTNING': np.float64(0.04032258064516129), 'environment/deckbuild_result/gate_pair_freq/EARTH_vs_WATER': np.float64(0.0846774193548387), 'environment/deckbuild_result/gate_pair_win_joint/EARTH_vs_WATER': np.float64(0.06854838709677419), 'environment/deckbuild_result/gate_pair_freq/FIRE_vs_EARTH': np.float64(0.024193548387096774), 'environment/deckbuild_result/gate_pair_win_joint/FIRE_vs_EARTH': np.float64(0.008064516129032258), 'environment/deckbuild_result/gate_pair_freq/FIRE_vs_FIRE': np.float64(0.03225806451612903), 'environment/deckbuild_result/gate_pair_win_joint/FIRE_vs_FIRE': np.float64(0.016129032258064516), 'environment/deckbuild_result/gate_pair_freq/FIRE_vs_LIGHTNING': np.float64(0.008064516129032258), 'environment/deckbuild_result/gate_pair_win_joint/FIRE_vs_LIGHTNING': np.float64(0.0), 'environment/deckbuild_result/gate_pair_freq/FIRE_vs_WATER': np.float64(0.07258064516129033), 'environment/deckbuild_result/gate_pair_win_joint/FIRE_vs_WATER': np.float64(0.036290322580645164), 'environment/deckbuild_result/gate_pair_freq/LIGHTNING_vs_EARTH': np.float64(0.04435483870967742), 'environment/deckbuild_result/gate_pair_win_joint/LIGHTNING_vs_EARTH': np.float64(0.004032258064516129), 'environment/deckbuild_result/gate_pair_freq/LIGHTNING_vs_FIRE': np.float64(0.008064516129032258), 'environment/deckbuild_result/gate_pair_win_joint/LIGHTNING_vs_FIRE': np.float64(0.008064516129032258), 'environment/deckbuild_result/gate_pair_freq/LIGHTNING_vs_LIGHTNING': np.float64(0.14516129032258066), 'environment/deckbuild_result/gate_pair_win_joint/LIGHTNING_vs_LIGHTNING': np.float64(0.07258064516129033), 'environment/deckbuild_result/gate_pair_freq/LIGHTNING_vs_WATER': np.float64(0.08064516129032258), 'environment/deckbuild_result/gate_pair_win_joint/LIGHTNING_vs_WATER': np.float64(0.056451612903225805), 'environment/deckbuild_result/gate_pair_freq/WATER_vs_EARTH': np.float64(0.0846774193548387), 'environment/deckbuild_result/gate_pair_win_joint/WATER_vs_EARTH': np.float64(0.016129032258064516), 'environment/deckbuild_result/gate_pair_freq/WATER_vs_FIRE': np.float64(0.07258064516129033), 'environment/deckbuild_result/gate_pair_win_joint/WATER_vs_FIRE': np.float64(0.036290322580645164), 'environment/deckbuild_result/gate_pair_freq/WATER_vs_LIGHTNING': np.float64(0.08064516129032258), 'environment/deckbuild_result/gate_pair_win_joint/WATER_vs_LIGHTNING': np.float64(0.024193548387096774), 'environment/deckbuild_result/gate_pair_freq/WATER_vs_WATER': np.float64(0.08064516129032258), 'environment/deckbuild_result/gate_pair_win_joint/WATER_vs_WATER': np.float64(0.04032258064516129), 'environment/deckbuild_result/gate_pair_unordered_freq/EARTH_vs_EARTH': np.float64(0.11290322580645161), 'environment/deckbuild_result/gate_pair_unordered_win_joint/EARTH_vs_EARTH': np.float64(0.056451612903225805), 'environment/deckbuild_result/gate_pair_unordered_freq/EARTH_vs_FIRE': np.float64(0.04838709677419355), 'environment/deckbuild_result/gate_pair_unordered_win_joint/EARTH_vs_FIRE': np.float64(0.024193548387096774), 'environment/deckbuild_result/gate_pair_unordered_freq/EARTH_vs_LIGHTNING': np.float64(0.08870967741935484), 'environment/deckbuild_result/gate_pair_unordered_win_joint/EARTH_vs_LIGHTNING': np.float64(0.04435483870967742), 'environment/deckbuild_result/gate_pair_unordered_freq/EARTH_vs_WATER': np.float64(0.1693548387096774), 'environment/deckbuild_result/gate_pair_unordered_win_joint/EARTH_vs_WATER': np.float64(0.0846774193548387), 'environment/deckbuild_result/gate_pair_unordered_freq/FIRE_vs_FIRE': np.float64(0.03225806451612903), 'environment/deckbuild_result/gate_pair_unordered_win_joint/FIRE_vs_FIRE': np.float64(0.016129032258064516), 'environment/deckbuild_result/gate_pair_unordered_freq/FIRE_vs_LIGHTNING': np.float64(0.016129032258064516), 'environment/deckbuild_result/gate_pair_unordered_win_joint/FIRE_vs_LIGHTNING': np.float64(0.008064516129032258), 'environment/deckbuild_result/gate_pair_unordered_freq/FIRE_vs_WATER': np.float64(0.14516129032258066), 'environment/deckbuild_result/gate_pair_unordered_win_joint/FIRE_vs_WATER': np.float64(0.07258064516129033), 'environment/deckbuild_result/gate_pair_unordered_freq/LIGHTNING_vs_LIGHTNING': np.float64(0.14516129032258066), 'environment/deckbuild_result/gate_pair_unordered_win_joint/LIGHTNING_vs_LIGHTNING': np.float64(0.07258064516129033), 'environment/deckbuild_result/gate_pair_unordered_freq/LIGHTNING_vs_WATER': np.float64(0.16129032258064516), 'environment/deckbuild_result/gate_pair_unordered_win_joint/LIGHTNING_vs_WATER': np.float64(0.08064516129032258), 'environment/deckbuild_result/gate_pair_unordered_freq/WATER_vs_WATER': np.float64(0.08064516129032258), 'environment/deckbuild_result/gate_pair_unordered_win_joint/WATER_vs_WATER': np.float64(0.04032258064516129), 'environment/deckbuild_result/gatecard/STT01-002/game': np.float64(1.0), 'environment/deckbuild_result/gatecard/STT01-002/win': np.float64(0.625), 'environment/deckbuild_result/gatecard/STT01-002/attack_rate': np.float64(0.2245024498552084), 'environment/deckbuild_result/gatecard/STT01-002/spell_rate': np.float64(0.03556934648077004), 'environment/deckbuild_result/gatecard/STT01-002/weapon_rate': np.float64(0.021556884137680754), 'environment/deckbuild_result/gatecard/STT01-002/portal_rate': np.float64(0.09664686559699476), 'environment/deckbuild_result/gatecard/STT01-002/play_entity_rate': np.float64(0.35199703462421894), 'environment/deckbuild_result/gatecard/STT01-002/noop_rate': np.float64(0.2289241855032742), 'environment/deckbuild_result/gatecard/STT01-002/episode_length': np.float64(146.5625), 'environment/deckbuild_result/gatecard/STT01-002/leader_health': np.float64(0.1687500022817403), 'environment/deckbuild_result/gatecard/STT01-002/ability_rate': np.float64(0.007127012184355408), 'environment/deckbuild_gatecard/AZK01-120/game': np.float64(1.0), 'environment/azk_step_deckbuild_gatecard/AZK01-120/game': np.float64(1.0), 'environment/deckbuild_gatecard/AZK01-120/avg_cost': np.float64(2.8305555555555553), 'environment/azk_step_deckbuild_gatecard/AZK01-120/avg_cost': np.float64(2.8305555555555553), 'environment/deckbuild_gatecard/AZK01-120/main_unique': np.float64(36.611111111111114), 'environment/azk_step_deckbuild_gatecard/AZK01-120/main_unique': np.float64(36.611111111111114), 'environment/deckbuild_gatecard/AZK01-120/copy_entropy_norm': np.float64(0.9752565919192497), 'environment/azk_step_deckbuild_gatecard/AZK01-120/copy_entropy_norm': np.float64(0.9752565919192497), 'environment/deckbuild_gatecard/AZK01-120/gate_element_share': np.float64(0.3711111111111111), 'environment/azk_step_deckbuild_gatecard/AZK01-120/gate_element_share': np.float64(0.3711111111111111), 'environment/deckbuild_gatecard/AZK01-120/type_share/ENTITY': np.float64(0.7250000000000001), 'environment/azk_step_deckbuild_gatecard/AZK01-120/type_share/ENTITY': np.float64(0.7250000000000001), 'environment/deckbuild_gatecard/AZK01-120/type_share/SPELL': np.float64(0.16222222222222224), 'environment/azk_step_deckbuild_gatecard/AZK01-120/type_share/SPELL': np.float64(0.16222222222222224), 'environment/deckbuild_gatecard/AZK01-120/type_share/WEAPON': np.float64(0.1127777777777778), 'environment/azk_step_deckbuild_gatecard/AZK01-120/type_share/WEAPON': np.float64(0.1127777777777778), 'environment/deckbuild_gatecard/AZK01-120/cost_share/0_1': np.float64(0.24777777777777782), 'environment/azk_step_deckbuild_gatecard/AZK01-120/cost_share/0_1': np.float64(0.24777777777777782), 'environment/deckbuild_gatecard/AZK01-120/cost_share/2_3': np.float64(0.4077777777777778), 'environment/azk_step_deckbuild_gatecard/AZK01-120/cost_share/2_3': np.float64(0.4077777777777778), 'environment/deckbuild_gatecard/AZK01-120/cost_share/4_5': np.float64(0.30888888888888894), 'environment/azk_step_deckbuild_gatecard/AZK01-120/cost_share/4_5': np.float64(0.30888888888888894), 'environment/deckbuild_gatecard/AZK01-120/cost_share/6_plus': np.float64(0.035555555555555556), 'environment/azk_step_deckbuild_gatecard/AZK01-120/cost_share/6_plus': np.float64(0.035555555555555556), 'environment/deckbuild_gatecard/AZK01-120/leader/STT01-001': np.float64(1.0), 'environment/azk_step_deckbuild_gatecard/AZK01-120/leader/STT01-001': np.float64(1.0), 'environment/deckbuild_result/gatecard/AZK01-120/game': np.float64(1.0), 'environment/deckbuild_result/gatecard/AZK01-120/win': np.float64(0.4166666666666667), 'environment/deckbuild_result/gatecard/AZK01-120/attack_rate': np.float64(0.2421131937040223), 'environment/deckbuild_result/gatecard/AZK01-120/spell_rate': np.float64(0.032660737763055496), 'environment/deckbuild_result/gatecard/AZK01-120/weapon_rate': np.float64(0.02819582346516351), 'environment/deckbuild_result/gatecard/AZK01-120/portal_rate': np.float64(0.10277772187772724), 'environment/deckbuild_result/gatecard/AZK01-120/play_entity_rate': np.float64(0.3727293519510163), 'environment/deckbuild_result/gatecard/AZK01-120/noop_rate': np.float64(0.20466442985667122), 'environment/deckbuild_result/gatecard/AZK01-120/episode_length': np.float64(146.94444444444446), 'environment/deckbuild_result/gatecard/AZK01-120/leader_health': np.float64(0.17777778063383368), 'environment/deckbuild_result/gatecard/AZK01-120/ability_rate': np.float64(0.011261796475284629), 'environment/ref_seat_rate': np.float64(0.0), 'environment/deckbuild/leader_card/STT02-001': np.float64(1.0), 'environment/azk_step_deckbuild/leader_card/STT02-001': np.float64(1.0), 'environment/deckbuild_gatecard/STT02-002/game': np.float64(1.0), 'environment/azk_step_deckbuild_gatecard/STT02-002/game': np.float64(1.0), 'environment/deckbuild_gatecard/STT02-002/avg_cost': np.float64(2.804482758620689), 'environment/azk_step_deckbuild_gatecard/STT02-002/avg_cost': np.float64(2.804482758620689), 'environment/deckbuild_gatecard/STT02-002/main_unique': np.float64(37.316091954022994), 'environment/azk_step_deckbuild_gatecard/STT02-002/main_unique': np.float64(37.316091954022994), 'environment/deckbuild_gatecard/STT02-002/copy_entropy_norm': np.float64(0.9768181813941668), 'environment/azk_step_deckbuild_gatecard/STT02-002/copy_entropy_norm': np.float64(0.9768181813941668), 'environment/deckbuild_gatecard/STT02-002/gate_element_share': np.float64(0.4110344827586207), 'environment/azk_step_deckbuild_gatecard/STT02-002/gate_element_share': np.float64(0.4110344827586207), 'environment/deckbuild_gatecard/STT02-002/type_share/ENTITY': np.float64(0.705287356321839), 'environment/azk_step_deckbuild_gatecard/STT02-002/type_share/ENTITY': np.float64(0.705287356321839), 'environment/deckbuild_gatecard/STT02-002/type_share/SPELL': np.float64(0.24862068965517242), 'environment/azk_step_deckbuild_gatecard/STT02-002/type_share/SPELL': np.float64(0.24862068965517242), 'environment/deckbuild_gatecard/STT02-002/type_share/WEAPON': np.float64(0.046091954022988504), 'environment/azk_step_deckbuild_gatecard/STT02-002/type_share/WEAPON': np.float64(0.046091954022988504), 'environment/deckbuild_gatecard/STT02-002/cost_share/0_1': np.float64(0.287816091954023), 'environment/azk_step_deckbuild_gatecard/STT02-002/cost_share/0_1': np.float64(0.287816091954023), 'environment/deckbuild_gatecard/STT02-002/cost_share/2_3': np.float64(0.41367816091954035), 'environment/azk_step_deckbuild_gatecard/STT02-002/cost_share/2_3': np.float64(0.41367816091954035), 'environment/deckbuild_gatecard/STT02-002/cost_share/4_5': np.float64(0.2109195402298851), 'environment/azk_step_deckbuild_gatecard/STT02-002/cost_share/4_5': np.float64(0.2109195402298851), 'environment/deckbuild_gatecard/STT02-002/cost_share/6_plus': np.float64(0.08758620689655174), 'environment/azk_step_deckbuild_gatecard/STT02-002/cost_share/6_plus': np.float64(0.08758620689655174), 'environment/deckbuild_gatecard/STT02-002/leader/STT02-001': np.float64(1.0), 'environment/azk_step_deckbuild_gatecard/STT02-002/leader/STT02-001': np.float64(1.0), 'environment/deckbuild_result/gate/WATER/game': np.float64(1.0), 'environment/deckbuild_result/gate/WATER/win': np.float64(0.3564814814814815), 'environment/deckbuild_result/gate_pair/WATER_vs_WATER/game': np.float64(1.0), 'environment/deckbuild_result/gate_pair/WATER_vs_WATER/win': np.float64(0.5), 'environment/deckbuild_result/gate_pair_unordered/WATER_vs_WATER/game': np.float64(1.0), 'environment/deckbuild_result/gate_pair_unordered/WATER_vs_WATER/win': np.float64(0.5), 'environment/deckbuild_result/gatecard/STT02-002/game': np.float64(1.0), 'environment/deckbuild_result/gatecard/STT02-002/win': np.float64(0.3045977011494253), 'environment/deckbuild_result/gatecard/STT02-002/attack_rate': np.float64(0.18536209923097455), 'environment/deckbuild_result/gatecard/STT02-002/spell_rate': np.float64(0.04849442596086997), 'environment/deckbuild_result/gatecard/STT02-002/weapon_rate': np.float64(0.013003078128757149), 'environment/deckbuild_result/gatecard/STT02-002/portal_rate': np.float64(0.08884252333778074), 'environment/deckbuild_result/gatecard/STT02-002/play_entity_rate': np.float64(0.3355053718062653), 'environment/deckbuild_result/gatecard/STT02-002/noop_rate': np.float64(0.20683225646786305), 'environment/deckbuild_result/gatecard/STT02-002/episode_length': np.float64(145.13793103448276), 'environment/deckbuild_result/gatecard/STT02-002/leader_health': np.float64(0.12701149563165917), 'environment/deckbuild_result/gatecard/STT02-002/ability_rate': np.float64(0.047220169957299), 'environment/deckbuild/leader_card/AZK01-125': np.float64(1.0), 'environment/azk_step_deckbuild/leader_card/AZK01-125': np.float64(1.0), 'environment/deckbuild_gatecard/STT02-002/leader/AZK01-125': np.float64(1.0), 'environment/azk_step_deckbuild_gatecard/STT02-002/leader/AZK01-125': np.float64(1.0), 'environment/deckbuild_result/gate_pair/WATER_vs_LIGHTNING/game': np.float64(1.0), 'environment/deckbuild_result/gate_pair/WATER_vs_LIGHTNING/win': np.float64(0.2727272727272727), 'environment/deckbuild_result/gate_pair_unordered/LIGHTNING_vs_WATER/game': np.float64(1.0), 'environment/deckbuild_result/gate_pair_unordered/LIGHTNING_vs_WATER/win': np.float64(0.5), 'environment/deckbuild_result/gate_mismatch/game': np.float64(1.0), 'environment/deckbuild_result/gate_mismatch/win': np.float64(0.5), 'environment/deckbuild_result/gate_pair/LIGHTNING_vs_WATER/game': np.float64(1.0), 'environment/deckbuild_result/gate_pair/LIGHTNING_vs_WATER/win': np.float64(0.7272727272727273), 'environment/deckbuild_gatecard/AZK01-126/game': np.float64(1.0), 'environment/azk_step_deckbuild_gatecard/AZK01-126/game': np.float64(1.0), 'environment/deckbuild_gatecard/AZK01-126/avg_cost': np.float64(2.806), 'environment/azk_step_deckbuild_gatecard/AZK01-126/avg_cost': np.float64(2.806), 'environment/deckbuild_gatecard/AZK01-126/main_unique': np.float64(36.55), 'environment/azk_step_deckbuild_gatecard/AZK01-126/main_unique': np.float64(36.55), 'environment/deckbuild_gatecard/AZK01-126/copy_entropy_norm': np.float64(0.9760468396597499), 'environment/azk_step_deckbuild_gatecard/AZK01-126/copy_entropy_norm': np.float64(0.9760468396597499), 'environment/deckbuild_gatecard/AZK01-126/gate_element_share': np.float64(0.41600000000000004), 'environment/azk_step_deckbuild_gatecard/AZK01-126/gate_element_share': np.float64(0.41600000000000004), 'environment/deckbuild_gatecard/AZK01-126/type_share/ENTITY': np.float64(0.69), 'environment/azk_step_deckbuild_gatecard/AZK01-126/type_share/ENTITY': np.float64(0.69), 'environment/deckbuild_gatecard/AZK01-126/type_share/SPELL': np.float64(0.265), 'environment/azk_step_deckbuild_gatecard/AZK01-126/type_share/SPELL': np.float64(0.265), 'environment/deckbuild_gatecard/AZK01-126/type_share/WEAPON': np.float64(0.045), 'environment/azk_step_deckbuild_gatecard/AZK01-126/type_share/WEAPON': np.float64(0.045), 'environment/deckbuild_gatecard/AZK01-126/cost_share/0_1': np.float64(0.27), 'environment/azk_step_deckbuild_gatecard/AZK01-126/cost_share/0_1': np.float64(0.27), 'environment/deckbuild_gatecard/AZK01-126/cost_share/2_3': np.float64(0.44000000000000006), 'environment/azk_step_deckbuild_gatecard/AZK01-126/cost_share/2_3': np.float64(0.44000000000000006), 'environment/deckbuild_gatecard/AZK01-126/cost_share/4_5': np.float64(0.211), 'environment/azk_step_deckbuild_gatecard/AZK01-126/cost_share/4_5': np.float64(0.211), 'environment/deckbuild_gatecard/AZK01-126/cost_share/6_plus': np.float64(0.07899999999999999), 'environment/azk_step_deckbuild_gatecard/AZK01-126/cost_share/6_plus': np.float64(0.07899999999999999), 'environment/deckbuild_gatecard/AZK01-126/leader/AZK01-125': np.float64(1.0), 'environment/azk_step_deckbuild_gatecard/AZK01-126/leader/AZK01-125': np.float64(1.0), 'environment/deckbuild_result/gatecard/AZK01-126/game': np.float64(1.0), 'environment/deckbuild_result/gatecard/AZK01-126/win': np.float64(0.5), 'environment/deckbuild_result/gatecard/AZK01-126/attack_rate': np.float64(0.1682387188076973), 'environment/deckbuild_result/gatecard/AZK01-126/spell_rate': np.float64(0.06865134416148067), 'environment/deckbuild_result/gatecard/AZK01-126/weapon_rate': np.float64(0.009554756386205555), 'environment/deckbuild_result/gatecard/AZK01-126/portal_rate': np.float64(0.08173509240150452), 'environment/deckbuild_result/gatecard/AZK01-126/play_entity_rate': np.float64(0.32332548648118975), 'environment/deckbuild_result/gatecard/AZK01-126/noop_rate': np.float64(0.21118980571627616), 'environment/deckbuild_result/gatecard/AZK01-126/episode_length': np.float64(145.1), 'environment/deckbuild_result/gatecard/AZK01-126/leader_health': np.float64(0.2700000017881393), 'environment/deckbuild_result/gatecard/AZK01-126/ability_rate': np.float64(0.035403304547071454), 'environment/deckbuild/leader_card/STT04-001': np.float64(1.0), 'environment/azk_step_deckbuild/leader_card/STT04-001': np.float64(1.0), 'environment/deckbuild_gatecard/STT04-002/game': np.float64(1.0), 'environment/azk_step_deckbuild_gatecard/STT04-002/game': np.float64(1.0), 'environment/deckbuild_gatecard/STT04-002/avg_cost': np.float64(2.84), 'environment/azk_step_deckbuild_gatecard/STT04-002/avg_cost': np.float64(2.84), 'environment/deckbuild_gatecard/STT04-002/main_unique': np.float64(37.611111111111114), 'environment/azk_step_deckbuild_gatecard/STT04-002/main_unique': np.float64(37.611111111111114), 'environment/deckbuild_gatecard/STT04-002/copy_entropy_norm': np.float64(0.9775668586834017), 'environment/azk_step_deckbuild_gatecard/STT04-002/copy_entropy_norm': np.float64(0.9775668586834017), 'environment/deckbuild_gatecard/STT04-002/gate_element_share': np.float64(0.4233333333333333), 'environment/azk_step_deckbuild_gatecard/STT04-002/gate_element_share': np.float64(0.4233333333333333), 'environment/deckbuild_gatecard/STT04-002/type_share/ENTITY': np.float64(0.7877777777777779), 'environment/azk_step_deckbuild_gatecard/STT04-002/type_share/ENTITY': np.float64(0.7877777777777779), 'environment/deckbuild_gatecard/STT04-002/type_share/SPELL': np.float64(0.1611111111111111), 'environment/azk_step_deckbuild_gatecard/STT04-002/type_share/SPELL': np.float64(0.1611111111111111), 'environment/deckbuild_gatecard/STT04-002/type_share/WEAPON': np.float64(0.051111111111111114), 'environment/azk_step_deckbuild_gatecard/STT04-002/type_share/WEAPON': np.float64(0.051111111111111114), 'environment/deckbuild_gatecard/STT04-002/cost_share/0_1': np.float64(0.23777777777777778), 'environment/azk_step_deckbuild_gatecard/STT04-002/cost_share/0_1': np.float64(0.23777777777777778), 'environment/deckbuild_gatecard/STT04-002/cost_share/2_3': np.float64(0.44777777777777783), 'environment/azk_step_deckbuild_gatecard/STT04-002/cost_share/2_3': np.float64(0.44777777777777783), 'environment/deckbuild_gatecard/STT04-002/cost_share/4_5': np.float64(0.26), 'environment/azk_step_deckbuild_gatecard/STT04-002/cost_share/4_5': np.float64(0.26), 'environment/deckbuild_gatecard/STT04-002/cost_share/6_plus': np.float64(0.054444444444444455), 'environment/azk_step_deckbuild_gatecard/STT04-002/cost_share/6_plus': np.float64(0.054444444444444455), 'environment/deckbuild_gatecard/STT04-002/leader/STT04-001': np.float64(1.0), 'environment/azk_step_deckbuild_gatecard/STT04-002/leader/STT04-001': np.float64(1.0), 'environment/deckbuild_result/gate/FIRE/game': np.float64(1.0), 'environment/deckbuild_result/gate/FIRE/win': np.float64(0.4375), 'environment/deckbuild_result/gate_pair/FIRE_vs_FIRE/game': np.float64(1.0), 'environment/deckbuild_result/gate_pair/FIRE_vs_FIRE/win': np.float64(0.5), 'environment/deckbuild_result/gate_pair_unordered/FIRE_vs_FIRE/game': np.float64(1.0), 'environment/deckbuild_result/gate_pair_unordered/FIRE_vs_FIRE/win': np.float64(0.5), 'environment/deckbuild_result/gatecard/STT04-002/game': np.float64(1.0), 'environment/deckbuild_result/gatecard/STT04-002/win': np.float64(0.2777777777777778), 'environment/deckbuild_result/gatecard/STT04-002/attack_rate': np.float64(0.19230478091372383), 'environment/deckbuild_result/gatecard/STT04-002/spell_rate': np.float64(0.026209716219455004), 'environment/deckbuild_result/gatecard/STT04-002/weapon_rate': np.float64(0.015987866299433842), 'environment/deckbuild_result/gatecard/STT04-002/portal_rate': np.float64(0.09196603132618798), 'environment/deckbuild_result/gatecard/STT04-002/play_entity_rate': np.float64(0.337800564037429), 'environment/deckbuild_result/gatecard/STT04-002/noop_rate': np.float64(0.20653442045052847), 'environment/deckbuild_result/gatecard/STT04-002/episode_length': np.float64(144.0), 'environment/deckbuild_result/gatecard/STT04-002/leader_health': np.float64(0.07777777645323011), 'environment/deckbuild_result/gatecard/STT04-002/ability_rate': np.float64(0.06768498931907946), 'environment/deckbuild/leader_card/AZK01-121': np.float64(1.0), 'environment/azk_step_deckbuild/leader_card/AZK01-121': np.float64(1.0), 'environment/deckbuild_gatecard/STT04-002/leader/AZK01-121': np.float64(1.0), 'environment/azk_step_deckbuild_gatecard/STT04-002/leader/AZK01-121': np.float64(1.0), 'environment/deckbuild/leader_card/AZK01-119': np.float64(1.0), 'environment/azk_step_deckbuild/leader_card/AZK01-119': np.float64(1.0), 'environment/deckbuild_gatecard/STT01-002/leader/AZK01-119': np.float64(1.0), 'environment/azk_step_deckbuild_gatecard/STT01-002/leader/AZK01-119': np.float64(1.0), 'environment/deckbuild_result/gate_pair/WATER_vs_FIRE/game': np.float64(1.0), 'environment/deckbuild_result/gate_pair/WATER_vs_FIRE/win': np.float64(0.5), 'environment/deckbuild_result/gate_pair_unordered/FIRE_vs_WATER/game': np.float64(1.0), 'environment/deckbuild_result/gate_pair_unordered/FIRE_vs_WATER/win': np.float64(0.5), 'environment/deckbuild_gatecard/AZK01-122/game': np.float64(1.0), 'environment/azk_step_deckbuild_gatecard/AZK01-122/game': np.float64(1.0), 'environment/deckbuild_gatecard/AZK01-122/avg_cost': np.float64(2.855), 'environment/azk_step_deckbuild_gatecard/AZK01-122/avg_cost': np.float64(2.855), 'environment/deckbuild_gatecard/AZK01-122/main_unique': np.float64(37.625), 'environment/azk_step_deckbuild_gatecard/AZK01-122/main_unique': np.float64(37.625), 'environment/deckbuild_gatecard/AZK01-122/copy_entropy_norm': np.float64(0.9789399859353412), 'environment/azk_step_deckbuild_gatecard/AZK01-122/copy_entropy_norm': np.float64(0.9789399859353412), 'environment/deckbuild_gatecard/AZK01-122/gate_element_share': np.float64(0.42500000000000004), 'environment/azk_step_deckbuild_gatecard/AZK01-122/gate_element_share': np.float64(0.42500000000000004), 'environment/deckbuild_gatecard/AZK01-122/type_share/ENTITY': np.float64(0.7825), 'environment/azk_step_deckbuild_gatecard/AZK01-122/type_share/ENTITY': np.float64(0.7825), 'environment/deckbuild_gatecard/AZK01-122/type_share/SPELL': np.float64(0.17), 'environment/azk_step_deckbuild_gatecard/AZK01-122/type_share/SPELL': np.float64(0.17), 'environment/deckbuild_gatecard/AZK01-122/type_share/WEAPON': np.float64(0.0475), 'environment/azk_step_deckbuild_gatecard/AZK01-122/type_share/WEAPON': np.float64(0.0475), 'environment/deckbuild_gatecard/AZK01-122/cost_share/0_1': np.float64(0.24750000000000003), 'environment/azk_step_deckbuild_gatecard/AZK01-122/cost_share/0_1': np.float64(0.24750000000000003), 'environment/deckbuild_gatecard/AZK01-122/cost_share/2_3': np.float64(0.4575), 'environment/azk_step_deckbuild_gatecard/AZK01-122/cost_share/2_3': np.float64(0.4575), 'environment/deckbuild_gatecard/AZK01-122/cost_share/4_5': np.float64(0.2275), 'environment/azk_step_deckbuild_gatecard/AZK01-122/cost_share/4_5': np.float64(0.2275), 'environment/deckbuild_gatecard/AZK01-122/cost_share/6_plus': np.float64(0.0675), 'environment/azk_step_deckbuild_gatecard/AZK01-122/cost_share/6_plus': np.float64(0.0675), 'environment/deckbuild_gatecard/AZK01-122/leader/STT04-001': np.float64(1.0), 'environment/azk_step_deckbuild_gatecard/AZK01-122/leader/STT04-001': np.float64(1.0), 'environment/deckbuild_result/gate_pair/FIRE_vs_WATER/game': np.float64(1.0), 'environment/deckbuild_result/gate_pair/FIRE_vs_WATER/win': np.float64(0.5), 'environment/deckbuild_result/gatecard/AZK01-122/game': np.float64(1.0), 'environment/deckbuild_result/gatecard/AZK01-122/win': np.float64(0.625), 'environment/deckbuild_result/gatecard/AZK01-122/attack_rate': np.float64(0.20135850831866264), 'environment/deckbuild_result/gatecard/AZK01-122/spell_rate': np.float64(0.026536741759628057), 'environment/deckbuild_result/gatecard/AZK01-122/weapon_rate': np.float64(0.005053716944530606), 'environment/deckbuild_result/gatecard/AZK01-122/portal_rate': np.float64(0.0984097896143794), 'environment/deckbuild_result/gatecard/AZK01-122/play_entity_rate': np.float64(0.3137582428753376), 'environment/deckbuild_result/gatecard/AZK01-122/noop_rate': np.float64(0.16697440110147), 'environment/deckbuild_result/gatecard/AZK01-122/episode_length': np.float64(143.5), 'environment/deckbuild_result/gatecard/AZK01-122/leader_health': np.float64(0.2625000048428774), 'environment/deckbuild_result/gatecard/AZK01-122/ability_rate': np.float64(0.07500717183575034), 'environment/deckbuild_gatecard/AZK01-126/leader/STT02-001': np.float64(1.0), 'environment/azk_step_deckbuild_gatecard/AZK01-126/leader/STT02-001': np.float64(1.0), 'environment/deckbuild/leader_card/STT03-001': np.float64(1.0), 'environment/azk_step_deckbuild/leader_card/STT03-001': np.float64(1.0), 'environment/deckbuild_gatecard/AZK01-124/game': np.float64(1.0), 'environment/azk_step_deckbuild_gatecard/AZK01-124/game': np.float64(1.0), 'environment/deckbuild_gatecard/AZK01-124/avg_cost': np.float64(3.181), 'environment/azk_step_deckbuild_gatecard/AZK01-124/avg_cost': np.float64(3.181), 'environment/deckbuild_gatecard/AZK01-124/main_unique': np.float64(38.2), 'environment/azk_step_deckbuild_gatecard/AZK01-124/main_unique': np.float64(38.2), 'environment/deckbuild_gatecard/AZK01-124/copy_entropy_norm': np.float64(0.9775981764234342), 'environment/azk_step_deckbuild_gatecard/AZK01-124/copy_entropy_norm': np.float64(0.9775981764234342), 'environment/deckbuild_gatecard/AZK01-124/gate_element_share': np.float64(0.42699999999999994), 'environment/azk_step_deckbuild_gatecard/AZK01-124/gate_element_share': np.float64(0.42699999999999994), 'environment/deckbuild_gatecard/AZK01-124/type_share/ENTITY': np.float64(0.762), 'environment/azk_step_deckbuild_gatecard/AZK01-124/type_share/ENTITY': np.float64(0.762), 'environment/deckbuild_gatecard/AZK01-124/type_share/SPELL': np.float64(0.19300000000000003), 'environment/azk_step_deckbuild_gatecard/AZK01-124/type_share/SPELL': np.float64(0.19300000000000003), 'environment/deckbuild_gatecard/AZK01-124/type_share/WEAPON': np.float64(0.045000000000000005), 'environment/azk_step_deckbuild_gatecard/AZK01-124/type_share/WEAPON': np.float64(0.045000000000000005), 'environment/deckbuild_gatecard/AZK01-124/cost_share/0_1': np.float64(0.23400000000000004), 'environment/azk_step_deckbuild_gatecard/AZK01-124/cost_share/0_1': np.float64(0.23400000000000004), 'environment/deckbuild_gatecard/AZK01-124/cost_share/2_3': np.float64(0.38299999999999995), 'environment/azk_step_deckbuild_gatecard/AZK01-124/cost_share/2_3': np.float64(0.38299999999999995), 'environment/deckbuild_gatecard/AZK01-124/cost_share/4_5': np.float64(0.263), 'environment/azk_step_deckbuild_gatecard/AZK01-124/cost_share/4_5': np.float64(0.263), 'environment/deckbuild_gatecard/AZK01-124/cost_share/6_plus': np.float64(0.12000000000000002), 'environment/azk_step_deckbuild_gatecard/AZK01-124/cost_share/6_plus': np.float64(0.12000000000000002), 'environment/deckbuild_gatecard/AZK01-124/leader/STT03-001': np.float64(1.0), 'environment/azk_step_deckbuild_gatecard/AZK01-124/leader/STT03-001': np.float64(1.0), 'environment/deckbuild_result/gate/EARTH/game': np.float64(1.0), 'environment/deckbuild_result/gate/EARTH/win': np.float64(0.7321428571428571), 'environment/deckbuild_result/gate_pair/EARTH_vs_FIRE/game': np.float64(1.0), 'environment/deckbuild_result/gate_pair/EARTH_vs_FIRE/win': np.float64(0.75), 'environment/deckbuild_result/gate_pair_unordered/EARTH_vs_FIRE/game': np.float64(1.0), 'environment/deckbuild_result/gate_pair_unordered/EARTH_vs_FIRE/win': np.float64(0.5), 'environment/deckbuild_result/gatecard/AZK01-124/game': np.float64(1.0), 'environment/deckbuild_result/gatecard/AZK01-124/win': np.float64(0.7), 'environment/deckbuild_result/gatecard/AZK01-124/attack_rate': np.float64(0.18619699478149415), 'environment/deckbuild_result/gatecard/AZK01-124/spell_rate': np.float64(0.03800897616893053), 'environment/deckbuild_result/gatecard/AZK01-124/weapon_rate': np.float64(0.007460747612640262), 'environment/deckbuild_result/gatecard/AZK01-124/portal_rate': np.float64(0.10322167873382568), 'environment/deckbuild_result/gatecard/AZK01-124/play_entity_rate': np.float64(0.33763967305421827), 'environment/deckbuild_result/gatecard/AZK01-124/noop_rate': np.float64(0.2147006757557392), 'environment/deckbuild_result/gatecard/AZK01-124/episode_length': np.float64(146.8), 'environment/deckbuild_result/gatecard/AZK01-124/leader_health': np.float64(0.40250000096857547), 'environment/deckbuild_result/gatecard/AZK01-124/ability_rate': np.float64(0.06020041331648827), 'environment/deckbuild_result/gate_pair/FIRE_vs_EARTH/game': np.float64(1.0), 'environment/deckbuild_result/gate_pair/FIRE_vs_EARTH/win': np.float64(0.25), 'environment/deckbuild_result/gate_pair/WATER_vs_EARTH/game': np.float64(1.0), 'environment/deckbuild_result/gate_pair/WATER_vs_EARTH/win': np.float64(0.16666666666666666), 'environment/deckbuild_result/gate_pair_unordered/EARTH_vs_WATER/game': np.float64(1.0), 'environment/deckbuild_result/gate_pair_unordered/EARTH_vs_WATER/win': np.float64(0.5), 'environment/deckbuild_result/gate_pair/EARTH_vs_WATER/game': np.float64(1.0), 'environment/deckbuild_result/gate_pair/EARTH_vs_WATER/win': np.float64(0.8333333333333334), 'environment/deckbuild_result/gate_pair/LIGHTNING_vs_EARTH/game': np.float64(1.0), 'environment/deckbuild_result/gate_pair/LIGHTNING_vs_EARTH/win': np.float64(0.16666666666666666), 'environment/deckbuild_result/gate_pair_unordered/EARTH_vs_LIGHTNING/game': np.float64(1.0), 'environment/deckbuild_result/gate_pair_unordered/EARTH_vs_LIGHTNING/win': np.float64(0.5), 'environment/deckbuild_gatecard/STT03-002/game': np.float64(1.0), 'environment/azk_step_deckbuild_gatecard/STT03-002/game': np.float64(1.0), 'environment/deckbuild_gatecard/STT03-002/avg_cost': np.float64(3.1950000000000003), 'environment/azk_step_deckbuild_gatecard/STT03-002/avg_cost': np.float64(3.1950000000000003), 'environment/deckbuild_gatecard/STT03-002/main_unique': np.float64(36.625), 'environment/azk_step_deckbuild_gatecard/STT03-002/main_unique': np.float64(36.625), 'environment/deckbuild_gatecard/STT03-002/copy_entropy_norm': np.float64(0.9761319535556299), 'environment/azk_step_deckbuild_gatecard/STT03-002/copy_entropy_norm': np.float64(0.9761319535556299), 'environment/deckbuild_gatecard/STT03-002/gate_element_share': np.float64(0.42874999999999996), 'environment/azk_step_deckbuild_gatecard/STT03-002/gate_element_share': np.float64(0.42874999999999996), 'environment/deckbuild_gatecard/STT03-002/type_share/ENTITY': np.float64(0.765), 'environment/azk_step_deckbuild_gatecard/STT03-002/type_share/ENTITY': np.float64(0.765), 'environment/deckbuild_gatecard/STT03-002/type_share/SPELL': np.float64(0.2), 'environment/azk_step_deckbuild_gatecard/STT03-002/type_share/SPELL': np.float64(0.2), 'environment/deckbuild_gatecard/STT03-002/type_share/WEAPON': np.float64(0.035), 'environment/azk_step_deckbuild_gatecard/STT03-002/type_share/WEAPON': np.float64(0.035), 'environment/deckbuild_gatecard/STT03-002/cost_share/0_1': np.float64(0.2275), 'environment/azk_step_deckbuild_gatecard/STT03-002/cost_share/0_1': np.float64(0.2275), 'environment/deckbuild_gatecard/STT03-002/cost_share/2_3': np.float64(0.375), 'environment/azk_step_deckbuild_gatecard/STT03-002/cost_share/2_3': np.float64(0.375), 'environment/deckbuild_gatecard/STT03-002/cost_share/4_5': np.float64(0.28250000000000003), 'environment/azk_step_deckbuild_gatecard/STT03-002/cost_share/4_5': np.float64(0.28250000000000003), 'environment/deckbuild_gatecard/STT03-002/cost_share/6_plus': np.float64(0.115), 'environment/azk_step_deckbuild_gatecard/STT03-002/cost_share/6_plus': np.float64(0.115), 'environment/deckbuild_gatecard/STT03-002/leader/STT03-001': np.float64(1.0), 'environment/azk_step_deckbuild_gatecard/STT03-002/leader/STT03-001': np.float64(1.0), 'environment/deckbuild_result/gate_pair/EARTH_vs_LIGHTNING/game': np.float64(1.0), 'environment/deckbuild_result/gate_pair/EARTH_vs_LIGHTNING/win': np.float64(0.8333333333333334), 'environment/deckbuild_result/gatecard/STT03-002/game': np.float64(1.0), 'environment/deckbuild_result/gatecard/STT03-002/win': np.float64(0.6875), 'environment/deckbuild_result/gatecard/STT03-002/attack_rate': np.float64(0.1898555071093142), 'environment/deckbuild_result/gatecard/STT03-002/spell_rate': np.float64(0.03176215791609138), 'environment/deckbuild_result/gatecard/STT03-002/weapon_rate': np.float64(0.008390338160097599), 'environment/deckbuild_result/gatecard/STT03-002/portal_rate': np.float64(0.09360974910669029), 'environment/deckbuild_result/gatecard/STT03-002/play_entity_rate': np.float64(0.3150093387812376), 'environment/deckbuild_result/gatecard/STT03-002/noop_rate': np.float64(0.21729902364313602), 'environment/deckbuild_result/gatecard/STT03-002/episode_length': np.float64(147.875), 'environment/deckbuild_result/gatecard/STT03-002/leader_health': np.float64(0.32187500316649675), 'environment/deckbuild_result/gatecard/STT03-002/ability_rate': np.float64(0.059463531826622784), 'environment/deckbuild_gatecard/AZK01-122/leader/AZK01-121': np.float64(1.0), 'environment/azk_step_deckbuild_gatecard/AZK01-122/leader/AZK01-121': np.float64(1.0), 'environment/deckbuild/leader_card/AZK01-123': np.float64(1.0), 'environment/azk_step_deckbuild/leader_card/AZK01-123': np.float64(1.0), 'environment/deckbuild_gatecard/STT03-002/leader/AZK01-123': np.float64(1.0), 'environment/azk_step_deckbuild_gatecard/STT03-002/leader/AZK01-123': np.float64(1.0), 'environment/deckbuild_result/gate_pair/EARTH_vs_EARTH/game': np.float64(1.0), 'environment/deckbuild_result/gate_pair/EARTH_vs_EARTH/win': np.float64(0.5), 'environment/deckbuild_result/gate_pair_unordered/EARTH_vs_EARTH/game': np.float64(1.0), 'environment/deckbuild_result/gate_pair_unordered/EARTH_vs_EARTH/win': np.float64(0.5), 'environment/deckbuild_gatecard/AZK01-124/leader/AZK01-123': np.float64(1.0), 'environment/azk_step_deckbuild_gatecard/AZK01-124/leader/AZK01-123': np.float64(1.0), 'environment/deckbuild_result/gate_pair/LIGHTNING_vs_FIRE/game': np.float64(1.0), 'environment/deckbuild_result/gate_pair/LIGHTNING_vs_FIRE/win': np.float64(1.0), 'environment/deckbuild_result/gate_pair_unordered/FIRE_vs_LIGHTNING/game': np.float64(1.0), 'environment/deckbuild_result/gate_pair_unordered/FIRE_vs_LIGHTNING/win': np.float64(0.5), 'environment/deckbuild_result/gate_pair/FIRE_vs_LIGHTNING/game': np.float64(1.0), 'environment/deckbuild_result/gate_pair/FIRE_vs_LIGHTNING/win': np.float64(0.0), 'environment/deckbuild_gatecard/AZK01-120/leader/AZK01-119': np.float64(1.0), 'environment/azk_step_deckbuild_gatecard/AZK01-120/leader/AZK01-119': np.float64(1.0), 'losses/policy_loss': -0.004048528615385294, 'losses/value_loss': 0.10257609933614731, 'losses/value_loss_total': 0.10257609933614731, 'losses/entropy': 1.027510166168213, 'losses/old_approx_kl': -3.5689972719410434e-05, 'losses/approx_kl': 3.259149025325314e-06, 'losses/clipfrac': 0.0, 'losses/importance': 1.000038981437683, 'losses/win_prob_aux_loss': 0.69140625, 'losses/win_prob_aux_labeled_frac': 0.248046875, 'losses/explained_variance': 0.029918253421783447, 'losses/win_prob_aux_accuracy': 0.63671875, 'losses/win_prob_aux_brier': 0.2490234375, 'losses/win_prob_aux_pred_mean': 0.498046875, 'losses/win_prob_aux_target_mean': 0.4765625, 'performance/eval': 24.996742010116577, 'performance/train': 23.879146575927734, 'performance/eval_forward': 24.36668872833252, 'performance/env': 0.08632302284240723, 'performance/eval_copy': 0.47095537185668945, 'performance/eval_misc': 0.07263898849487305, 'performance/train_forward': 4.9101316928863525, 'performance/learn_backward': 9.25944209098816, 'performance/learn_opt': 9.55502986907959, 'performance/train_copy': 0.007497072219848633, 'performance/train_misc': 0.14691829681396484}
[0;0H╭──────────────────────────────────────────────────────────────────────────────╮
│  PufferLib 4.0    🐡            CPU:     GPU: 0.0%  DRAM: 3.0%   VRAM: 0.0%  │
│                                157.7%                                        │
│                                                                              │
│  Summary          Value    Evaluate     24s  51%    Losses            Value  │
│  Env        azuki_local      Forwa…     24s  49%    policy_loss       0.008  │
│  Params           90.2M      Env         0s   0%    value_loss        0.091  │
│  Steps           261.1K      Copy        0s   1%    value_loss_to…    0.091  │
│  SPS               4.6K      Misc        0s   0%    entropy           1.272  │
│  Epoch               17    Train        23s  48%    old_approx_kl    -0.000  │
│  Uptime           3m 8s      Forwa…      4s  10%    approx_kl         0.000  │
│  Remaini…            9s      Backw…      9s  18%    clipfrac          0.000  │
│                              Optim…      9s  19%    importance        1.000  │
│                              Copy        0s   0%    win_prob_aux_…    0.691  │
│                              Misc        0s   0%    win_prob_aux_…    0.232  │
│                                                     explained_var…    0.045  │
│                                                     win_prob_aux_…    0.656  │
│                                                     win_prob_aux_…    0.247  │
│                                                     win_prob_aux_…    0.494  │
│                                                     win_prob_aux_…    0.494  │
│                                                                              │
│  User Stats                    Value    User Stats                    Value  │
│  league/active                 1.000    sampler/subaction_tem…        1.200  │
│  sampler/smoothing_eps         0.050    anneal/ent_coef               0.005  │
│  perf                          0.000    score                         0.000  │
│  episode_return                0.383    episode_length              161.625  │
│  p0_episode_return             0.383    p1_episode_return            -0.383  │
│  p0_winrate                    0.542    p1_winrate                    0.458  │
│  p0_start_rate                 0.469    p1_start_rate                 0.531  │
│  draw_rate                     0.000    timeout_truncation_ra…        0.000  │
│  auto_tick_truncation_…        0.000    zero_legal_action_tru…        0.000  │
│  gameover_terminal_rate        1.000    winner_terminal_rate          1.000  │
│  curriculum_episode_cap        0.000    reward_shaping_scale          1.000  │
│  completed_episodes            1.000    p0_noop_selected_rate         0.210  │
│  p1_noop_selected_rate         0.208    p0_attack_selected_ra…        0.191  │
│  p1_attack_selected_ra…        0.196    p0_attach_weapon_from…        0.014  │
│  p1_attach_weapon_from…        0.015    p0_play_spell_from_ha…        0.043  │
╰──────────────────────────────────────────────────────────────────────────────╯

[epoch 17] {'SPS': 4626.887562939257, 'agent_steps': 261120, 'uptime': 188.11159539222717, 'epoch': 17, 'learning_rate': 0.0001634902137174484, 'environment/league/active': np.float64(1.0), 'environment/sampler/subaction_temperature': np.float64(1.2), 'environment/sampler/smoothing_eps': np.float64(0.05), 'environment/anneal/ent_coef': np.float64(0.004666666666666667), 'environment/perf': np.float64(0.0), 'environment/score': np.float64(0.0), 'environment/episode_return': np.float64(0.383101483186086), 'environment/episode_length': np.float64(161.625), 'environment/p0_episode_return': np.float64(0.383101483186086), 'environment/p1_episode_return': np.float64(-0.383101483186086), 'environment/p0_winrate': np.float64(0.5416666672875484), 'environment/p1_winrate': np.float64(0.45833333395421505), 'environment/p0_start_rate': np.float64(0.46875000062088173), 'environment/p1_start_rate': np.float64(0.5312500006208817), 'environment/draw_rate': np.float64(0.0), 'environment/timeout_truncation_rate': np.float64(0.0), 'environment/auto_tick_truncation_rate': np.float64(0.0), 'environment/zero_legal_action_truncation_rate': np.float64(0.0), 'environment/gameover_terminal_rate': np.float64(1.0), 'environment/winner_terminal_rate': np.float64(1.0), 'environment/curriculum_episode_cap': np.float64(0.0), 'environment/reward_shaping_scale': np.float64(1.0), 'environment/completed_episodes': np.float64(1.0), 'environment/p0_noop_selected_rate': np.float64(0.20965982197473446), 'environment/p1_noop_selected_rate': np.float64(0.20765916910022497), 'environment/p0_attack_selected_rate': np.float64(0.19111082749441266), 'environment/p1_attack_selected_rate': np.float64(0.19615184422582388), 'environment/p0_attach_weapon_from_hand_selected_rate': np.float64(0.013629814852417136), 'environment/p1_attach_weapon_from_hand_selected_rate': np.float64(0.01491977619783332), 'environment/p0_play_spell_from_hand_selected_rate': np.float64(0.043485414741250374), 'environment/p1_play_spell_from_hand_selected_rate': np.float64(0.042734740069136024), 'environment/p0_activate_garden_or_leader_ability_selected_rate': np.float64(0.04557206043197463), 'environment/p1_activate_garden_or_leader_ability_selected_rate': np.float64(0.042009824498867), 'environment/p0_activate_alley_ability_selected_rate': np.float64(0.0032105053833220154), 'environment/p1_activate_alley_ability_selected_rate': np.float64(0.004353815456852317), 'environment/p0_gate_portal_selected_rate': np.float64(0.08783606827879946), 'environment/p1_gate_portal_selected_rate': np.float64(0.09196799520092706), 'environment/p0_play_entity_to_alley_selected_rate': np.float64(0.09994206732759874), 'environment/p1_play_entity_to_alley_selected_rate': np.float64(0.10524116984258096), 'environment/p0_play_entity_to_garden_selected_rate': np.float64(0.07274917792528868), 'environment/p1_play_entity_to_garden_selected_rate': np.float64(0.06883021832133333), 'environment/p0_play_selected_rate': np.float64(0.31764254346489906), 'environment/p1_play_selected_rate': np.float64(0.3236938988169034), 'environment/p0_ability_selected_rate': np.float64(0.06475342858660345), 'environment/p1_ability_selected_rate': np.float64(0.06372916062052052), 'environment/p0_target_selected_rate': np.float64(0.21359850590427717), 'environment/p1_target_selected_rate': np.float64(0.20736614537114897), 'environment/p0_avg_leader_health': np.float64(0.1946180567611009), 'environment/p1_avg_leader_health': np.float64(0.1921875011563922), 'environment/p0_entity_damage_dealt': np.float64(0.0), 'environment/p1_entity_damage_dealt': np.float64(0.0), 'environment/p0_entity_damage_taken': np.float64(0.0), 'environment/p1_entity_damage_taken': np.float64(0.0), 'environment/p0_generated_ikz_created': np.float64(0.0), 'environment/p1_generated_ikz_created': np.float64(0.0), 'environment/p0_generated_ikz_converted': np.float64(0.0), 'environment/p1_generated_ikz_converted': np.float64(0.0), 'environment/p0_generated_ikz_conversion_rate': np.float64(0.0), 'environment/p1_generated_ikz_conversion_rate': np.float64(0.0), 'environment/p0_temporary_charge_realized': np.float64(0.0), 'environment/p1_temporary_charge_realized': np.float64(0.0), 'environment/p0_temporary_attack_damage_realized': np.float64(0.0), 'environment/p1_temporary_attack_damage_realized': np.float64(0.0), 'environment/p0_contextual_response_reserve_opportunities': np.float64(0.0), 'environment/p1_contextual_response_reserve_opportunities': np.float64(0.0), 'environment/n': np.float64(1.2291666666666667), 'environment/deckbuild/completed': np.float64(1.0), 'environment/azk_step_deckbuild/completed': np.float64(1.0), 'environment/deckbuild/picks': np.float64(51.0), 'environment/azk_step_deckbuild/picks': np.float64(51.0), 'environment/deckbuild/main_count': np.float64(50.0), 'environment/azk_step_deckbuild/main_count': np.float64(50.0), 'environment/deckbuild/main_unique': np.float64(37.42534722222222), 'environment/azk_step_deckbuild/main_unique': np.float64(37.42534722222222), 'environment/deckbuild/main_unique_share': np.float64(0.7485069444444444), 'environment/azk_step_deckbuild/main_unique_share': np.float64(0.7485069444444444), 'environment/deckbuild/main_avg_copies_per_unique': np.float64(1.3415055852366784), 'environment/azk_step_deckbuild/main_avg_copies_per_unique': np.float64(1.3415055852366784), 'environment/deckbuild/main_max_copy_count': np.float64(3.095486111111111), 'environment/azk_step_deckbuild/main_max_copy_count': np.float64(3.095486111111111), 'environment/deckbuild/main_copy_entropy': np.float64(3.53932667833226), 'environment/azk_step_deckbuild/main_copy_entropy': np.float64(3.53932667833226), 'environment/deckbuild/main_copy_entropy_norm': np.float64(0.9775640169525937), 'environment/azk_step_deckbuild/main_copy_entropy_norm': np.float64(0.9775640169525937), 'environment/deckbuild/main_singleton_count': np.float64(26.946180555555557), 'environment/azk_step_deckbuild/main_singleton_count': np.float64(26.946180555555557), 'environment/deckbuild/main_pair_count': np.float64(8.696180555555555), 'environment/azk_step_deckbuild/main_pair_count': np.float64(8.696180555555555), 'environment/deckbuild/main_triplet_count': np.float64(1.470486111111111), 'environment/azk_step_deckbuild/main_triplet_count': np.float64(1.470486111111111), 'environment/deckbuild/main_quad_count': np.float64(0.3125), 'environment/azk_step_deckbuild/main_quad_count': np.float64(0.3125), 'environment/deckbuild/main_singleton_slot_share': np.float64(0.5389236111111111), 'environment/azk_step_deckbuild/main_singleton_slot_share': np.float64(0.5389236111111111), 'environment/deckbuild/main_pair_slot_share': np.float64(0.3478472222222222), 'environment/azk_step_deckbuild/main_pair_slot_share': np.float64(0.3478472222222222), 'environment/deckbuild/main_triplet_slot_share': np.float64(0.08822916666666665), 'environment/azk_step_deckbuild/main_triplet_slot_share': np.float64(0.08822916666666665), 'environment/deckbuild/main_quad_slot_share': np.float64(0.025000000000000005), 'environment/azk_step_deckbuild/main_quad_slot_share': np.float64(0.025000000000000005), 'environment/deckbuild/main_normal_share': np.float64(0.5829166666666666), 'environment/azk_step_deckbuild/main_normal_share': np.float64(0.5829166666666666), 'environment/deckbuild/main_gate_element_share': np.float64(0.4170833333333333), 'environment/azk_step_deckbuild/main_gate_element_share': np.float64(0.4170833333333333), 'environment/deckbuild/gate_match': np.float64(0.5347222222222222), 'environment/azk_step_deckbuild/gate_match': np.float64(0.5347222222222222), 'environment/deckbuild/gate/EARTH': np.float64(0.3541666666666667), 'environment/azk_step_deckbuild/gate/EARTH': np.float64(0.3541666666666667), 'environment/deckbuild/opponent_gate/EARTH': np.float64(0.3541666666666667), 'environment/azk_step_deckbuild/opponent_gate/EARTH': np.float64(0.3541666666666667), 'environment/deckbuild/leader/EARTH': np.float64(0.3541666666666667), 'environment/azk_step_deckbuild/leader/EARTH': np.float64(0.3541666666666667), 'environment/deckbuild/gate/FIRE': np.float64(0.03125), 'environment/azk_step_deckbuild/gate/FIRE': np.float64(0.03125), 'environment/deckbuild/opponent_gate/FIRE': np.float64(0.03125), 'environment/azk_step_deckbuild/opponent_gate/FIRE': np.float64(0.03125), 'environment/deckbuild/leader/FIRE': np.float64(0.03125), 'environment/azk_step_deckbuild/leader/FIRE': np.float64(0.03125), 'environment/deckbuild/gate/LIGHTNING': np.float64(0.18229166666666666), 'environment/azk_step_deckbuild/gate/LIGHTNING': np.float64(0.18229166666666666), 'environment/deckbuild/opponent_gate/LIGHTNING': np.float64(0.18229166666666666), 'environment/azk_step_deckbuild/opponent_gate/LIGHTNING': np.float64(0.18229166666666666), 'environment/deckbuild/leader/LIGHTNING': np.float64(0.18229166666666666), 'environment/azk_step_deckbuild/leader/LIGHTNING': np.float64(0.18229166666666666), 'environment/deckbuild/gate/WATER': np.float64(0.4322916666666667), 'environment/azk_step_deckbuild/gate/WATER': np.float64(0.4322916666666667), 'environment/deckbuild/opponent_gate/WATER': np.float64(0.4322916666666667), 'environment/azk_step_deckbuild/opponent_gate/WATER': np.float64(0.4322916666666667), 'environment/deckbuild/leader/WATER': np.float64(0.4322916666666667), 'environment/azk_step_deckbuild/leader/WATER': np.float64(0.4322916666666667), 'environment/deckbuild/main_type_count/ENTITY': np.float64(36.125), 'environment/azk_step_deckbuild/main_type_count/ENTITY': np.float64(36.125), 'environment/deckbuild/main_type_share/ENTITY': np.float64(0.7225), 'environment/azk_step_deckbuild/main_type_share/ENTITY': np.float64(0.7225), 'environment/deckbuild/main_type_count/SPELL': np.float64(10.786458333333334), 'environment/azk_step_deckbuild/main_type_count/SPELL': np.float64(10.786458333333334), 'environment/deckbuild/main_type_share/SPELL': np.float64(0.21572916666666667), 'environment/azk_step_deckbuild/main_type_share/SPELL': np.float64(0.21572916666666667), 'environment/deckbuild/main_type_count/WEAPON': np.float64(3.0885416666666665), 'environment/azk_step_deckbuild/main_type_count/WEAPON': np.float64(3.0885416666666665), 'environment/deckbuild/main_type_share/WEAPON': np.float64(0.06177083333333333), 'environment/azk_step_deckbuild/main_type_share/WEAPON': np.float64(0.06177083333333333), 'environment/deckbuild/main_element_count/EARTH': np.float64(7.850694444444444), 'environment/azk_step_deckbuild/main_element_count/EARTH': np.float64(7.850694444444444), 'environment/deckbuild/main_element_share/EARTH': np.float64(0.15701388888888887), 'environment/azk_step_deckbuild/main_element_share/EARTH': np.float64(0.15701388888888887), 'environment/deckbuild/main_element_count/FIRE': np.float64(0.7083333333333334), 'environment/azk_step_deckbuild/main_element_count/FIRE': np.float64(0.7083333333333334), 'environment/deckbuild/main_element_share/FIRE': np.float64(0.014166666666666666), 'environment/azk_step_deckbuild/main_element_share/FIRE': np.float64(0.014166666666666666), 'environment/deckbuild/main_element_count/LIGHTNING': np.float64(3.7048611111111107), 'environment/azk_step_deckbuild/main_element_count/LIGHTNING': np.float64(3.7048611111111107), 'environment/deckbuild/main_element_share/LIGHTNING': np.float64(0.07409722222222222), 'environment/azk_step_deckbuild/main_element_share/LIGHTNING': np.float64(0.07409722222222222), 'environment/deckbuild/main_element_count/NORMAL': np.float64(29.145833333333332), 'environment/azk_step_deckbuild/main_element_count/NORMAL': np.float64(29.145833333333332), 'environment/deckbuild/main_element_share/NORMAL': np.float64(0.5829166666666666), 'environment/azk_step_deckbuild/main_element_share/NORMAL': np.float64(0.5829166666666666), 'environment/deckbuild/main_element_count/WATER': np.float64(8.590277777777779), 'environment/azk_step_deckbuild/main_element_count/WATER': np.float64(8.590277777777779), 'environment/deckbuild/main_element_share/WATER': np.float64(0.17180555555555554), 'environment/azk_step_deckbuild/main_element_share/WATER': np.float64(0.17180555555555554), 'environment/deckbuild/main_avg_cost': np.float64(2.9695138888888892), 'environment/azk_step_deckbuild/main_avg_cost': np.float64(2.9695138888888892), 'environment/deckbuild/main_cost_share/0_1': np.float64(0.2496527777777778), 'environment/azk_step_deckbuild/main_cost_share/0_1': np.float64(0.2496527777777778), 'environment/deckbuild/main_cost_share/2_3': np.float64(0.4100347222222222), 'environment/azk_step_deckbuild/main_cost_share/2_3': np.float64(0.4100347222222222), 'environment/deckbuild/main_cost_share/4_5': np.float64(0.25447916666666665), 'environment/azk_step_deckbuild/main_cost_share/4_5': np.float64(0.25447916666666665), 'environment/deckbuild/main_cost_share/6_plus': np.float64(0.08583333333333333), 'environment/azk_step_deckbuild/main_cost_share/6_plus': np.float64(0.08583333333333333), 'environment/deckbuild/leader_card/AZK01-123': np.float64(1.0), 'environment/azk_step_deckbuild/leader_card/AZK01-123': np.float64(1.0), 'environment/deckbuild_gatecard/STT03-002/game': np.float64(1.0), 'environment/azk_step_deckbuild_gatecard/STT03-002/game': np.float64(1.0), 'environment/deckbuild_gatecard/STT03-002/avg_cost': np.float64(3.261333333333333), 'environment/azk_step_deckbuild_gatecard/STT03-002/avg_cost': np.float64(3.261333333333333), 'environment/deckbuild_gatecard/STT03-002/main_unique': np.float64(37.97777777777778), 'environment/azk_step_deckbuild_gatecard/STT03-002/main_unique': np.float64(37.97777777777778), 'environment/deckbuild_gatecard/STT03-002/copy_entropy_norm': np.float64(0.9789254095183562), 'environment/azk_step_deckbuild_gatecard/STT03-002/copy_entropy_norm': np.float64(0.9789254095183562), 'environment/deckbuild_gatecard/STT03-002/gate_element_share': np.float64(0.4353333333333334), 'environment/azk_step_deckbuild_gatecard/STT03-002/gate_element_share': np.float64(0.4353333333333334), 'environment/deckbuild_gatecard/STT03-002/type_share/ENTITY': np.float64(0.7468888888888888), 'environment/azk_step_deckbuild_gatecard/STT03-002/type_share/ENTITY': np.float64(0.7468888888888888), 'environment/deckbuild_gatecard/STT03-002/type_share/SPELL': np.float64(0.20888888888888893), 'environment/azk_step_deckbuild_gatecard/STT03-002/type_share/SPELL': np.float64(0.20888888888888893), 'environment/deckbuild_gatecard/STT03-002/type_share/WEAPON': np.float64(0.044222222222222225), 'environment/azk_step_deckbuild_gatecard/STT03-002/type_share/WEAPON': np.float64(0.044222222222222225), 'environment/deckbuild_gatecard/STT03-002/cost_share/0_1': np.float64(0.21577777777777776), 'environment/azk_step_deckbuild_gatecard/STT03-002/cost_share/0_1': np.float64(0.21577777777777776), 'environment/deckbuild_gatecard/STT03-002/cost_share/2_3': np.float64(0.3651111111111111), 'environment/azk_step_deckbuild_gatecard/STT03-002/cost_share/2_3': np.float64(0.3651111111111111), 'environment/deckbuild_gatecard/STT03-002/cost_share/4_5': np.float64(0.3084444444444444), 'environment/azk_step_deckbuild_gatecard/STT03-002/cost_share/4_5': np.float64(0.3084444444444444), 'environment/deckbuild_gatecard/STT03-002/cost_share/6_plus': np.float64(0.11066666666666665), 'environment/azk_step_deckbuild_gatecard/STT03-002/cost_share/6_plus': np.float64(0.11066666666666665), 'environment/deckbuild_gatecard/STT03-002/leader/AZK01-123': np.float64(1.0), 'environment/azk_step_deckbuild_gatecard/STT03-002/leader/AZK01-123': np.float64(1.0), 'environment/deckbuild_result/game': np.float64(1.0), 'environment/deckbuild_result/win': np.float64(0.5), 'environment/deckbuild_result/gate_match': np.float64(0.5347222222222222), 'environment/deckbuild_result/gate_match_win_joint': np.float64(0.2673611111111111), 'environment/deckbuild_result/gate_mismatch': np.float64(0.46527777777777785), 'environment/deckbuild_result/gate_mismatch_win_joint': np.float64(0.23263888888888892), 'environment/deckbuild_result/gate/EARTH/game': np.float64(1.0), 'environment/deckbuild_result/gate/EARTH/win': np.float64(0.72), 'environment/deckbuild_result/gate_pair/EARTH_vs_EARTH/game': np.float64(1.0), 'environment/deckbuild_result/gate_pair/EARTH_vs_EARTH/win': np.float64(0.5), 'environment/deckbuild_result/gate_pair_unordered/EARTH_vs_EARTH/game': np.float64(1.0), 'environment/deckbuild_result/gate_pair_unordered/EARTH_vs_EARTH/win': np.float64(0.5), 'environment/deckbuild_result/gate_match/game': np.float64(1.0), 'environment/deckbuild_result/gate_match/win': np.float64(0.5), 'environment/deckbuild_result/gate_freq/EARTH': np.float64(0.3541666666666667), 'environment/deckbuild_result/gate_win_joint/EARTH': np.float64(0.22916666666666666), 'environment/deckbuild_result/gate_freq/FIRE': np.float64(0.03125), 'environment/deckbuild_result/gate_win_joint/FIRE': np.float64(0.005208333333333333), 'environment/deckbuild_result/gate_freq/LIGHTNING': np.float64(0.18229166666666666), 'environment/deckbuild_result/gate_win_joint/LIGHTNING': np.float64(0.10416666666666667), 'environment/deckbuild_result/gate_freq/WATER': np.float64(0.4322916666666667), 'environment/deckbuild_result/gate_win_joint/WATER': np.float64(0.16145833333333334), 'environment/deckbuild_result/gate_pair_freq/EARTH_vs_EARTH': np.float64(0.22916666666666666), 'environment/deckbuild_result/gate_pair_win_joint/EARTH_vs_EARTH': np.float64(0.11458333333333333), 'environment/deckbuild_result/gate_pair_freq/EARTH_vs_FIRE': np.float64(0.005208333333333333), 'environment/deckbuild_result/gate_pair_win_joint/EARTH_vs_FIRE': np.float64(0.0), 'environment/deckbuild_result/gate_pair_freq/EARTH_vs_LIGHTNING': np.float64(0.013888888888888888), 'environment/deckbuild_result/gate_pair_win_joint/EARTH_vs_LIGHTNING': np.float64(0.013888888888888888), 'environment/deckbuild_result/gate_pair_freq/EARTH_vs_WATER': np.float64(0.10590277777777778), 'environment/deckbuild_result/gate_pair_win_joint/EARTH_vs_WATER': np.float64(0.10069444444444443), 'environment/deckbuild_result/gate_pair_freq/FIRE_vs_EARTH': np.float64(0.005208333333333333), 'environment/deckbuild_result/gate_pair_win_joint/FIRE_vs_EARTH': np.float64(0.005208333333333333), 'environment/deckbuild_result/gate_pair_freq/FIRE_vs_FIRE': np.float64(0.0), 'environment/deckbuild_result/gate_pair_win_joint/FIRE_vs_FIRE': np.float64(0.0), 'environment/deckbuild_result/gate_pair_freq/FIRE_vs_LIGHTNING': np.float64(0.010416666666666666), 'environment/deckbuild_result/gate_pair_win_joint/FIRE_vs_LIGHTNING': np.float64(0.0), 'environment/deckbuild_result/gate_pair_freq/FIRE_vs_WATER': np.float64(0.015625), 'environment/deckbuild_result/gate_pair_win_joint/FIRE_vs_WATER': np.float64(0.0), 'environment/deckbuild_result/gate_pair_freq/LIGHTNING_vs_EARTH': np.float64(0.013888888888888888), 'environment/deckbuild_result/gate_pair_win_joint/LIGHTNING_vs_EARTH': np.float64(0.0), 'environment/deckbuild_result/gate_pair_freq/LIGHTNING_vs_FIRE': np.float64(0.010416666666666666), 'environment/deckbuild_result/gate_pair_win_joint/LIGHTNING_vs_FIRE': np.float64(0.010416666666666666), 'environment/deckbuild_result/gate_pair_freq/LIGHTNING_vs_LIGHTNING': np.float64(0.07638888888888888), 'environment/deckbuild_result/gate_pair_win_joint/LIGHTNING_vs_LIGHTNING': np.float64(0.03819444444444444), 'environment/deckbuild_result/gate_pair_freq/LIGHTNING_vs_WATER': np.float64(0.08159722222222222), 'environment/deckbuild_result/gate_pair_win_joint/LIGHTNING_vs_WATER': np.float64(0.05555555555555555), 'environment/deckbuild_result/gate_pair_freq/WATER_vs_EARTH': np.float64(0.10590277777777778), 'environment/deckbuild_result/gate_pair_win_joint/WATER_vs_EARTH': np.float64(0.005208333333333333), 'environment/deckbuild_result/gate_pair_freq/WATER_vs_FIRE': np.float64(0.015625), 'environment/deckbuild_result/gate_pair_win_joint/WATER_vs_FIRE': np.float64(0.015625), 'environment/deckbuild_result/gate_pair_freq/WATER_vs_LIGHTNING': np.float64(0.08159722222222222), 'environment/deckbuild_result/gate_pair_win_joint/WATER_vs_LIGHTNING': np.float64(0.026041666666666668), 'environment/deckbuild_result/gate_pair_freq/WATER_vs_WATER': np.float64(0.22916666666666666), 'environment/deckbuild_result/gate_pair_win_joint/WATER_vs_WATER': np.float64(0.11458333333333333), 'environment/deckbuild_result/gate_pair_unordered_freq/EARTH_vs_EARTH': np.float64(0.22916666666666666), 'environment/deckbuild_result/gate_pair_unordered_win_joint/EARTH_vs_EARTH': np.float64(0.11458333333333333), 'environment/deckbuild_result/gate_pair_unordered_freq/EARTH_vs_FIRE': np.float64(0.010416666666666666), 'environment/deckbuild_result/gate_pair_unordered_win_joint/EARTH_vs_FIRE': np.float64(0.005208333333333333), 'environment/deckbuild_result/gate_pair_unordered_freq/EARTH_vs_LIGHTNING': np.float64(0.027777777777777776), 'environment/deckbuild_result/gate_pair_unordered_win_joint/EARTH_vs_LIGHTNING': np.float64(0.013888888888888888), 'environment/deckbuild_result/gate_pair_unordered_freq/EARTH_vs_WATER': np.float64(0.21180555555555555), 'environment/deckbuild_result/gate_pair_unordered_win_joint/EARTH_vs_WATER': np.float64(0.10590277777777778), 'environment/deckbuild_result/gate_pair_unordered_freq/FIRE_vs_FIRE': np.float64(0.0), 'environment/deckbuild_result/gate_pair_unordered_win_joint/FIRE_vs_FIRE': np.float64(0.0), 'environment/deckbuild_result/gate_pair_unordered_freq/FIRE_vs_LIGHTNING': np.float64(0.020833333333333332), 'environment/deckbuild_result/gate_pair_unordered_win_joint/FIRE_vs_LIGHTNING': np.float64(0.010416666666666666), 'environment/deckbuild_result/gate_pair_unordered_freq/FIRE_vs_WATER': np.float64(0.03125), 'environment/deckbuild_result/gate_pair_unordered_win_joint/FIRE_vs_WATER': np.float64(0.015625), 'environment/deckbuild_result/gate_pair_unordered_freq/LIGHTNING_vs_LIGHTNING': np.float64(0.07638888888888888), 'environment/deckbuild_result/gate_pair_unordered_win_joint/LIGHTNING_vs_LIGHTNING': np.float64(0.03819444444444444), 'environment/deckbuild_result/gate_pair_unordered_freq/LIGHTNING_vs_WATER': np.float64(0.16319444444444445), 'environment/deckbuild_result/gate_pair_unordered_win_joint/LIGHTNING_vs_WATER': np.float64(0.08159722222222222), 'environment/deckbuild_result/gate_pair_unordered_freq/WATER_vs_WATER': np.float64(0.22916666666666666), 'environment/deckbuild_result/gate_pair_unordered_win_joint/WATER_vs_WATER': np.float64(0.11458333333333333), 'environment/deckbuild_result/gatecard/STT03-002/game': np.float64(1.0), 'environment/deckbuild_result/gatecard/STT03-002/win': np.float64(0.45555555555555555), 'environment/deckbuild_result/gatecard/STT03-002/attack_rate': np.float64(0.2031023076838917), 'environment/deckbuild_result/gatecard/STT03-002/spell_rate': np.float64(0.03660437896226843), 'environment/deckbuild_result/gatecard/STT03-002/weapon_rate': np.float64(0.012493117526173592), 'environment/deckbuild_result/gatecard/STT03-002/portal_rate': np.float64(0.09120726233555211), 'environment/deckbuild_result/gatecard/STT03-002/play_entity_rate': np.float64(0.31632606618934206), 'environment/deckbuild_result/gatecard/STT03-002/noop_rate': np.float64(0.23597156388892068), 'environment/deckbuild_result/gatecard/STT03-002/episode_length': np.float64(159.06666666666666), 'environment/deckbuild_result/gatecard/STT03-002/leader_health': np.float64(0.2005555544462469), 'environment/deckbuild_result/gatecard/STT03-002/ability_rate': np.float64(0.0539187458757725), 'environment/deckbuild_gatecard/AZK01-124/game': np.float64(1.0), 'environment/azk_step_deckbuild_gatecard/AZK01-124/game': np.float64(1.0), 'environment/deckbuild_gatecard/AZK01-124/avg_cost': np.float64(3.2410000000000005), 'environment/azk_step_deckbuild_gatecard/AZK01-124/avg_cost': np.float64(3.2410000000000005), 'environment/deckbuild_gatecard/AZK01-124/main_unique': np.float64(38.45), 'environment/azk_step_deckbuild_gatecard/AZK01-124/main_unique': np.float64(38.45), 'environment/deckbuild_gatecard/AZK01-124/copy_entropy_norm': np.float64(0.9775920279848906), 'environment/azk_step_deckbuild_gatecard/AZK01-124/copy_entropy_norm': np.float64(0.9775920279848906), 'environment/deckbuild_gatecard/AZK01-124/gate_element_share': np.float64(0.4494999999999999), 'environment/azk_step_deckbuild_gatecard/AZK01-124/gate_element_share': np.float64(0.4494999999999999), 'environment/deckbuild_gatecard/AZK01-124/type_share/ENTITY': np.float64(0.7615000000000001), 'environment/azk_step_deckbuild_gatecard/AZK01-124/type_share/ENTITY': np.float64(0.7615000000000001), 'environment/deckbuild_gatecard/AZK01-124/type_share/SPELL': np.float64(0.1995), 'environment/azk_step_deckbuild_gatecard/AZK01-124/type_share/SPELL': np.float64(0.1995), 'environment/deckbuild_gatecard/AZK01-124/type_share/WEAPON': np.float64(0.039), 'environment/azk_step_deckbuild_gatecard/AZK01-124/type_share/WEAPON': np.float64(0.039), 'environment/deckbuild_gatecard/AZK01-124/cost_share/0_1': np.float64(0.23700000000000004), 'environment/azk_step_deckbuild_gatecard/AZK01-124/cost_share/0_1': np.float64(0.23700000000000004), 'environment/deckbuild_gatecard/AZK01-124/cost_share/2_3': np.float64(0.354), 'environment/azk_step_deckbuild_gatecard/AZK01-124/cost_share/2_3': np.float64(0.354), 'environment/deckbuild_gatecard/AZK01-124/cost_share/4_5': np.float64(0.27799999999999997), 'environment/azk_step_deckbuild_gatecard/AZK01-124/cost_share/4_5': np.float64(0.27799999999999997), 'environment/deckbuild_gatecard/AZK01-124/cost_share/6_plus': np.float64(0.13100000000000003), 'environment/azk_step_deckbuild_gatecard/AZK01-124/cost_share/6_plus': np.float64(0.13100000000000003), 'environment/deckbuild_gatecard/AZK01-124/leader/AZK01-123': np.float64(1.0), 'environment/azk_step_deckbuild_gatecard/AZK01-124/leader/AZK01-123': np.float64(1.0), 'environment/deckbuild_result/gatecard/AZK01-124/game': np.float64(1.0), 'environment/deckbuild_result/gatecard/AZK01-124/win': np.float64(0.825), 'environment/deckbuild_result/gatecard/AZK01-124/attack_rate': np.float64(0.19796351641416549), 'environment/deckbuild_result/gatecard/AZK01-124/spell_rate': np.float64(0.040174374682828785), 'environment/deckbuild_result/gatecard/AZK01-124/weapon_rate': np.float64(0.010829249466769397), 'environment/deckbuild_result/gatecard/AZK01-124/portal_rate': np.float64(0.09453806411474944), 'environment/deckbuild_result/gatecard/AZK01-124/play_entity_rate': np.float64(0.324408970028162), 'environment/deckbuild_result/gatecard/AZK01-124/noop_rate': np.float64(0.20017414577305317), 'environment/deckbuild_result/gatecard/AZK01-124/episode_length': np.float64(160.65), 'environment/deckbuild_result/gatecard/AZK01-124/leader_health': np.float64(0.32625000439584256), 'environment/deckbuild_result/gatecard/AZK01-124/ability_rate': np.float64(0.059018086176365614), 'environment/ref_seat_rate': np.float64(0.0), 'environment/deckbuild/leader_card/STT03-001': np.float64(1.0), 'environment/azk_step_deckbuild/leader_card/STT03-001': np.float64(1.0), 'environment/deckbuild_gatecard/STT03-002/leader/STT03-001': np.float64(1.0), 'environment/azk_step_deckbuild_gatecard/STT03-002/leader/STT03-001': np.float64(1.0), 'environment/deckbuild_gatecard/AZK01-124/leader/STT03-001': np.float64(1.0), 'environment/azk_step_deckbuild_gatecard/AZK01-124/leader/STT03-001': np.float64(1.0), 'environment/deckbuild_result/gate_pair/EARTH_vs_WATER/game': np.float64(1.0), 'environment/deckbuild_result/gate_pair/EARTH_vs_WATER/win': np.float64(0.9230769230769231), 'environment/deckbuild_result/gate_pair_unordered/EARTH_vs_WATER/game': np.float64(1.0), 'environment/deckbuild_result/gate_pair_unordered/EARTH_vs_WATER/win': np.float64(0.5), 'environment/deckbuild_result/gate_mismatch/game': np.float64(1.0), 'environment/deckbuild_result/gate_mismatch/win': np.float64(0.5), 'environment/deckbuild/leader_card/AZK01-125': np.float64(1.0), 'environment/azk_step_deckbuild/leader_card/AZK01-125': np.float64(1.0), 'environment/deckbuild_gatecard/STT02-002/game': np.float64(1.0), 'environment/azk_step_deckbuild_gatecard/STT02-002/game': np.float64(1.0), 'environment/deckbuild_gatecard/STT02-002/avg_cost': np.float64(2.887826086956522), 'environment/azk_step_deckbuild_gatecard/STT02-002/avg_cost': np.float64(2.887826086956522), 'environment/deckbuild_gatecard/STT02-002/main_unique': np.float64(37.76086956521739), 'environment/azk_step_deckbuild_gatecard/STT02-002/main_unique': np.float64(37.76086956521739), 'environment/deckbuild_gatecard/STT02-002/copy_entropy_norm': np.float64(0.9774389810792117), 'environment/azk_step_deckbuild_gatecard/STT02-002/copy_entropy_norm': np.float64(0.9774389810792117), 'environment/deckbuild_gatecard/STT02-002/gate_element_share': np.float64(0.41173913043478266), 'environment/azk_step_deckbuild_gatecard/STT02-002/gate_element_share': np.float64(0.41173913043478266), 'environment/deckbuild_gatecard/STT02-002/type_share/ENTITY': np.float64(0.7021739130434783), 'environment/azk_step_deckbuild_gatecard/STT02-002/type_share/ENTITY': np.float64(0.7021739130434783), 'environment/deckbuild_gatecard/STT02-002/type_share/SPELL': np.float64(0.25173913043478263), 'environment/azk_step_deckbuild_gatecard/STT02-002/type_share/SPELL': np.float64(0.25173913043478263), 'environment/deckbuild_gatecard/STT02-002/type_share/WEAPON': np.float64(0.04608695652173913), 'environment/azk_step_deckbuild_gatecard/STT02-002/type_share/WEAPON': np.float64(0.04608695652173913), 'environment/deckbuild_gatecard/STT02-002/cost_share/0_1': np.float64(0.2630434782608696), 'environment/azk_step_deckbuild_gatecard/STT02-002/cost_share/0_1': np.float64(0.2630434782608696), 'environment/deckbuild_gatecard/STT02-002/cost_share/2_3': np.float64(0.418695652173913), 'environment/azk_step_deckbuild_gatecard/STT02-002/cost_share/2_3': np.float64(0.418695652173913), 'environment/deckbuild_gatecard/STT02-002/cost_share/4_5': np.float64(0.23565217391304344), 'environment/azk_step_deckbuild_gatecard/STT02-002/cost_share/4_5': np.float64(0.23565217391304344), 'environment/deckbuild_gatecard/STT02-002/cost_share/6_plus': np.float64(0.08260869565217392), 'environment/azk_step_deckbuild_gatecard/STT02-002/cost_share/6_plus': np.float64(0.08260869565217392), 'environment/deckbuild_gatecard/STT02-002/leader/AZK01-125': np.float64(1.0), 'environment/azk_step_deckbuild_gatecard/STT02-002/leader/AZK01-125': np.float64(1.0), 'environment/deckbuild_result/gate/WATER/game': np.float64(1.0), 'environment/deckbuild_result/gate/WATER/win': np.float64(0.30729166666666663), 'environment/deckbuild_result/gate_pair/WATER_vs_EARTH/game': np.float64(1.0), 'environment/deckbuild_result/gate_pair/WATER_vs_EARTH/win': np.float64(0.07692307692307693), 'environment/deckbuild_result/gatecard/STT02-002/game': np.float64(1.0), 'environment/deckbuild_result/gatecard/STT02-002/win': np.float64(0.3695652173913043), 'environment/deckbuild_result/gatecard/STT02-002/attack_rate': np.float64(0.19004999878613846), 'environment/deckbuild_result/gatecard/STT02-002/spell_rate': np.float64(0.0398907247201904), 'environment/deckbuild_result/gatecard/STT02-002/weapon_rate': np.float64(0.009295793007249418), 'environment/deckbuild_result/gatecard/STT02-002/portal_rate': np.float64(0.08918739588040372), 'environment/deckbuild_result/gatecard/STT02-002/play_entity_rate': np.float64(0.31596912573213165), 'environment/deckbuild_result/gatecard/STT02-002/noop_rate': np.float64(0.21238543417142786), 'environment/deckbuild_result/gatecard/STT02-002/episode_length': np.float64(160.95652173913044), 'environment/deckbuild_result/gatecard/STT02-002/leader_health': np.float64(0.1532608704722446), 'environment/deckbuild_result/gatecard/STT02-002/ability_rate': np.float64(0.04923963984069617), 'environment/deckbuild/leader_card/STT04-001': np.float64(1.0), 'environment/azk_step_deckbuild/leader_card/STT04-001': np.float64(1.0), 'environment/deckbuild_gatecard/STT04-002/game': np.float64(1.0), 'environment/azk_step_deckbuild_gatecard/STT04-002/game': np.float64(1.0), 'environment/deckbuild_gatecard/STT04-002/avg_cost': np.float64(2.8066666666666666), 'environment/azk_step_deckbuild_gatecard/STT04-002/avg_cost': np.float64(2.8066666666666666), 'environment/deckbuild_gatecard/STT04-002/main_unique': np.float64(38.333333333333336), 'environment/azk_step_deckbuild_gatecard/STT04-002/main_unique': np.float64(38.333333333333336), 'environment/deckbuild_gatecard/STT04-002/copy_entropy_norm': np.float64(0.9832850999698995), 'environment/azk_step_deckbuild_gatecard/STT04-002/copy_entropy_norm': np.float64(0.9832850999698995), 'environment/deckbuild_gatecard/STT04-002/gate_element_share': np.float64(0.45999999999999996), 'environment/azk_step_deckbuild_gatecard/STT04-002/gate_element_share': np.float64(0.45999999999999996), 'environment/deckbuild_gatecard/STT04-002/type_share/ENTITY': np.float64(0.7799999999999999), 'environment/azk_step_deckbuild_gatecard/STT04-002/type_share/ENTITY': np.float64(0.7799999999999999), 'environment/deckbuild_gatecard/STT04-002/type_share/SPELL': np.float64(0.18000000000000002), 'environment/azk_step_deckbuild_gatecard/STT04-002/type_share/SPELL': np.float64(0.18000000000000002), 'environment/deckbuild_gatecard/STT04-002/type_share/WEAPON': np.float64(0.04), 'environment/azk_step_deckbuild_gatecard/STT04-002/type_share/WEAPON': np.float64(0.04), 'environment/deckbuild_gatecard/STT04-002/cost_share/0_1': np.float64(0.26666666666666666), 'environment/azk_step_deckbuild_gatecard/STT04-002/cost_share/0_1': np.float64(0.26666666666666666), 'environment/deckbuild_gatecard/STT04-002/cost_share/2_3': np.float64(0.4000000000000001), 'environment/azk_step_deckbuild_gatecard/STT04-002/cost_share/2_3': np.float64(0.4000000000000001), 'environment/deckbuild_gatecard/STT04-002/cost_share/4_5': np.float64(0.3), 'environment/azk_step_deckbuild_gatecard/STT04-002/cost_share/4_5': np.float64(0.3), 'environment/deckbuild_gatecard/STT04-002/cost_share/6_plus': np.float64(0.03333333333333333), 'environment/azk_step_deckbuild_gatecard/STT04-002/cost_share/6_plus': np.float64(0.03333333333333333), 'environment/deckbuild_gatecard/STT04-002/leader/STT04-001': np.float64(1.0), 'environment/azk_step_deckbuild_gatecard/STT04-002/leader/STT04-001': np.float64(1.0), 'environment/deckbuild_result/gate/FIRE/game': np.float64(1.0), 'environment/deckbuild_result/gate/FIRE/win': np.float64(0.25), 'environment/deckbuild_result/gate_pair/FIRE_vs_WATER/game': np.float64(1.0), 'environment/deckbuild_result/gate_pair/FIRE_vs_WATER/win': np.float64(0.0), 'environment/deckbuild_result/gate_pair_unordered/FIRE_vs_WATER/game': np.float64(1.0), 'environment/deckbuild_result/gate_pair_unordered/FIRE_vs_WATER/win': np.float64(0.5), 'environment/deckbuild_result/gatecard/STT04-002/game': np.float64(1.0), 'environment/deckbuild_result/gatecard/STT04-002/win': np.float64(0.0), 'environment/deckbuild_result/gatecard/STT04-002/attack_rate': np.float64(0.18665464967489243), 'environment/deckbuild_result/gatecard/STT04-002/spell_rate': np.float64(0.05090995940069357), 'environment/deckbuild_result/gatecard/STT04-002/weapon_rate': np.float64(0.005128205132981141), 'environment/deckbuild_result/gatecard/STT04-002/portal_rate': np.float64(0.07415338357289632), 'environment/deckbuild_result/gatecard/STT04-002/play_entity_rate': np.float64(0.2929903467496236), 'environment/deckbuild_result/gatecard/STT04-002/noop_rate': np.float64(0.1635053406159083), 'environment/deckbuild_result/gatecard/STT04-002/episode_length': np.float64(163.66666666666666), 'environment/deckbuild_result/gatecard/STT04-002/leader_health': np.float64(0.0), 'environment/deckbuild_result/gatecard/STT04-002/ability_rate': np.float64(0.0775905263920625), 'environment/deckbuild/leader_card/STT02-001': np.float64(1.0), 'environment/azk_step_deckbuild/leader_card/STT02-001': np.float64(1.0), 'environment/deckbuild_gatecard/STT02-002/leader/STT02-001': np.float64(1.0), 'environment/azk_step_deckbuild_gatecard/STT02-002/leader/STT02-001': np.float64(1.0), 'environment/deckbuild_result/gate_pair/WATER_vs_FIRE/game': np.float64(1.0), 'environment/deckbuild_result/gate_pair/WATER_vs_FIRE/win': np.float64(1.0), 'environment/deckbuild_result/gate_pair/WATER_vs_WATER/game': np.float64(1.0), 'environment/deckbuild_result/gate_pair/WATER_vs_WATER/win': np.float64(0.5), 'environment/deckbuild_result/gate_pair_unordered/WATER_vs_WATER/game': np.float64(1.0), 'environment/deckbuild_result/gate_pair_unordered/WATER_vs_WATER/win': np.float64(0.5), 'environment/deckbuild_gatecard/AZK01-126/game': np.float64(1.0), 'environment/azk_step_deckbuild_gatecard/AZK01-126/game': np.float64(1.0), 'environment/deckbuild_gatecard/AZK01-126/avg_cost': np.float64(2.8150000000000004), 'environment/azk_step_deckbuild_gatecard/AZK01-126/avg_cost': np.float64(2.8150000000000004), 'environment/deckbuild_gatecard/AZK01-126/main_unique': np.float64(36.65909090909091), 'environment/azk_step_deckbuild_gatecard/AZK01-126/main_unique': np.float64(36.65909090909091), 'environment/deckbuild_gatecard/AZK01-126/copy_entropy_norm': np.float64(0.9761658957712214), 'environment/azk_step_deckbuild_gatecard/AZK01-126/copy_entropy_norm': np.float64(0.9761658957712214), 'environment/deckbuild_gatecard/AZK01-126/gate_element_share': np.float64(0.38818181818181824), 'environment/azk_step_deckbuild_gatecard/AZK01-126/gate_element_share': np.float64(0.38818181818181824), 'environment/deckbuild_gatecard/AZK01-126/type_share/ENTITY': np.float64(0.7149999999999999), 'environment/azk_step_deckbuild_gatecard/AZK01-126/type_share/ENTITY': np.float64(0.7149999999999999), 'environment/deckbuild_gatecard/AZK01-126/type_share/SPELL': np.float64(0.23545454545454544), 'environment/azk_step_deckbuild_gatecard/AZK01-126/type_share/SPELL': np.float64(0.23545454545454544), 'environment/deckbuild_gatecard/AZK01-126/type_share/WEAPON': np.float64(0.04954545454545455), 'environment/azk_step_deckbuild_gatecard/AZK01-126/type_share/WEAPON': np.float64(0.04954545454545455), 'environment/deckbuild_gatecard/AZK01-126/cost_share/0_1': np.float64(0.26363636363636367), 'environment/azk_step_deckbuild_gatecard/AZK01-126/cost_share/0_1': np.float64(0.26363636363636367), 'environment/deckbuild_gatecard/AZK01-126/cost_share/2_3': np.float64(0.4563636363636364), 'environment/azk_step_deckbuild_gatecard/AZK01-126/cost_share/2_3': np.float64(0.4563636363636364), 'environment/deckbuild_gatecard/AZK01-126/cost_share/4_5': np.float64(0.19863636363636364), 'environment/azk_step_deckbuild_gatecard/AZK01-126/cost_share/4_5': np.float64(0.19863636363636364), 'environment/deckbuild_gatecard/AZK01-126/cost_share/6_plus': np.float64(0.08136363636363639), 'environment/azk_step_deckbuild_gatecard/AZK01-126/cost_share/6_plus': np.float64(0.08136363636363639), 'environment/deckbuild_gatecard/AZK01-126/leader/AZK01-125': np.float64(1.0), 'environment/azk_step_deckbuild_gatecard/AZK01-126/leader/AZK01-125': np.float64(1.0), 'environment/deckbuild_result/gatecard/AZK01-126/game': np.float64(1.0), 'environment/deckbuild_result/gatecard/AZK01-126/win': np.float64(0.3409090909090909), 'environment/deckbuild_result/gatecard/AZK01-126/attack_rate': np.float64(0.16990438442338596), 'environment/deckbuild_result/gatecard/AZK01-126/spell_rate': np.float64(0.05971990299241787), 'environment/deckbuild_result/gatecard/AZK01-126/weapon_rate': np.float64(0.00698895386250859), 'environment/deckbuild_result/gatecard/AZK01-126/portal_rate': np.float64(0.07833672839809548), 'environment/deckbuild_result/gatecard/AZK01-126/play_entity_rate': np.float64(0.3003566177053885), 'environment/deckbuild_result/gatecard/AZK01-126/noop_rate': np.float64(0.1978679746389389), 'environment/deckbuild_result/gatecard/AZK01-126/episode_length': np.float64(162.1818181818182), 'environment/deckbuild_result/gatecard/AZK01-126/leader_health': np.float64(0.13522727516564456), 'environment/deckbuild_result/gatecard/AZK01-126/ability_rate': np.float64(0.04710480246946893), 'environment/deckbuild_result/gate_pair/WATER_vs_LIGHTNING/game': np.float64(1.0), 'environment/deckbuild_result/gate_pair/WATER_vs_LIGHTNING/win': np.float64(0.3333333333333333), 'environment/deckbuild_result/gate_pair_unordered/LIGHTNING_vs_WATER/game': np.float64(1.0), 'environment/deckbuild_result/gate_pair_unordered/LIGHTNING_vs_WATER/win': np.float64(0.5), 'environment/deckbuild/leader_card/STT01-001': np.float64(1.0), 'environment/azk_step_deckbuild/leader_card/STT01-001': np.float64(1.0), 'environment/deckbuild_gatecard/STT01-002/game': np.float64(1.0), 'environment/azk_step_deckbuild_gatecard/STT01-002/game': np.float64(1.0), 'environment/deckbuild_gatecard/STT01-002/avg_cost': np.float64(2.908888888888889), 'environment/azk_step_deckbuild_gatecard/STT01-002/avg_cost': np.float64(2.908888888888889), 'environment/deckbuild_gatecard/STT01-002/main_unique': np.float64(37.111111111111114), 'environment/azk_step_deckbuild_gatecard/STT01-002/main_unique': np.float64(37.111111111111114), 'environment/deckbuild_gatecard/STT01-002/copy_entropy_norm': np.float64(0.9775983256050458), 'environment/azk_step_deckbuild_gatecard/STT01-002/copy_entropy_norm': np.float64(0.9775983256050458), 'environment/deckbuild_gatecard/STT01-002/gate_element_share': np.float64(0.37666666666666665), 'environment/azk_step_deckbuild_gatecard/STT01-002/gate_element_share': np.float64(0.37666666666666665), 'environment/deckbuild_gatecard/STT01-002/type_share/ENTITY': np.float64(0.7211111111111111), 'environment/azk_step_deckbuild_gatecard/STT01-002/type_share/ENTITY': np.float64(0.7211111111111111), 'environment/deckbuild_gatecard/STT01-002/type_share/SPELL': np.float64(0.15777777777777777), 'environment/azk_step_deckbuild_gatecard/STT01-002/type_share/SPELL': np.float64(0.15777777777777777), 'environment/deckbuild_gatecard/STT01-002/type_share/WEAPON': np.float64(0.12111111111111111), 'environment/azk_step_deckbuild_gatecard/STT01-002/type_share/WEAPON': np.float64(0.12111111111111111), 'environment/deckbuild_gatecard/STT01-002/cost_share/0_1': np.float64(0.20444444444444448), 'environment/azk_step_deckbuild_gatecard/STT01-002/cost_share/0_1': np.float64(0.20444444444444448), 'environment/deckbuild_gatecard/STT01-002/cost_share/2_3': np.float64(0.4488888888888889), 'environment/azk_step_deckbuild_gatecard/STT01-002/cost_share/2_3': np.float64(0.4488888888888889), 'environment/deckbuild_gatecard/STT01-002/cost_share/4_5': np.float64(0.31333333333333335), 'environment/azk_step_deckbuild_gatecard/STT01-002/cost_share/4_5': np.float64(0.31333333333333335), 'environment/deckbuild_gatecard/STT01-002/cost_share/6_plus': np.float64(0.03333333333333333), 'environment/azk_step_deckbuild_gatecard/STT01-002/cost_share/6_plus': np.float64(0.03333333333333333), 'environment/deckbuild_gatecard/STT01-002/leader/STT01-001': np.float64(1.0), 'environment/azk_step_deckbuild_gatecard/STT01-002/leader/STT01-001': np.float64(1.0), 'environment/deckbuild_result/gate/LIGHTNING/game': np.float64(1.0), 'environment/deckbuild_result/gate/LIGHTNING/win': np.float64(0.5666666666666667), 'environment/deckbuild_result/gate_pair/LIGHTNING_vs_WATER/game': np.float64(1.0), 'environment/deckbuild_result/gate_pair/LIGHTNING_vs_WATER/win': np.float64(0.6666666666666666), 'environment/deckbuild_result/gatecard/STT01-002/game': np.float64(1.0), 'environment/deckbuild_result/gatecard/STT01-002/win': np.float64(0.6111111111111112), 'environment/deckbuild_result/gatecard/STT01-002/attack_rate': np.float64(0.20833179934157264), 'environment/deckbuild_result/gatecard/STT01-002/spell_rate': np.float64(0.03468211543642812), 'environment/deckbuild_result/gatecard/STT01-002/weapon_rate': np.float64(0.02821420081373718), 'environment/deckbuild_result/gatecard/STT01-002/portal_rate': np.float64(0.09566327556967735), 'environment/deckbuild_result/gatecard/STT01-002/play_entity_rate': np.float64(0.3469479762845569), 'environment/deckbuild_result/gatecard/STT01-002/noop_rate': np.float64(0.21114665435420144), 'environment/deckbuild_result/gatecard/STT01-002/episode_length': np.float64(164.33333333333334), 'environment/deckbuild_result/gatecard/STT01-002/leader_health': np.float64(0.18888888590865666), 'environment/deckbuild_result/gatecard/STT01-002/ability_rate': np.float64(0.021978054454343185), 'environment/deckbuild/leader_card/AZK01-119': np.float64(1.0), 'environment/azk_step_deckbuild/leader_card/AZK01-119': np.float64(1.0), 'environment/deckbuild_gatecard/STT01-002/leader/AZK01-119': np.float64(1.0), 'environment/azk_step_deckbuild_gatecard/STT01-002/leader/AZK01-119': np.float64(1.0), 'environment/deckbuild_result/gate_pair/LIGHTNING_vs_EARTH/game': np.float64(1.0), 'environment/deckbuild_result/gate_pair/LIGHTNING_vs_EARTH/win': np.float64(0.0), 'environment/deckbuild_result/gate_pair_unordered/EARTH_vs_LIGHTNING/game': np.float64(1.0), 'environment/deckbuild_result/gate_pair_unordered/EARTH_vs_LIGHTNING/win': np.float64(0.5), 'environment/deckbuild_result/gate_pair/EARTH_vs_LIGHTNING/game': np.float64(1.0), 'environment/deckbuild_result/gate_pair/EARTH_vs_LIGHTNING/win': np.float64(1.0), 'environment/deckbuild_gatecard/AZK01-126/leader/STT02-001': np.float64(1.0), 'environment/azk_step_deckbuild_gatecard/AZK01-126/leader/STT02-001': np.float64(1.0), 'environment/deckbuild_gatecard/AZK01-120/game': np.float64(1.0), 'environment/azk_step_deckbuild_gatecard/AZK01-120/game': np.float64(1.0), 'environment/deckbuild_gatecard/AZK01-120/avg_cost': np.float64(2.648888888888889), 'environment/azk_step_deckbuild_gatecard/AZK01-120/avg_cost': np.float64(2.648888888888889), 'environment/deckbuild_gatecard/AZK01-120/main_unique': np.float64(36.55555555555556), 'environment/azk_step_deckbuild_gatecard/AZK01-120/main_unique': np.float64(36.55555555555556), 'environment/deckbuild_gatecard/AZK01-120/copy_entropy_norm': np.float64(0.9760606339453278), 'environment/azk_step_deckbuild_gatecard/AZK01-120/copy_entropy_norm': np.float64(0.9760606339453278), 'environment/deckbuild_gatecard/AZK01-120/gate_element_share': np.float64(0.43777777777777777), 'environment/azk_step_deckbuild_gatecard/AZK01-120/gate_element_share': np.float64(0.43777777777777777), 'environment/deckbuild_gatecard/AZK01-120/type_share/ENTITY': np.float64(0.6611111111111111), 'environment/azk_step_deckbuild_gatecard/AZK01-120/type_share/ENTITY': np.float64(0.6611111111111111), 'environment/deckbuild_gatecard/AZK01-120/type_share/SPELL': np.float64(0.18444444444444444), 'environment/azk_step_deckbuild_gatecard/AZK01-120/type_share/SPELL': np.float64(0.18444444444444444), 'environment/deckbuild_gatecard/AZK01-120/type_share/WEAPON': np.float64(0.15444444444444447), 'environment/azk_step_deckbuild_gatecard/AZK01-120/type_share/WEAPON': np.float64(0.15444444444444447), 'environment/deckbuild_gatecard/AZK01-120/cost_share/0_1': np.float64(0.2922222222222222), 'environment/azk_step_deckbuild_gatecard/AZK01-120/cost_share/0_1': np.float64(0.2922222222222222), 'environment/deckbuild_gatecard/AZK01-120/cost_share/2_3': np.float64(0.44), 'environment/azk_step_deckbuild_gatecard/AZK01-120/cost_share/2_3': np.float64(0.44), 'environment/deckbuild_gatecard/AZK01-120/cost_share/4_5': np.float64(0.23111111111111113), 'environment/azk_step_deckbuild_gatecard/AZK01-120/cost_share/4_5': np.float64(0.23111111111111113), 'environment/deckbuild_gatecard/AZK01-120/cost_share/6_plus': np.float64(0.03666666666666667), 'environment/azk_step_deckbuild_gatecard/AZK01-120/cost_share/6_plus': np.float64(0.03666666666666667), 'environment/deckbuild_gatecard/AZK01-120/leader/STT01-001': np.float64(1.0), 'environment/azk_step_deckbuild_gatecard/AZK01-120/leader/STT01-001': np.float64(1.0), 'environment/deckbuild_result/gatecard/AZK01-120/game': np.float64(1.0), 'environment/deckbuild_result/gatecard/AZK01-120/win': np.float64(0.5), 'environment/deckbuild_result/gatecard/AZK01-120/attack_rate': np.float64(0.2121555395424366), 'environment/deckbuild_result/gatecard/AZK01-120/spell_rate': np.float64(0.036944912643068366), 'environment/deckbuild_result/gatecard/AZK01-120/weapon_rate': np.float64(0.045971431510729924), 'environment/deckbuild_result/gatecard/AZK01-120/portal_rate': np.float64(0.10808859227432145), 'environment/deckbuild_result/gatecard/AZK01-120/play_entity_rate': np.float64(0.3815670957167943), 'environment/deckbuild_result/gatecard/AZK01-120/noop_rate': np.float64(0.2063005343079567), 'environment/deckbuild_result/gatecard/AZK01-120/episode_length': np.float64(162.66666666666666), 'environment/deckbuild_result/gatecard/AZK01-120/leader_health': np.float64(0.16111110916568172), 'environment/deckbuild_result/gatecard/AZK01-120/ability_rate': np.float64(0.01935595791372988), 'environment/deckbuild_result/gate_pair/LIGHTNING_vs_LIGHTNING/game': np.float64(1.0), 'environment/deckbuild_result/gate_pair/LIGHTNING_vs_LIGHTNING/win': np.float64(0.5), 'environment/deckbuild_result/gate_pair_unordered/LIGHTNING_vs_LIGHTNING/game': np.float64(1.0), 'environment/deckbuild_result/gate_pair_unordered/LIGHTNING_vs_LIGHTNING/win': np.float64(0.5), 'environment/deckbuild_gatecard/AZK01-120/leader/AZK01-119': np.float64(1.0), 'environment/azk_step_deckbuild_gatecard/AZK01-120/leader/AZK01-119': np.float64(1.0), 'environment/deckbuild_result/gate_pair/EARTH_vs_FIRE/game': np.float64(1.0), 'environment/deckbuild_result/gate_pair/EARTH_vs_FIRE/win': np.float64(0.0), 'environment/deckbuild_result/gate_pair_unordered/EARTH_vs_FIRE/game': np.float64(1.0), 'environment/deckbuild_result/gate_pair_unordered/EARTH_vs_FIRE/win': np.float64(0.5), 'environment/deckbuild_gatecard/AZK01-122/game': np.float64(1.0), 'environment/azk_step_deckbuild_gatecard/AZK01-122/game': np.float64(1.0), 'environment/deckbuild_gatecard/AZK01-122/avg_cost': np.float64(2.64), 'environment/azk_step_deckbuild_gatecard/AZK01-122/avg_cost': np.float64(2.64), 'environment/deckbuild_gatecard/AZK01-122/main_unique': np.float64(32.0), 'environment/azk_step_deckbuild_gatecard/AZK01-122/main_unique': np.float64(32.0), 'environment/deckbuild_gatecard/AZK01-122/copy_entropy_norm': np.float64(0.9726930379203294), 'environment/azk_step_deckbuild_gatecard/AZK01-122/copy_entropy_norm': np.float64(0.9726930379203294), 'environment/deckbuild_gatecard/AZK01-122/gate_element_share': np.float64(0.44), 'environment/azk_step_deckbuild_gatecard/AZK01-122/gate_element_share': np.float64(0.44), 'environment/deckbuild_gatecard/AZK01-122/type_share/ENTITY': np.float64(0.88), 'environment/azk_step_deckbuild_gatecard/AZK01-122/type_share/ENTITY': np.float64(0.88), 'environment/deckbuild_gatecard/AZK01-122/type_share/SPELL': np.float64(0.08), 'environment/azk_step_deckbuild_gatecard/AZK01-122/type_share/SPELL': np.float64(0.08), 'environment/deckbuild_gatecard/AZK01-122/type_share/WEAPON': np.float64(0.04), 'environment/azk_step_deckbuild_gatecard/AZK01-122/type_share/WEAPON': np.float64(0.04), 'environment/deckbuild_gatecard/AZK01-122/cost_share/0_1': np.float64(0.28), 'environment/azk_step_deckbuild_gatecard/AZK01-122/cost_share/0_1': np.float64(0.28), 'environment/deckbuild_gatecard/AZK01-122/cost_share/2_3': np.float64(0.44), 'environment/azk_step_deckbuild_gatecard/AZK01-122/cost_share/2_3': np.float64(0.44), 'environment/deckbuild_gatecard/AZK01-122/cost_share/4_5': np.float64(0.26), 'environment/azk_step_deckbuild_gatecard/AZK01-122/cost_share/4_5': np.float64(0.26), 'environment/deckbuild_gatecard/AZK01-122/cost_share/6_plus': np.float64(0.02), 'environment/azk_step_deckbuild_gatecard/AZK01-122/cost_share/6_plus': np.float64(0.02), 'environment/deckbuild_gatecard/AZK01-122/leader/STT04-001': np.float64(1.0), 'environment/azk_step_deckbuild_gatecard/AZK01-122/leader/STT04-001': np.float64(1.0), 'environment/deckbuild_result/gate_pair/FIRE_vs_EARTH/game': np.float64(1.0), 'environment/deckbuild_result/gate_pair/FIRE_vs_EARTH/win': np.float64(1.0), 'environment/deckbuild_result/gatecard/AZK01-122/game': np.float64(1.0), 'environment/deckbuild_result/gatecard/AZK01-122/win': np.float64(1.0), 'environment/deckbuild_result/gatecard/AZK01-122/attack_rate': np.float64(0.20000000298023224), 'environment/deckbuild_result/gatecard/AZK01-122/spell_rate': np.float64(0.0), 'environment/deckbuild_result/gatecard/AZK01-122/weapon_rate': np.float64(0.010526316240429878), 'environment/deckbuild_result/gatecard/AZK01-122/portal_rate': np.float64(0.0736842155456543), 'environment/deckbuild_result/gatecard/AZK01-122/play_entity_rate': np.float64(0.23157896101474762), 'environment/deckbuild_result/gatecard/AZK01-122/noop_rate': np.float64(0.13684211671352386), 'environment/deckbuild_result/gatecard/AZK01-122/episode_length': np.float64(162.0), 'environment/deckbuild_result/gatecard/AZK01-122/leader_health': np.float64(0.10000000149011612), 'environment/deckbuild_result/gatecard/AZK01-122/ability_rate': np.float64(0.13684211671352386), 'environment/deckbuild_result/gate_pair/FIRE_vs_LIGHTNING/game': np.float64(1.0), 'environment/deckbuild_result/gate_pair/FIRE_vs_LIGHTNING/win': np.float64(0.0), 'environment/deckbuild_result/gate_pair_unordered/FIRE_vs_LIGHTNING/game': np.float64(1.0), 'environment/deckbuild_result/gate_pair_unordered/FIRE_vs_LIGHTNING/win': np.float64(0.5), 'environment/deckbuild_result/gate_pair/LIGHTNING_vs_FIRE/game': np.float64(1.0), 'environment/deckbuild_result/gate_pair/LIGHTNING_vs_FIRE/win': np.float64(1.0), 'losses/policy_loss': 0.010870471596717834, 'losses/value_loss': 0.11094437539577484, 'losses/value_loss_total': 0.11094437539577484, 'losses/entropy': 1.041102647781372, 'losses/old_approx_kl': -1.4416355043067597e-05, 'losses/approx_kl': 1.459193299524486e-06, 'losses/clipfrac': 0.0, 'losses/importance': 1.0000159740447998, 'losses/win_prob_aux_loss': 0.69140625, 'losses/win_prob_aux_labeled_frac': 0.259765625, 'losses/explained_variance': 0.04507941007614136, 'losses/win_prob_aux_accuracy': 0.7109375, 'losses/win_prob_aux_brier': 0.25, 'losses/win_prob_aux_pred_mean': 0.5, 'losses/win_prob_aux_target_mean': 0.51171875, 'performance/eval': 24.996742010116577, 'performance/train': 23.879146575927734, 'performance/eval_forward': 24.36668872833252, 'performance/env': 0.08632302284240723, 'performance/eval_copy': 0.47095537185668945, 'performance/eval_misc': 0.07263898849487305, 'performance/train_forward': 4.9101316928863525, 'performance/learn_backward': 9.25944209098816, 'performance/learn_opt': 9.55502986907959, 'performance/train_copy': 0.007497072219848633, 'performance/train_misc': 0.14691829681396484}
[0;0H╭──────────────────────────────────────────────────────────────────────────────╮
│  PufferLib 4.0   🐡             CPU:     GPU: 0.0%  DRAM: 3.0%   VRAM: 0.0%  │
│                                152.5%                                        │
│                                                                              │
│  Summary          Value    Evaluate     24s  51%    Losses            Value  │
│  Env        azuki_local      Forwa…     24s  49%    policy_loss       0.012  │
│  Params           90.2M      Env         0s   0%    value_loss        0.037  │
│  Steps           276.5K      Copy        0s   1%    value_loss_to…    0.037  │
│  SPS               4.7K      Misc        0s   0%    entropy           1.471  │
│  Epoch               18    Train        23s  48%    old_approx_kl     0.000  │
│  Uptime          3m 11s      Forwa…      4s  10%    approx_kl         0.000  │
│  Remaini…            6s      Backw…      9s  18%    clipfrac          0.000  │
│                              Optim…      9s  19%    importance        1.000  │
│                              Copy        0s   0%    win_prob_aux_…    0.691  │
│                              Misc        0s   0%    win_prob_aux_…    0.090  │
│                                                     explained_var…    0.033  │
│                                                     win_prob_aux_…    0.676  │
│                                                     win_prob_aux_…    0.246  │
│                                                     win_prob_aux_…    0.496  │
│                                                     win_prob_aux_…    0.500  │
│                                                                              │
│  User Stats                    Value    User Stats                    Value  │
│  league/active                 1.000    sampler/subaction_tem…        1.200  │
│  sampler/smoothing_eps         0.050    anneal/ent_coef               0.003  │
│  perf                          0.000    score                         0.000  │
│  episode_return                1.731    episode_length              176.609  │
│  p0_episode_return             1.731    p1_episode_return            -1.731  │
│  p0_winrate                    0.652    p1_winrate                    0.348  │
│  p0_start_rate                 0.543    p1_start_rate                 0.457  │
│  draw_rate                     0.000    timeout_truncation_ra…        0.000  │
│  auto_tick_truncation_…        0.000    zero_legal_action_tru…        0.000  │
│  gameover_terminal_rate        1.000    winner_terminal_rate          1.000  │
│  curriculum_episode_cap        0.000    reward_shaping_scale          1.000  │
│  completed_episodes            1.000    p0_noop_selected_rate         0.209  │
│  p1_noop_selected_rate         0.211    p0_attack_selected_ra…        0.208  │
│  p1_attack_selected_ra…        0.188    p0_attach_weapon_from…        0.013  │
│  p1_attach_weapon_from…        0.016    p0_play_spell_from_ha…        0.040  │
╰──────────────────────────────────────────────────────────────────────────────╯

[epoch 18] {'SPS': 4657.787517815224, 'agent_steps': 276480, 'uptime': 191.4221224784851, 'epoch': 18, 'learning_rate': 7.341522555726975e-05, 'environment/league/active': np.float64(1.0), 'environment/sampler/subaction_temperature': np.float64(1.2), 'environment/sampler/smoothing_eps': np.float64(0.05), 'environment/anneal/ent_coef': np.float64(0.003333333333333333), 'environment/perf': np.float64(0.0), 'environment/score': np.float64(0.0), 'environment/episode_return': np.float64(1.7305338071740193), 'environment/episode_length': np.float64(176.6086956521739), 'environment/p0_episode_return': np.float64(1.7305338071740193), 'environment/p1_episode_return': np.float64(-1.7305338071740193), 'environment/p0_winrate': np.float64(0.6521739130434783), 'environment/p1_winrate': np.float64(0.34782608695652173), 'environment/p0_start_rate': np.float64(0.5434782608695652), 'environment/p1_start_rate': np.float64(0.45652173913043476), 'environment/draw_rate': np.float64(0.0), 'environment/timeout_truncation_rate': np.float64(0.0), 'environment/auto_tick_truncation_rate': np.float64(0.0), 'environment/zero_legal_action_truncation_rate': np.float64(0.0), 'environment/gameover_terminal_rate': np.float64(1.0), 'environment/winner_terminal_rate': np.float64(1.0), 'environment/curriculum_episode_cap': np.float64(0.0), 'environment/reward_shaping_scale': np.float64(1.0), 'environment/completed_episodes': np.float64(1.0), 'environment/p0_noop_selected_rate': np.float64(0.2089768356603125), 'environment/p1_noop_selected_rate': np.float64(0.21113747876623404), 'environment/p0_attack_selected_rate': np.float64(0.20829610073048135), 'environment/p1_attack_selected_rate': np.float64(0.18820166749798733), 'environment/p0_attach_weapon_from_hand_selected_rate': np.float64(0.013415248619149561), 'environment/p1_attach_weapon_from_hand_selected_rate': np.float64(0.01558569219449292), 'environment/p0_play_spell_from_hand_selected_rate': np.float64(0.04036155735830898), 'environment/p1_play_spell_from_hand_selected_rate': np.float64(0.04148426376607107), 'environment/p0_activate_garden_or_leader_ability_selected_rate': np.float64(0.055987271642231426), 'environment/p1_activate_garden_or_leader_ability_selected_rate': np.float64(0.05528668265627778), 'environment/p0_activate_alley_ability_selected_rate': np.float64(0.0028937305121318154), 'environment/p1_activate_alley_ability_selected_rate': np.float64(0.0013924410728656728), 'environment/p0_gate_portal_selected_rate': np.float64(0.08569106135679327), 'environment/p1_gate_portal_selected_rate': np.float64(0.08847850674520367), 'environment/p0_play_entity_to_alley_selected_rate': np.float64(0.10097147977870444), 'environment/p1_play_entity_to_alley_selected_rate': np.float64(0.10362442242710487), 'environment/p0_play_entity_to_garden_selected_rate': np.float64(0.06867056914969631), 'environment/p1_play_entity_to_garden_selected_rate': np.float64(0.06662195475529069), 'environment/p0_play_selected_rate': np.float64(0.3091099158577297), 'environment/p1_play_selected_rate': np.float64(0.3157948411029318), 'environment/p0_ability_selected_rate': np.float64(0.07800161223048749), 'environment/p1_ability_selected_rate': np.float64(0.07498900762394718), 'environment/p0_target_selected_rate': np.float64(0.1920570306803869), 'environment/p1_target_selected_rate': np.float64(0.20940951193156448), 'environment/p0_avg_leader_health': np.float64(0.27608695836818736), 'environment/p1_avg_leader_health': np.float64(0.12826086839903955), 'environment/p0_entity_damage_dealt': np.float64(0.0), 'environment/p1_entity_damage_dealt': np.float64(0.0), 'environment/p0_entity_damage_taken': np.float64(0.0), 'environment/p1_entity_damage_taken': np.float64(0.0), 'environment/p0_generated_ikz_created': np.float64(0.0), 'environment/p1_generated_ikz_created': np.float64(0.0), 'environment/p0_generated_ikz_converted': np.float64(0.0), 'environment/p1_generated_ikz_converted': np.float64(0.0), 'environment/p0_generated_ikz_conversion_rate': np.float64(0.0), 'environment/p1_generated_ikz_conversion_rate': np.float64(0.0), 'environment/p0_temporary_charge_realized': np.float64(0.0), 'environment/p1_temporary_charge_realized': np.float64(0.0), 'environment/p0_temporary_attack_damage_realized': np.float64(0.0), 'environment/p1_temporary_attack_damage_realized': np.float64(0.0), 'environment/p0_contextual_response_reserve_opportunities': np.float64(0.0), 'environment/p1_contextual_response_reserve_opportunities': np.float64(0.0), 'environment/n': np.float64(1.0434782608695652), 'environment/deckbuild/completed': np.float64(1.0), 'environment/azk_step_deckbuild/completed': np.float64(1.0), 'environment/deckbuild/picks': np.float64(51.0), 'environment/azk_step_deckbuild/picks': np.float64(51.0), 'environment/deckbuild/main_count': np.float64(50.0), 'environment/azk_step_deckbuild/main_count': np.float64(50.0), 'environment/deckbuild/main_unique': np.float64(37.54347826086956), 'environment/azk_step_deckbuild/main_unique': np.float64(37.54347826086956), 'environment/deckbuild/main_unique_share': np.float64(0.7508695652173912), 'environment/azk_step_deckbuild/main_unique_share': np.float64(0.7508695652173912), 'environment/deckbuild/main_avg_copies_per_unique': np.float64(1.3367254310890366), 'environment/azk_step_deckbuild/main_avg_copies_per_unique': np.float64(1.3367254310890366), 'environment/deckbuild/main_max_copy_count': np.float64(3.152173913043478), 'environment/azk_step_deckbuild/main_max_copy_count': np.float64(3.152173913043478), 'environment/deckbuild/main_copy_entropy': np.float64(3.5416032421648564), 'environment/azk_step_deckbuild/main_copy_entropy': np.float64(3.5416032421648564), 'environment/deckbuild/main_copy_entropy_norm': np.float64(0.9772968552282543), 'environment/azk_step_deckbuild/main_copy_entropy_norm': np.float64(0.9772968552282543), 'environment/deckbuild/main_singleton_count': np.float64(27.304347826086957), 'environment/azk_step_deckbuild/main_singleton_count': np.float64(27.304347826086957), 'environment/deckbuild/main_pair_count': np.float64(8.293478260869565), 'environment/azk_step_deckbuild/main_pair_count': np.float64(8.293478260869565), 'environment/deckbuild/main_triplet_count': np.float64(1.673913043478261), 'environment/azk_step_deckbuild/main_triplet_count': np.float64(1.673913043478261), 'environment/deckbuild/main_quad_count': np.float64(0.2717391304347826), 'environment/azk_step_deckbuild/main_quad_count': np.float64(0.2717391304347826), 'environment/deckbuild/main_singleton_slot_share': np.float64(0.5460869565217391), 'environment/azk_step_deckbuild/main_singleton_slot_share': np.float64(0.5460869565217391), 'environment/deckbuild/main_pair_slot_share': np.float64(0.33173913043478265), 'environment/azk_step_deckbuild/main_pair_slot_share': np.float64(0.33173913043478265), 'environment/deckbuild/main_triplet_slot_share': np.float64(0.10043478260869565), 'environment/azk_step_deckbuild/main_triplet_slot_share': np.float64(0.10043478260869565), 'environment/deckbuild/main_quad_slot_share': np.float64(0.021739130434782605), 'environment/azk_step_deckbuild/main_quad_slot_share': np.float64(0.021739130434782605), 'environment/deckbuild/main_normal_share': np.float64(0.5906521739130435), 'environment/azk_step_deckbuild/main_normal_share': np.float64(0.5906521739130435), 'environment/deckbuild/main_gate_element_share': np.float64(0.4093478260869566), 'environment/azk_step_deckbuild/main_gate_element_share': np.float64(0.4093478260869566), 'environment/deckbuild/gate_match': np.float64(0.45652173913043476), 'environment/azk_step_deckbuild/gate_match': np.float64(0.45652173913043476), 'environment/deckbuild/gate/EARTH': np.float64(0.5), 'environment/azk_step_deckbuild/gate/EARTH': np.float64(0.5), 'environment/deckbuild/opponent_gate/EARTH': np.float64(0.5), 'environment/azk_step_deckbuild/opponent_gate/EARTH': np.float64(0.5), 'environment/deckbuild/leader/EARTH': np.float64(0.5), 'environment/azk_step_deckbuild/leader/EARTH': np.float64(0.5), 'environment/deckbuild/gate/FIRE': np.float64(0.010869565217391304), 'environment/azk_step_deckbuild/gate/FIRE': np.float64(0.010869565217391304), 'environment/deckbuild/opponent_gate/FIRE': np.float64(0.010869565217391304), 'environment/azk_step_deckbuild/opponent_gate/FIRE': np.float64(0.010869565217391304), 'environment/deckbuild/leader/FIRE': np.float64(0.010869565217391304), 'environment/azk_step_deckbuild/leader/FIRE': np.float64(0.010869565217391304), 'environment/deckbuild/gate/LIGHTNING': np.float64(0.17391304347826086), 'environment/azk_step_deckbuild/gate/LIGHTNING': np.float64(0.17391304347826086), 'environment/deckbuild/opponent_gate/LIGHTNING': np.float64(0.17391304347826086), 'environment/azk_step_deckbuild/opponent_gate/LIGHTNING': np.float64(0.17391304347826086), 'environment/deckbuild/leader/LIGHTNING': np.float64(0.17391304347826086), 'environment/azk_step_deckbuild/leader/LIGHTNING': np.float64(0.17391304347826086), 'environment/deckbuild/gate/WATER': np.float64(0.31521739130434784), 'environment/azk_step_deckbuild/gate/WATER': np.float64(0.31521739130434784), 'environment/deckbuild/opponent_gate/WATER': np.float64(0.31521739130434784), 'environment/azk_step_deckbuild/opponent_gate/WATER': np.float64(0.31521739130434784), 'environment/deckbuild/leader/WATER': np.float64(0.31521739130434784), 'environment/azk_step_deckbuild/leader/WATER': np.float64(0.31521739130434784), 'environment/deckbuild/main_type_count/ENTITY': np.float64(36.17391304347826), 'environment/azk_step_deckbuild/main_type_count/ENTITY': np.float64(36.17391304347826), 'environment/deckbuild/main_type_share/ENTITY': np.float64(0.7234782608695652), 'environment/azk_step_deckbuild/main_type_share/ENTITY': np.float64(0.7234782608695652), 'environment/deckbuild/main_type_count/SPELL': np.float64(10.16304347826087), 'environment/azk_step_deckbuild/main_type_count/SPELL': np.float64(10.16304347826087), 'environment/deckbuild/main_type_share/SPELL': np.float64(0.2032608695652174), 'environment/azk_step_deckbuild/main_type_share/SPELL': np.float64(0.2032608695652174), 'environment/deckbuild/main_type_count/WEAPON': np.float64(3.6630434782608696), 'environment/azk_step_deckbuild/main_type_count/WEAPON': np.float64(3.6630434782608696), 'environment/deckbuild/main_type_share/WEAPON': np.float64(0.0732608695652174), 'environment/azk_step_deckbuild/main_type_share/WEAPON': np.float64(0.0732608695652174), 'environment/deckbuild/main_element_count/EARTH': np.float64(10.652173913043478), 'environment/azk_step_deckbuild/main_element_count/EARTH': np.float64(10.652173913043478), 'environment/deckbuild/main_element_share/EARTH': np.float64(0.21304347826086958), 'environment/azk_step_deckbuild/main_element_share/EARTH': np.float64(0.21304347826086958), 'environment/deckbuild/main_element_count/FIRE': np.float64(0.2826086956521739), 'environment/azk_step_deckbuild/main_element_count/FIRE': np.float64(0.2826086956521739), 'environment/deckbuild/main_element_share/FIRE': np.float64(0.005652173913043478), 'environment/azk_step_deckbuild/main_element_share/FIRE': np.float64(0.005652173913043478), 'environment/deckbuild/main_element_count/LIGHTNING': np.float64(2.891304347826087), 'environment/azk_step_deckbuild/main_element_count/LIGHTNING': np.float64(2.891304347826087), 'environment/deckbuild/main_element_share/LIGHTNING': np.float64(0.057826086956521736), 'environment/azk_step_deckbuild/main_element_share/LIGHTNING': np.float64(0.057826086956521736), 'environment/deckbuild/main_element_count/NORMAL': np.float64(29.532608695652176), 'environment/azk_step_deckbuild/main_element_count/NORMAL': np.float64(29.532608695652176), 'environment/deckbuild/main_element_share/NORMAL': np.float64(0.5906521739130435), 'environment/azk_step_deckbuild/main_element_share/NORMAL': np.float64(0.5906521739130435), 'environment/deckbuild/main_element_count/WATER': np.float64(6.641304347826087), 'environment/azk_step_deckbuild/main_element_count/WATER': np.float64(6.641304347826087), 'environment/deckbuild/main_element_share/WATER': np.float64(0.13282608695652173), 'environment/azk_step_deckbuild/main_element_share/WATER': np.float64(0.13282608695652173), 'environment/deckbuild/main_avg_cost': np.float64(2.9036956521739135), 'environment/azk_step_deckbuild/main_avg_cost': np.float64(2.9036956521739135), 'environment/deckbuild/main_cost_share/0_1': np.float64(0.2630434782608696), 'environment/azk_step_deckbuild/main_cost_share/0_1': np.float64(0.2630434782608696), 'environment/deckbuild/main_cost_share/2_3': np.float64(0.40956521739130436), 'environment/azk_step_deckbuild/main_cost_share/2_3': np.float64(0.40956521739130436), 'environment/deckbuild/main_cost_share/4_5': np.float64(0.24326086956521742), 'environment/azk_step_deckbuild/main_cost_share/4_5': np.float64(0.24326086956521742), 'environment/deckbuild/main_cost_share/6_plus': np.float64(0.0841304347826087), 'environment/azk_step_deckbuild/main_cost_share/6_plus': np.float64(0.0841304347826087), 'environment/deckbuild/leader_card/STT01-001': np.float64(1.0), 'environment/azk_step_deckbuild/leader_card/STT01-001': np.float64(1.0), 'environment/deckbuild_gatecard/STT01-002/game': np.float64(1.0), 'environment/azk_step_deckbuild_gatecard/STT01-002/game': np.float64(1.0), 'environment/deckbuild_gatecard/STT01-002/avg_cost': np.float64(2.8679999999999994), 'environment/azk_step_deckbuild_gatecard/STT01-002/avg_cost': np.float64(2.8679999999999994), 'environment/deckbuild_gatecard/STT01-002/main_unique': np.float64(35.8), 'environment/azk_step_deckbuild_gatecard/STT01-002/main_unique': np.float64(35.8), 'environment/deckbuild_gatecard/STT01-002/copy_entropy_norm': np.float64(0.9749055724006613), 'environment/azk_step_deckbuild_gatecard/STT01-002/copy_entropy_norm': np.float64(0.9749055724006613), 'environment/deckbuild_gatecard/STT01-002/gate_element_share': np.float64(0.364), 'environment/azk_step_deckbuild_gatecard/STT01-002/gate_element_share': np.float64(0.364), 'environment/deckbuild_gatecard/STT01-002/type_share/ENTITY': np.float64(0.736), 'environment/azk_step_deckbuild_gatecard/STT01-002/type_share/ENTITY': np.float64(0.736), 'environment/deckbuild_gatecard/STT01-002/type_share/SPELL': np.float64(0.164), 'environment/azk_step_deckbuild_gatecard/STT01-002/type_share/SPELL': np.float64(0.164), 'environment/deckbuild_gatecard/STT01-002/type_share/WEAPON': np.float64(0.1), 'environment/azk_step_deckbuild_gatecard/STT01-002/type_share/WEAPON': np.float64(0.1), 'environment/deckbuild_gatecard/STT01-002/cost_share/0_1': np.float64(0.23200000000000004), 'environment/azk_step_deckbuild_gatecard/STT01-002/cost_share/0_1': np.float64(0.23200000000000004), 'environment/deckbuild_gatecard/STT01-002/cost_share/2_3': np.float64(0.42400000000000004), 'environment/azk_step_deckbuild_gatecard/STT01-002/cost_share/2_3': np.float64(0.42400000000000004), 'environment/deckbuild_gatecard/STT01-002/cost_share/4_5': np.float64(0.292), 'environment/azk_step_deckbuild_gatecard/STT01-002/cost_share/4_5': np.float64(0.292), 'environment/deckbuild_gatecard/STT01-002/cost_share/6_plus': np.float64(0.052000000000000005), 'environment/azk_step_deckbuild_gatecard/STT01-002/cost_share/6_plus': np.float64(0.052000000000000005), 'environment/deckbuild_gatecard/STT01-002/leader/STT01-001': np.float64(1.0), 'environment/azk_step_deckbuild_gatecard/STT01-002/leader/STT01-001': np.float64(1.0), 'environment/deckbuild_result/game': np.float64(1.0), 'environment/deckbuild_result/win': np.float64(0.5), 'environment/deckbuild_result/gate_match': np.float64(0.45652173913043476), 'environment/deckbuild_result/gate_match_win_joint': np.float64(0.22826086956521738), 'environment/deckbuild_result/gate_mismatch': np.float64(0.5434782608695652), 'environment/deckbuild_result/gate_mismatch_win_joint': np.float64(0.2717391304347826), 'environment/deckbuild_result/gate/LIGHTNING/game': np.float64(1.0), 'environment/deckbuild_result/gate/LIGHTNING/win': np.float64(0.375), 'environment/deckbuild_result/gate_pair/LIGHTNING_vs_WATER/game': np.float64(1.0), 'environment/deckbuild_result/gate_pair/LIGHTNING_vs_WATER/win': np.float64(0.4), 'environment/deckbuild_result/gate_pair_unordered/LIGHTNING_vs_WATER/game': np.float64(1.0), 'environment/deckbuild_result/gate_pair_unordered/LIGHTNING_vs_WATER/win': np.float64(0.5), 'environment/deckbuild_result/gate_mismatch/game': np.float64(1.0), 'environment/deckbuild_result/gate_mismatch/win': np.float64(0.5), 'environment/deckbuild_result/gate_freq/EARTH': np.float64(0.5), 'environment/deckbuild_result/gate_win_joint/EARTH': np.float64(0.30434782608695654), 'environment/deckbuild_result/gate_freq/FIRE': np.float64(0.010869565217391304), 'environment/deckbuild_result/gate_win_joint/FIRE': np.float64(0.010869565217391304), 'environment/deckbuild_result/gate_freq/LIGHTNING': np.float64(0.17391304347826086), 'environment/deckbuild_result/gate_win_joint/LIGHTNING': np.float64(0.06521739130434782), 'environment/deckbuild_result/gate_freq/WATER': np.float64(0.31521739130434784), 'environment/deckbuild_result/gate_win_joint/WATER': np.float64(0.11956521739130435), 'environment/deckbuild_result/gate_pair_freq/EARTH_vs_EARTH': np.float64(0.34782608695652173), 'environment/deckbuild_result/gate_pair_win_joint/EARTH_vs_EARTH': np.float64(0.17391304347826086), 'environment/deckbuild_result/gate_pair_freq/EARTH_vs_FIRE': np.float64(0.0), 'environment/deckbuild_result/gate_pair_win_joint/EARTH_vs_FIRE': np.float64(0.0), 'environment/deckbuild_result/gate_pair_freq/EARTH_vs_LIGHTNING': np.float64(0.06521739130434782), 'environment/deckbuild_result/gate_pair_win_joint/EARTH_vs_LIGHTNING': np.float64(0.043478260869565216), 'environment/deckbuild_result/gate_pair_freq/EARTH_vs_WATER': np.float64(0.08695652173913043), 'environment/deckbuild_result/gate_pair_win_joint/EARTH_vs_WATER': np.float64(0.08695652173913043), 'environment/deckbuild_result/gate_pair_freq/FIRE_vs_EARTH': np.float64(0.0), 'environment/deckbuild_result/gate_pair_win_joint/FIRE_vs_EARTH': np.float64(0.0), 'environment/deckbuild_result/gate_pair_freq/FIRE_vs_FIRE': np.float64(0.0), 'environment/deckbuild_result/gate_pair_win_joint/FIRE_vs_FIRE': np.float64(0.0), 'environment/deckbuild_result/gate_pair_freq/FIRE_vs_LIGHTNING': np.float64(0.0), 'environment/deckbuild_result/gate_pair_win_joint/FIRE_vs_LIGHTNING': np.float64(0.0), 'environment/deckbuild_result/gate_pair_freq/FIRE_vs_WATER': np.float64(0.010869565217391304), 'environment/deckbuild_result/gate_pair_win_joint/FIRE_vs_WATER': np.float64(0.010869565217391304), 'environment/deckbuild_result/gate_pair_freq/LIGHTNING_vs_EARTH': np.float64(0.06521739130434782), 'environment/deckbuild_result/gate_pair_win_joint/LIGHTNING_vs_EARTH': np.float64(0.021739130434782608), 'environment/deckbuild_result/gate_pair_freq/LIGHTNING_vs_FIRE': np.float64(0.0), 'environment/deckbuild_result/gate_pair_win_joint/LIGHTNING_vs_FIRE': np.float64(0.0), 'environment/deckbuild_result/gate_pair_freq/LIGHTNING_vs_LIGHTNING': np.float64(0.0), 'environment/deckbuild_result/gate_pair_win_joint/LIGHTNING_vs_LIGHTNING': np.float64(0.0), 'environment/deckbuild_result/gate_pair_freq/LIGHTNING_vs_WATER': np.float64(0.10869565217391304), 'environment/deckbuild_result/gate_pair_win_joint/LIGHTNING_vs_WATER': np.float64(0.043478260869565216), 'environment/deckbuild_result/gate_pair_freq/WATER_vs_EARTH': np.float64(0.08695652173913043), 'environment/deckbuild_result/gate_pair_win_joint/WATER_vs_EARTH': np.float64(0.0), 'environment/deckbuild_result/gate_pair_freq/WATER_vs_FIRE': np.float64(0.010869565217391304), 'environment/deckbuild_result/gate_pair_win_joint/WATER_vs_FIRE': np.float64(0.0), 'environment/deckbuild_result/gate_pair_freq/WATER_vs_LIGHTNING': np.float64(0.10869565217391304), 'environment/deckbuild_result/gate_pair_win_joint/WATER_vs_LIGHTNING': np.float64(0.06521739130434782), 'environment/deckbuild_result/gate_pair_freq/WATER_vs_WATER': np.float64(0.10869565217391304), 'environment/deckbuild_result/gate_pair_win_joint/WATER_vs_WATER': np.float64(0.05434782608695652), 'environment/deckbuild_result/gate_pair_unordered_freq/EARTH_vs_EARTH': np.float64(0.34782608695652173), 'environment/deckbuild_result/gate_pair_unordered_win_joint/EARTH_vs_EARTH': np.float64(0.17391304347826086), 'environment/deckbuild_result/gate_pair_unordered_freq/EARTH_vs_FIRE': np.float64(0.0), 'environment/deckbuild_result/gate_pair_unordered_win_joint/EARTH_vs_FIRE': np.float64(0.0), 'environment/deckbuild_result/gate_pair_unordered_freq/EARTH_vs_LIGHTNING': np.float64(0.13043478260869565), 'environment/deckbuild_result/gate_pair_unordered_win_joint/EARTH_vs_LIGHTNING': np.float64(0.06521739130434782), 'environment/deckbuild_result/gate_pair_unordered_freq/EARTH_vs_WATER': np.float64(0.17391304347826086), 'environment/deckbuild_result/gate_pair_unordered_win_joint/EARTH_vs_WATER': np.float64(0.08695652173913043), 'environment/deckbuild_result/gate_pair_unordered_freq/FIRE_vs_FIRE': np.float64(0.0), 'environment/deckbuild_result/gate_pair_unordered_win_joint/FIRE_vs_FIRE': np.float64(0.0), 'environment/deckbuild_result/gate_pair_unordered_freq/FIRE_vs_LIGHTNING': np.float64(0.0), 'environment/deckbuild_result/gate_pair_unordered_win_joint/FIRE_vs_LIGHTNING': np.float64(0.0), 'environment/deckbuild_result/gate_pair_unordered_freq/FIRE_vs_WATER': np.float64(0.021739130434782608), 'environment/deckbuild_result/gate_pair_unordered_win_joint/FIRE_vs_WATER': np.float64(0.010869565217391304), 'environment/deckbuild_result/gate_pair_unordered_freq/LIGHTNING_vs_LIGHTNING': np.float64(0.0), 'environment/deckbuild_result/gate_pair_unordered_win_joint/LIGHTNING_vs_LIGHTNING': np.float64(0.0), 'environment/deckbuild_result/gate_pair_unordered_freq/LIGHTNING_vs_WATER': np.float64(0.21739130434782608), 'environment/deckbuild_result/gate_pair_unordered_win_joint/LIGHTNING_vs_WATER': np.float64(0.10869565217391304), 'environment/deckbuild_result/gate_pair_unordered_freq/WATER_vs_WATER': np.float64(0.10869565217391304), 'environment/deckbuild_result/gate_pair_unordered_win_joint/WATER_vs_WATER': np.float64(0.05434782608695652), 'environment/deckbuild_result/gatecard/STT01-002/game': np.float64(1.0), 'environment/deckbuild_result/gatecard/STT01-002/win': np.float64(0.6), 'environment/deckbuild_result/gatecard/STT01-002/attack_rate': np.float64(0.22322308421134948), 'environment/deckbuild_result/gatecard/STT01-002/spell_rate': np.float64(0.027883763983845712), 'environment/deckbuild_result/gatecard/STT01-002/weapon_rate': np.float64(0.021284077689051627), 'environment/deckbuild_result/gatecard/STT01-002/portal_rate': np.float64(0.10286803245544433), 'environment/deckbuild_result/gatecard/STT01-002/play_entity_rate': np.float64(0.3471030414104462), 'environment/deckbuild_result/gatecard/STT01-002/noop_rate': np.float64(0.21432523429393768), 'environment/deckbuild_result/gatecard/STT01-002/episode_length': np.float64(173.2), 'environment/deckbuild_result/gatecard/STT01-002/leader_health': np.float64(0.180000002682209), 'environment/deckbuild_result/gatecard/STT01-002/ability_rate': np.float64(0.019713828898966314), 'environment/deckbuild/leader_card/STT02-001': np.float64(1.0), 'environment/azk_step_deckbuild/leader_card/STT02-001': np.float64(1.0), 'environment/deckbuild_gatecard/AZK01-126/game': np.float64(1.0), 'environment/azk_step_deckbuild_gatecard/AZK01-126/game': np.float64(1.0), 'environment/deckbuild_gatecard/AZK01-126/avg_cost': np.float64(2.8137499999999998), 'environment/azk_step_deckbuild_gatecard/AZK01-126/avg_cost': np.float64(2.8137499999999998), 'environment/deckbuild_gatecard/AZK01-126/main_unique': np.float64(37.1875), 'environment/azk_step_deckbuild_gatecard/AZK01-126/main_unique': np.float64(37.1875), 'environment/deckbuild_gatecard/AZK01-126/copy_entropy_norm': np.float64(0.9755997144831583), 'environment/azk_step_deckbuild_gatecard/AZK01-126/copy_entropy_norm': np.float64(0.9755997144831583), 'environment/deckbuild_gatecard/AZK01-126/gate_element_share': np.float64(0.44499999999999995), 'environment/azk_step_deckbuild_gatecard/AZK01-126/gate_element_share': np.float64(0.44499999999999995), 'environment/deckbuild_gatecard/AZK01-126/type_share/ENTITY': np.float64(0.6937500000000001), 'environment/azk_step_deckbuild_gatecard/AZK01-126/type_share/ENTITY': np.float64(0.6937500000000001), 'environment/deckbuild_gatecard/AZK01-126/type_share/SPELL': np.float64(0.2475), 'environment/azk_step_deckbuild_gatecard/AZK01-126/type_share/SPELL': np.float64(0.2475), 'environment/deckbuild_gatecard/AZK01-126/type_share/WEAPON': np.float64(0.058750000000000004), 'environment/azk_step_deckbuild_gatecard/AZK01-126/type_share/WEAPON': np.float64(0.058750000000000004), 'environment/deckbuild_gatecard/AZK01-126/cost_share/0_1': np.float64(0.3025), 'environment/azk_step_deckbuild_gatecard/AZK01-126/cost_share/0_1': np.float64(0.3025), 'environment/deckbuild_gatecard/AZK01-126/cost_share/2_3': np.float64(0.385), 'environment/azk_step_deckbuild_gatecard/AZK01-126/cost_share/2_3': np.float64(0.385), 'environment/deckbuild_gatecard/AZK01-126/cost_share/4_5': np.float64(0.23375), 'environment/azk_step_deckbuild_gatecard/AZK01-126/cost_share/4_5': np.float64(0.23375), 'environment/deckbuild_gatecard/AZK01-126/cost_share/6_plus': np.float64(0.07875), 'environment/azk_step_deckbuild_gatecard/AZK01-126/cost_share/6_plus': np.float64(0.07875), 'environment/deckbuild_gatecard/AZK01-126/leader/STT02-001': np.float64(1.0), 'environment/azk_step_deckbuild_gatecard/AZK01-126/leader/STT02-001': np.float64(1.0), 'environment/deckbuild_result/gate/WATER/game': np.float64(1.0), 'environment/deckbuild_result/gate/WATER/win': np.float64(0.36111111111111116), 'environment/deckbuild_result/gate_pair/WATER_vs_LIGHTNING/game': np.float64(1.0), 'environment/deckbuild_result/gate_pair/WATER_vs_LIGHTNING/win': np.float64(0.6), 'environment/deckbuild_result/gatecard/AZK01-126/game': np.float64(1.0), 'environment/deckbuild_result/gatecard/AZK01-126/win': np.float64(0.375), 'environment/deckbuild_result/gatecard/AZK01-126/attack_rate': np.float64(0.17081887554377317), 'environment/deckbuild_result/gatecard/AZK01-126/spell_rate': np.float64(0.06380041223019361), 'environment/deckbuild_result/gatecard/AZK01-126/weapon_rate': np.float64(0.008549882681109011), 'environment/deckbuild_result/gatecard/AZK01-126/portal_rate': np.float64(0.07967899879440665), 'environment/deckbuild_result/gatecard/AZK01-126/play_entity_rate': np.float64(0.3135376740247011), 'environment/deckbuild_result/gatecard/AZK01-126/noop_rate': np.float64(0.18254130985587835), 'environment/deckbuild_result/gatecard/AZK01-126/episode_length': np.float64(173.0), 'environment/deckbuild_result/gatecard/AZK01-126/leader_health': np.float64(0.1875000037252903), 'environment/deckbuild_result/gatecard/AZK01-126/ability_rate': np.float64(0.0625501899048686), 'environment/ref_seat_rate': np.float64(0.0), 'environment/deckbuild_gatecard/STT02-002/game': np.float64(1.0), 'environment/azk_step_deckbuild_gatecard/STT02-002/game': np.float64(1.0), 'environment/deckbuild_gatecard/STT02-002/avg_cost': np.float64(2.626666666666667), 'environment/azk_step_deckbuild_gatecard/STT02-002/avg_cost': np.float64(2.626666666666667), 'environment/deckbuild_gatecard/STT02-002/main_unique': np.float64(37.416666666666664), 'environment/azk_step_deckbuild_gatecard/STT02-002/main_unique': np.float64(37.416666666666664), 'environment/deckbuild_gatecard/STT02-002/copy_entropy_norm': np.float64(0.9801124088926847), 'environment/azk_step_deckbuild_gatecard/STT02-002/copy_entropy_norm': np.float64(0.9801124088926847), 'environment/deckbuild_gatecard/STT02-002/gate_element_share': np.float64(0.38166666666666665), 'environment/azk_step_deckbuild_gatecard/STT02-002/gate_element_share': np.float64(0.38166666666666665), 'environment/deckbuild_gatecard/STT02-002/type_share/ENTITY': np.float64(0.7233333333333333), 'environment/azk_step_deckbuild_gatecard/STT02-002/type_share/ENTITY': np.float64(0.7233333333333333), 'environment/deckbuild_gatecard/STT02-002/type_share/SPELL': np.float64(0.21499999999999997), 'environment/azk_step_deckbuild_gatecard/STT02-002/type_share/SPELL': np.float64(0.21499999999999997), 'environment/deckbuild_gatecard/STT02-002/type_share/WEAPON': np.float64(0.06166666666666667), 'environment/azk_step_deckbuild_gatecard/STT02-002/type_share/WEAPON': np.float64(0.06166666666666667), 'environment/deckbuild_gatecard/STT02-002/cost_share/0_1': np.float64(0.3116666666666667), 'environment/azk_step_deckbuild_gatecard/STT02-002/cost_share/0_1': np.float64(0.3116666666666667), 'environment/deckbuild_gatecard/STT02-002/cost_share/2_3': np.float64(0.43999999999999995), 'environment/azk_step_deckbuild_gatecard/STT02-002/cost_share/2_3': np.float64(0.43999999999999995), 'environment/deckbuild_gatecard/STT02-002/cost_share/4_5': np.float64(0.17500000000000002), 'environment/azk_step_deckbuild_gatecard/STT02-002/cost_share/4_5': np.float64(0.17500000000000002), 'environment/deckbuild_gatecard/STT02-002/cost_share/6_plus': np.float64(0.07333333333333335), 'environment/azk_step_deckbuild_gatecard/STT02-002/cost_share/6_plus': np.float64(0.07333333333333335), 'environment/deckbuild_gatecard/STT02-002/leader/STT02-001': np.float64(1.0), 'environment/azk_step_deckbuild_gatecard/STT02-002/leader/STT02-001': np.float64(1.0), 'environment/deckbuild_result/gatecard/STT02-002/game': np.float64(1.0), 'environment/deckbuild_result/gatecard/STT02-002/win': np.float64(0.4166666666666667), 'environment/deckbuild_result/gatecard/STT02-002/attack_rate': np.float64(0.187558734168609), 'environment/deckbuild_result/gatecard/STT02-002/spell_rate': np.float64(0.03533716111754378), 'environment/deckbuild_result/gatecard/STT02-002/weapon_rate': np.float64(0.012277853675186634), 'environment/deckbuild_result/gatecard/STT02-002/portal_rate': np.float64(0.07417730242013931), 'environment/deckbuild_result/gatecard/STT02-002/play_entity_rate': np.float64(0.2925435888270537), 'environment/deckbuild_result/gatecard/STT02-002/noop_rate': np.float64(0.22105255474646887), 'environment/deckbuild_result/gatecard/STT02-002/episode_length': np.float64(176.16666666666666), 'environment/deckbuild_result/gatecard/STT02-002/leader_health': np.float64(0.154166662444671), 'environment/deckbuild_result/gatecard/STT02-002/ability_rate': np.float64(0.06468805018812418), 'environment/deckbuild/leader_card/AZK01-119': np.float64(1.0), 'environment/azk_step_deckbuild/leader_card/AZK01-119': np.float64(1.0), 'environment/deckbuild_gatecard/STT01-002/leader/AZK01-119': np.float64(1.0), 'environment/azk_step_deckbuild_gatecard/STT01-002/leader/AZK01-119': np.float64(1.0), 'environment/deckbuild/leader_card/AZK01-125': np.float64(1.0), 'environment/azk_step_deckbuild/leader_card/AZK01-125': np.float64(1.0), 'environment/deckbuild_gatecard/AZK01-126/leader/AZK01-125': np.float64(1.0), 'environment/azk_step_deckbuild_gatecard/AZK01-126/leader/AZK01-125': np.float64(1.0), 'environment/deckbuild_result/gate_pair/WATER_vs_WATER/game': np.float64(1.0), 'environment/deckbuild_result/gate_pair/WATER_vs_WATER/win': np.float64(0.5), 'environment/deckbuild_result/gate_pair_unordered/WATER_vs_WATER/game': np.float64(1.0), 'environment/deckbuild_result/gate_pair_unordered/WATER_vs_WATER/win': np.float64(0.5), 'environment/deckbuild_result/gate_match/game': np.float64(1.0), 'environment/deckbuild_result/gate_match/win': np.float64(0.5), 'environment/deckbuild/leader_card/AZK01-123': np.float64(1.0), 'environment/azk_step_deckbuild/leader_card/AZK01-123': np.float64(1.0), 'environment/deckbuild_gatecard/STT03-002/game': np.float64(1.0), 'environment/azk_step_deckbuild_gatecard/STT03-002/game': np.float64(1.0), 'environment/deckbuild_gatecard/STT03-002/avg_cost': np.float64(2.932), 'environment/azk_step_deckbuild_gatecard/STT03-002/avg_cost': np.float64(2.932), 'environment/deckbuild_gatecard/STT03-002/main_unique': np.float64(37.8), 'environment/azk_step_deckbuild_gatecard/STT03-002/main_unique': np.float64(37.8), 'environment/deckbuild_gatecard/STT03-002/copy_entropy_norm': np.float64(0.9779831159988254), 'environment/azk_step_deckbuild_gatecard/STT03-002/copy_entropy_norm': np.float64(0.9779831159988254), 'environment/deckbuild_gatecard/STT03-002/gate_element_share': np.float64(0.392), 'environment/azk_step_deckbuild_gatecard/STT03-002/gate_element_share': np.float64(0.392), 'environment/deckbuild_gatecard/STT03-002/type_share/ENTITY': np.float64(0.72), 'environment/azk_step_deckbuild_gatecard/STT03-002/type_share/ENTITY': np.float64(0.72), 'environment/deckbuild_gatecard/STT03-002/type_share/SPELL': np.float64(0.196), 'environment/azk_step_deckbuild_gatecard/STT03-002/type_share/SPELL': np.float64(0.196), 'environment/deckbuild_gatecard/STT03-002/type_share/WEAPON': np.float64(0.084), 'environment/azk_step_deckbuild_gatecard/STT03-002/type_share/WEAPON': np.float64(0.084), 'environment/deckbuild_gatecard/STT03-002/cost_share/0_1': np.float64(0.26399999999999996), 'environment/azk_step_deckbuild_gatecard/STT03-002/cost_share/0_1': np.float64(0.26399999999999996), 'environment/deckbuild_gatecard/STT03-002/cost_share/2_3': np.float64(0.41200000000000003), 'environment/azk_step_deckbuild_gatecard/STT03-002/cost_share/2_3': np.float64(0.41200000000000003), 'environment/deckbuild_gatecard/STT03-002/cost_share/4_5': np.float64(0.22600000000000003), 'environment/azk_step_deckbuild_gatecard/STT03-002/cost_share/4_5': np.float64(0.22600000000000003), 'environment/deckbuild_gatecard/STT03-002/cost_share/6_plus': np.float64(0.098), 'environment/azk_step_deckbuild_gatecard/STT03-002/cost_share/6_plus': np.float64(0.098), 'environment/deckbuild_gatecard/STT03-002/leader/AZK01-123': np.float64(1.0), 'environment/azk_step_deckbuild_gatecard/STT03-002/leader/AZK01-123': np.float64(1.0), 'environment/deckbuild_result/gate/EARTH/game': np.float64(1.0), 'environment/deckbuild_result/gate/EARTH/win': np.float64(0.6666666666666666), 'environment/deckbuild_result/gate_pair/EARTH_vs_WATER/game': np.float64(1.0), 'environment/deckbuild_result/gate_pair/EARTH_vs_WATER/win': np.float64(1.0), 'environment/deckbuild_result/gate_pair_unordered/EARTH_vs_WATER/game': np.float64(1.0), 'environment/deckbuild_result/gate_pair_unordered/EARTH_vs_WATER/win': np.float64(0.5), 'environment/deckbuild_result/gatecard/STT03-002/game': np.float64(1.0), 'environment/deckbuild_result/gatecard/STT03-002/win': np.float64(0.6), 'environment/deckbuild_result/gatecard/STT03-002/attack_rate': np.float64(0.20061483904719352), 'environment/deckbuild_result/gatecard/STT03-002/spell_rate': np.float64(0.03391074780374766), 'environment/deckbuild_result/gatecard/STT03-002/weapon_rate': np.float64(0.01891638319939375), 'environment/deckbuild_result/gatecard/STT03-002/portal_rate': np.float64(0.08625434562563897), 'environment/deckbuild_result/gatecard/STT03-002/play_entity_rate': np.float64(0.2962272256612778), 'environment/deckbuild_result/gatecard/STT03-002/noop_rate': np.float64(0.20735455304384232), 'environment/deckbuild_result/gatecard/STT03-002/episode_length': np.float64(179.1), 'environment/deckbuild_result/gatecard/STT03-002/leader_health': np.float64(0.25000000223517416), 'environment/deckbuild_result/gatecard/STT03-002/ability_rate': np.float64(0.07365429513156414), 'environment/deckbuild_result/gate_pair/WATER_vs_EARTH/game': np.float64(1.0), 'environment/deckbuild_result/gate_pair/WATER_vs_EARTH/win': np.float64(0.0), 'environment/deckbuild_gatecard/AZK01-124/game': np.float64(1.0), 'environment/azk_step_deckbuild_gatecard/AZK01-124/game': np.float64(1.0), 'environment/deckbuild_gatecard/AZK01-124/avg_cost': np.float64(3.129230769230769), 'environment/azk_step_deckbuild_gatecard/AZK01-124/avg_cost': np.float64(3.129230769230769), 'environment/deckbuild_gatecard/AZK01-124/main_unique': np.float64(38.23076923076923), 'environment/azk_step_deckbuild_gatecard/AZK01-124/main_unique': np.float64(38.23076923076923), 'environment/deckbuild_gatecard/AZK01-124/copy_entropy_norm': np.float64(0.9777666937958777), 'environment/azk_step_deckbuild_gatecard/AZK01-124/copy_entropy_norm': np.float64(0.9777666937958777), 'environment/deckbuild_gatecard/AZK01-124/gate_element_share': np.float64(0.4523076923076923), 'environment/azk_step_deckbuild_gatecard/AZK01-124/gate_element_share': np.float64(0.4523076923076923), 'environment/deckbuild_gatecard/AZK01-124/type_share/ENTITY': np.float64(0.7369230769230769), 'environment/azk_step_deckbuild_gatecard/AZK01-124/type_share/ENTITY': np.float64(0.7369230769230769), 'environment/deckbuild_gatecard/AZK01-124/type_share/SPELL': np.float64(0.20461538461538467), 'environment/azk_step_deckbuild_gatecard/AZK01-124/type_share/SPELL': np.float64(0.20461538461538467), 'environment/deckbuild_gatecard/AZK01-124/type_share/WEAPON': np.float64(0.05846153846153847), 'environment/azk_step_deckbuild_gatecard/AZK01-124/type_share/WEAPON': np.float64(0.05846153846153847), 'environment/deckbuild_gatecard/AZK01-124/cost_share/0_1': np.float64(0.22923076923076932), 'environment/azk_step_deckbuild_gatecard/AZK01-124/cost_share/0_1': np.float64(0.22923076923076932), 'environment/deckbuild_gatecard/AZK01-124/cost_share/2_3': np.float64(0.39076923076923087), 'environment/azk_step_deckbuild_gatecard/AZK01-124/cost_share/2_3': np.float64(0.39076923076923087), 'environment/deckbuild_gatecard/AZK01-124/cost_share/4_5': np.float64(0.2738461538461538), 'environment/azk_step_deckbuild_gatecard/AZK01-124/cost_share/4_5': np.float64(0.2738461538461538), 'environment/deckbuild_gatecard/AZK01-124/cost_share/6_plus': np.float64(0.10615384615384617), 'environment/azk_step_deckbuild_gatecard/AZK01-124/cost_share/6_plus': np.float64(0.10615384615384617), 'environment/deckbuild_gatecard/AZK01-124/leader/AZK01-123': np.float64(1.0), 'environment/azk_step_deckbuild_gatecard/AZK01-124/leader/AZK01-123': np.float64(1.0), 'environment/deckbuild_result/gatecard/AZK01-124/game': np.float64(1.0), 'environment/deckbuild_result/gatecard/AZK01-124/win': np.float64(0.6153846153846154), 'environment/deckbuild_result/gatecard/AZK01-124/attack_rate': np.float64(0.19508073708185783), 'environment/deckbuild_result/gatecard/AZK01-124/spell_rate': np.float64(0.037343115760729864), 'environment/deckbuild_result/gatecard/AZK01-124/weapon_rate': np.float64(0.01188600013175836), 'environment/deckbuild_result/gatecard/AZK01-124/portal_rate': np.float64(0.08879158588556144), 'environment/deckbuild_result/gatecard/AZK01-124/play_entity_rate': np.float64(0.3106614878544441), 'environment/deckbuild_result/gatecard/AZK01-124/noop_rate': np.float64(0.2234289004252507), 'environment/deckbuild_result/gatecard/AZK01-124/episode_length': np.float64(177.76923076923077), 'environment/deckbuild_result/gatecard/AZK01-124/leader_health': np.float64(0.261538461710398), 'environment/deckbuild_result/gatecard/AZK01-124/ability_rate': np.float64(0.05843414975186953), 'environment/deckbuild_gatecard/AZK01-120/game': np.float64(1.0), 'environment/azk_step_deckbuild_gatecard/AZK01-120/game': np.float64(1.0), 'environment/deckbuild_gatecard/AZK01-120/avg_cost': np.float64(2.733333333333334), 'environment/azk_step_deckbuild_gatecard/AZK01-120/avg_cost': np.float64(2.733333333333334), 'environment/deckbuild_gatecard/AZK01-120/main_unique': np.float64(37.666666666666664), 'environment/azk_step_deckbuild_gatecard/AZK01-120/main_unique': np.float64(37.666666666666664), 'environment/deckbuild_gatecard/AZK01-120/copy_entropy_norm': np.float64(0.9764097227646481), 'environment/azk_step_deckbuild_gatecard/AZK01-120/copy_entropy_norm': np.float64(0.9764097227646481), 'environment/deckbuild_gatecard/AZK01-120/gate_element_share': np.float64(0.28), 'environment/azk_step_deckbuild_gatecard/AZK01-120/gate_element_share': np.float64(0.28), 'environment/deckbuild_gatecard/AZK01-120/type_share/ENTITY': np.float64(0.6933333333333334), 'environment/azk_step_deckbuild_gatecard/AZK01-120/type_share/ENTITY': np.float64(0.6933333333333334), 'environment/deckbuild_gatecard/AZK01-120/type_share/SPELL': np.float64(0.16666666666666666), 'environment/azk_step_deckbuild_gatecard/AZK01-120/type_share/SPELL': np.float64(0.16666666666666666), 'environment/deckbuild_gatecard/AZK01-120/type_share/WEAPON': np.float64(0.14), 'environment/azk_step_deckbuild_gatecard/AZK01-120/type_share/WEAPON': np.float64(0.14), 'environment/deckbuild_gatecard/AZK01-120/cost_share/0_1': np.float64(0.25333333333333335), 'environment/azk_step_deckbuild_gatecard/AZK01-120/cost_share/0_1': np.float64(0.25333333333333335), 'environment/deckbuild_gatecard/AZK01-120/cost_share/2_3': np.float64(0.44), 'environment/azk_step_deckbuild_gatecard/AZK01-120/cost_share/2_3': np.float64(0.44), 'environment/deckbuild_gatecard/AZK01-120/cost_share/4_5': np.float64(0.2733333333333334), 'environment/azk_step_deckbuild_gatecard/AZK01-120/cost_share/4_5': np.float64(0.2733333333333334), 'environment/deckbuild_gatecard/AZK01-120/cost_share/6_plus': np.float64(0.03333333333333333), 'environment/azk_step_deckbuild_gatecard/AZK01-120/cost_share/6_plus': np.float64(0.03333333333333333), 'environment/deckbuild_gatecard/AZK01-120/leader/STT01-001': np.float64(1.0), 'environment/azk_step_deckbuild_gatecard/AZK01-120/leader/STT01-001': np.float64(1.0), 'environment/deckbuild_result/gatecard/AZK01-120/game': np.float64(1.0), 'environment/deckbuild_result/gatecard/AZK01-120/win': np.float64(0.0), 'environment/deckbuild_result/gatecard/AZK01-120/attack_rate': np.float64(0.2624865124622981), 'environment/deckbuild_result/gatecard/AZK01-120/spell_rate': np.float64(0.048915710610648), 'environment/deckbuild_result/gatecard/AZK01-120/weapon_rate': np.float64(0.024629575821260612), 'environment/deckbuild_result/gatecard/AZK01-120/portal_rate': np.float64(0.09783142060041428), 'environment/deckbuild_result/gatecard/AZK01-120/play_entity_rate': np.float64(0.33956432342529297), 'environment/deckbuild_result/gatecard/AZK01-120/noop_rate': np.float64(0.21003826459248862), 'environment/deckbuild_result/gatecard/AZK01-120/episode_length': np.float64(177.66666666666666), 'environment/deckbuild_result/gatecard/AZK01-120/leader_health': np.float64(0.0), 'environment/deckbuild_result/gatecard/AZK01-120/ability_rate': np.float64(0.02953586634248495), 'environment/deckbuild/leader_card/STT03-001': np.float64(1.0), 'environment/azk_step_deckbuild/leader_card/STT03-001': np.float64(1.0), 'environment/deckbuild_gatecard/AZK01-124/leader/STT03-001': np.float64(1.0), 'environment/azk_step_deckbuild_gatecard/AZK01-124/leader/STT03-001': np.float64(1.0), 'environment/deckbuild_result/gate_pair/EARTH_vs_EARTH/game': np.float64(1.0), 'environment/deckbuild_result/gate_pair/EARTH_vs_EARTH/win': np.float64(0.5), 'environment/deckbuild_result/gate_pair_unordered/EARTH_vs_EARTH/game': np.float64(1.0), 'environment/deckbuild_result/gate_pair_unordered/EARTH_vs_EARTH/win': np.float64(0.5), 'environment/deckbuild_result/gate_pair/EARTH_vs_LIGHTNING/game': np.float64(1.0), 'environment/deckbuild_result/gate_pair/EARTH_vs_LIGHTNING/win': np.float64(0.6666666666666666), 'environment/deckbuild_result/gate_pair_unordered/EARTH_vs_LIGHTNING/game': np.float64(1.0), 'environment/deckbuild_result/gate_pair_unordered/EARTH_vs_LIGHTNING/win': np.float64(0.5), 'environment/deckbuild_result/gate_pair/LIGHTNING_vs_EARTH/game': np.float64(1.0), 'environment/deckbuild_result/gate_pair/LIGHTNING_vs_EARTH/win': np.float64(0.3333333333333333), 'environment/deckbuild_gatecard/STT03-002/leader/STT03-001': np.float64(1.0), 'environment/azk_step_deckbuild_gatecard/STT03-002/leader/STT03-001': np.float64(1.0), 'environment/deckbuild_result/gate_pair/WATER_vs_FIRE/game': np.float64(1.0), 'environment/deckbuild_result/gate_pair/WATER_vs_FIRE/win': np.float64(0.0), 'environment/deckbuild_result/gate_pair_unordered/FIRE_vs_WATER/game': np.float64(1.0), 'environment/deckbuild_result/gate_pair_unordered/FIRE_vs_WATER/win': np.float64(0.5), 'environment/deckbuild/leader_card/AZK01-121': np.float64(1.0), 'environment/azk_step_deckbuild/leader_card/AZK01-121': np.float64(1.0), 'environment/deckbuild_gatecard/STT04-002/game': np.float64(1.0), 'environment/azk_step_deckbuild_gatecard/STT04-002/game': np.float64(1.0), 'environment/deckbuild_gatecard/STT04-002/avg_cost': np.float64(3.04), 'environment/azk_step_deckbuild_gatecard/STT04-002/avg_cost': np.float64(3.04), 'environment/deckbuild_gatecard/STT04-002/main_unique': np.float64(41.0), 'environment/azk_step_deckbuild_gatecard/STT04-002/main_unique': np.float64(41.0), 'environment/deckbuild_gatecard/STT04-002/copy_entropy_norm': np.float64(0.9806084355615501), 'environment/azk_step_deckbuild_gatecard/STT04-002/copy_entropy_norm': np.float64(0.9806084355615501), 'environment/deckbuild_gatecard/STT04-002/gate_element_share': np.float64(0.52), 'environment/azk_step_deckbuild_gatecard/STT04-002/gate_element_share': np.float64(0.52), 'environment/deckbuild_gatecard/STT04-002/type_share/ENTITY': np.float64(0.76), 'environment/azk_step_deckbuild_gatecard/STT04-002/type_share/ENTITY': np.float64(0.76), 'environment/deckbuild_gatecard/STT04-002/type_share/SPELL': np.float64(0.18), 'environment/azk_step_deckbuild_gatecard/STT04-002/type_share/SPELL': np.float64(0.18), 'environment/deckbuild_gatecard/STT04-002/type_share/WEAPON': np.float64(0.06), 'environment/azk_step_deckbuild_gatecard/STT04-002/type_share/WEAPON': np.float64(0.06), 'environment/deckbuild_gatecard/STT04-002/cost_share/0_1': np.float64(0.24), 'environment/azk_step_deckbuild_gatecard/STT04-002/cost_share/0_1': np.float64(0.24), 'environment/deckbuild_gatecard/STT04-002/cost_share/2_3': np.float64(0.44), 'environment/azk_step_deckbuild_gatecard/STT04-002/cost_share/2_3': np.float64(0.44), 'environment/deckbuild_gatecard/STT04-002/cost_share/4_5': np.float64(0.22), 'environment/azk_step_deckbuild_gatecard/STT04-002/cost_share/4_5': np.float64(0.22), 'environment/deckbuild_gatecard/STT04-002/cost_share/6_plus': np.float64(0.1), 'environment/azk_step_deckbuild_gatecard/STT04-002/cost_share/6_plus': np.float64(0.1), 'environment/deckbuild_gatecard/STT04-002/leader/AZK01-121': np.float64(1.0), 'environment/azk_step_deckbuild_gatecard/STT04-002/leader/AZK01-121': np.float64(1.0), 'environment/deckbuild_result/gate/FIRE/game': np.float64(1.0), 'environment/deckbuild_result/gate/FIRE/win': np.float64(1.0), 'environment/deckbuild_result/gate_pair/FIRE_vs_WATER/game': np.float64(1.0), 'environment/deckbuild_result/gate_pair/FIRE_vs_WATER/win': np.float64(1.0), 'environment/deckbuild_result/gatecard/STT04-002/game': np.float64(1.0), 'environment/deckbuild_result/gatecard/STT04-002/win': np.float64(1.0), 'environment/deckbuild_result/gatecard/STT04-002/attack_rate': np.float64(0.17283950746059418), 'environment/deckbuild_result/gatecard/STT04-002/spell_rate': np.float64(0.06172839552164078), 'environment/deckbuild_result/gatecard/STT04-002/weapon_rate': np.float64(0.012345679104328156), 'environment/deckbuild_result/gatecard/STT04-002/portal_rate': np.float64(0.07407407462596893), 'environment/deckbuild_result/gatecard/STT04-002/play_entity_rate': np.float64(0.3333333432674408), 'environment/deckbuild_result/gatecard/STT04-002/noop_rate': np.float64(0.1975308656692505), 'environment/deckbuild_result/gatecard/STT04-002/episode_length': np.float64(179.0), 'environment/deckbuild_result/gatecard/STT04-002/leader_health': np.float64(0.44999998807907104), 'environment/deckbuild_result/gatecard/STT04-002/ability_rate': np.float64(0.04938271641731262), 'environment/deckbuild_gatecard/STT02-002/leader/AZK01-125': np.float64(1.0), 'environment/azk_step_deckbuild_gatecard/STT02-002/leader/AZK01-125': np.float64(1.0), 'environment/deckbuild_gatecard/AZK01-120/leader/AZK01-119': np.float64(1.0), 'environment/azk_step_deckbuild_gatecard/AZK01-120/leader/AZK01-119': np.float64(1.0), 'losses/policy_loss': 0.007539626210927963, 'losses/value_loss': 0.09138726443052292, 'losses/value_loss_total': 0.09138726443052292, 'losses/entropy': 1.272254228591919, 'losses/old_approx_kl': -3.4931824757222785e-06, 'losses/approx_kl': 5.775897875537339e-07, 'losses/clipfrac': 0.0, 'losses/importance': 1.0000041723251343, 'losses/win_prob_aux_loss': 0.69140625, 'losses/win_prob_aux_labeled_frac': 0.232421875, 'losses/explained_variance': 0.0451391339302063, 'losses/win_prob_aux_accuracy': 0.65625, 'losses/win_prob_aux_brier': 0.2470703125, 'losses/win_prob_aux_pred_mean': 0.494140625, 'losses/win_prob_aux_target_mean': 0.494140625, 'performance/eval': 24.996742010116577, 'performance/train': 23.879146575927734, 'performance/eval_forward': 24.36668872833252, 'performance/env': 0.08632302284240723, 'performance/eval_copy': 0.47095537185668945, 'performance/eval_misc': 0.07263898849487305, 'performance/train_forward': 4.9101316928863525, 'performance/learn_backward': 9.25944209098816, 'performance/learn_opt': 9.55502986907959, 'performance/train_copy': 0.007497072219848633, 'performance/train_misc': 0.14691829681396484}
[0;0H╭──────────────────────────────────────────────────────────────────────────────╮
│  PufferLib 4.0  🐡              CPU:     GPU: 0.0%  DRAM: 3.0%   VRAM: 0.0%  │
│                                152.0%                                        │
│                                                                              │
│  Summary          Value    Evaluate     24s  51%    Losses            Value  │
│  Env        azuki_local      Forwa…     24s  49%    policy_loss       0.007  │
│  Params           90.2M      Env         0s   0%    value_loss        0.034  │
│  Steps           291.8K      Copy        0s   1%    value_loss_to…    0.034  │
│  SPS               5.2K      Misc        0s   0%    entropy           1.402  │
│  Epoch               19    Train        23s  48%    old_approx_kl    -0.000  │
│  Uptime          3m 14s      Forwa…      4s  10%    approx_kl         0.000  │
│  Remaini…            2s      Backw…      9s  18%    clipfrac          0.000  │
│                              Optim…      9s  19%    importance        1.000  │
│                              Copy        0s   0%    win_prob_aux_…    0.691  │
│                              Misc        0s   0%    win_prob_aux_…    0.059  │
│                                                     explained_var…    0.050  │
│                                                     win_prob_aux_…    0.699  │
│                                                     win_prob_aux_…    0.247  │
│                                                     win_prob_aux_…    0.494  │
│                                                     win_prob_aux_…    0.494  │
│                                                                              │
│  User Stats                    Value    User Stats                    Value  │
│  league/active                 1.000    sampler/subaction_tem…        1.200  │
│  sampler/smoothing_eps         0.050    anneal/ent_coef               0.002  │
│  perf                          0.000    score                         0.000  │
│  episode_return                0.320    episode_length              192.438  │
│  p0_episode_return             0.320    p1_episode_return            -0.320  │
│  p0_winrate                    0.531    p1_winrate                    0.469  │
│  p0_start_rate                 0.469    p1_start_rate                 0.531  │
│  draw_rate                     0.000    timeout_truncation_ra…        0.000  │
│  auto_tick_truncation_…        0.000    zero_legal_action_tru…        0.000  │
│  gameover_terminal_rate        1.000    winner_terminal_rate          1.000  │
│  curriculum_episode_cap        0.000    reward_shaping_scale          1.000  │
│  completed_episodes            1.000    p0_noop_selected_rate         0.207  │
│  p1_noop_selected_rate         0.197    p0_attack_selected_ra…        0.186  │
│  p1_attack_selected_ra…        0.187    p0_attach_weapon_from…        0.017  │
│  p1_attach_weapon_from…        0.014    p0_play_spell_from_ha…        0.048  │
╰──────────────────────────────────────────────────────────────────────────────╯

[epoch 19] {'SPS': 5150.980192021689, 'agent_steps': 291840, 'uptime': 194.41691827774048, 'epoch': 19, 'learning_rate': 1.8467489107293523e-05, 'environment/league/active': np.float64(1.0), 'environment/sampler/subaction_temperature': np.float64(1.2), 'environment/sampler/smoothing_eps': np.float64(0.05), 'environment/anneal/ent_coef': np.float64(0.002), 'environment/perf': np.float64(0.0), 'environment/score': np.float64(0.0), 'environment/episode_return': np.float64(0.3198848366737366), 'environment/episode_length': np.float64(192.4375), 'environment/p0_episode_return': np.float64(0.3198848366737366), 'environment/p1_episode_return': np.float64(-0.3198848366737366), 'environment/p0_winrate': np.float64(0.53125), 'environment/p1_winrate': np.float64(0.46875), 'environment/p0_start_rate': np.float64(0.46875), 'environment/p1_start_rate': np.float64(0.53125), 'environment/draw_rate': np.float64(0.0), 'environment/timeout_truncation_rate': np.float64(0.0), 'environment/auto_tick_truncation_rate': np.float64(0.0), 'environment/zero_legal_action_truncation_rate': np.float64(0.0), 'environment/gameover_terminal_rate': np.float64(1.0), 'environment/winner_terminal_rate': np.float64(1.0), 'environment/curriculum_episode_cap': np.float64(0.0), 'environment/reward_shaping_scale': np.float64(1.0), 'environment/completed_episodes': np.float64(1.0), 'environment/p0_noop_selected_rate': np.float64(0.2068631649017334), 'environment/p1_noop_selected_rate': np.float64(0.19669075589627028), 'environment/p0_attack_selected_rate': np.float64(0.18565113190561533), 'environment/p1_attack_selected_rate': np.float64(0.1870368723757565), 'environment/p0_attach_weapon_from_hand_selected_rate': np.float64(0.01690137360128574), 'environment/p1_attach_weapon_from_hand_selected_rate': np.float64(0.013521623215638101), 'environment/p0_play_spell_from_hand_selected_rate': np.float64(0.04753137193620205), 'environment/p1_play_spell_from_hand_selected_rate': np.float64(0.039344820484984666), 'environment/p0_activate_garden_or_leader_ability_selected_rate': np.float64(0.04755147540709004), 'environment/p1_activate_garden_or_leader_ability_selected_rate': np.float64(0.051968988904263824), 'environment/p0_activate_alley_ability_selected_rate': np.float64(0.004919099388644099), 'environment/p1_activate_alley_ability_selected_rate': np.float64(0.0011945546139031649), 'environment/p0_gate_portal_selected_rate': np.float64(0.09431352466344833), 'environment/p1_gate_portal_selected_rate': np.float64(0.08573275897651911), 'environment/p0_play_entity_to_alley_selected_rate': np.float64(0.10761492047458887), 'environment/p1_play_entity_to_alley_selected_rate': np.float64(0.10147911077365279), 'environment/p0_play_entity_to_garden_selected_rate': np.float64(0.06360299012158066), 'environment/p1_play_entity_to_garden_selected_rate': np.float64(0.06492520368192345), 'environment/p0_play_selected_rate': np.float64(0.32996418327093124), 'environment/p1_play_selected_rate': np.float64(0.3050035163760185), 'environment/p0_ability_selected_rate': np.float64(0.06379302841378376), 'environment/p1_ability_selected_rate': np.float64(0.07432109647197649), 'environment/p0_target_selected_rate': np.float64(0.20822346676141024), 'environment/p1_target_selected_rate': np.float64(0.23630999214947224), 'environment/p0_avg_leader_health': np.float64(0.17187500279396772), 'environment/p1_avg_leader_health': np.float64(0.20781249878928065), 'environment/p0_entity_damage_dealt': np.float64(0.0), 'environment/p1_entity_damage_dealt': np.float64(0.0), 'environment/p0_entity_damage_taken': np.float64(0.0), 'environment/p1_entity_damage_taken': np.float64(0.0), 'environment/p0_generated_ikz_created': np.float64(0.0), 'environment/p1_generated_ikz_created': np.float64(0.0), 'environment/p0_generated_ikz_converted': np.float64(0.0), 'environment/p1_generated_ikz_converted': np.float64(0.0), 'environment/p0_generated_ikz_conversion_rate': np.float64(0.0), 'environment/p1_generated_ikz_conversion_rate': np.float64(0.0), 'environment/p0_temporary_charge_realized': np.float64(0.0), 'environment/p1_temporary_charge_realized': np.float64(0.0), 'environment/p0_temporary_attack_damage_realized': np.float64(0.0), 'environment/p1_temporary_attack_damage_realized': np.float64(0.0), 'environment/p0_contextual_response_reserve_opportunities': np.float64(0.0), 'environment/p1_contextual_response_reserve_opportunities': np.float64(0.0), 'environment/n': np.float64(1.0625), 'environment/deckbuild/completed': np.float64(1.0), 'environment/azk_step_deckbuild/completed': np.float64(1.0), 'environment/deckbuild/picks': np.float64(51.0), 'environment/azk_step_deckbuild/picks': np.float64(51.0), 'environment/deckbuild/main_count': np.float64(50.0), 'environment/azk_step_deckbuild/main_count': np.float64(50.0), 'environment/deckbuild/main_unique': np.float64(36.703125), 'environment/azk_step_deckbuild/main_unique': np.float64(36.703125), 'environment/deckbuild/main_unique_share': np.float64(0.7340625), 'environment/azk_step_deckbuild/main_unique_share': np.float64(0.7340625), 'environment/deckbuild/main_avg_copies_per_unique': np.float64(1.36893541316736), 'environment/azk_step_deckbuild/main_avg_copies_per_unique': np.float64(1.36893541316736), 'environment/deckbuild/main_max_copy_count': np.float64(3.234375), 'environment/azk_step_deckbuild/main_max_copy_count': np.float64(3.234375), 'environment/deckbuild/main_copy_entropy': np.float64(3.5144640021910174), 'environment/azk_step_deckbuild/main_copy_entropy': np.float64(3.5144640021910174), 'environment/deckbuild/main_copy_entropy_norm': np.float64(0.976046337679687), 'environment/azk_step_deckbuild/main_copy_entropy_norm': np.float64(0.976046337679687), 'environment/deckbuild/main_singleton_count': np.float64(25.984375), 'environment/azk_step_deckbuild/main_singleton_count': np.float64(25.984375), 'environment/deckbuild/main_pair_count': np.float64(8.421875), 'environment/azk_step_deckbuild/main_pair_count': np.float64(8.421875), 'environment/deckbuild/main_triplet_count': np.float64(2.015625), 'environment/azk_step_deckbuild/main_triplet_count': np.float64(2.015625), 'environment/deckbuild/main_quad_count': np.float64(0.28125), 'environment/azk_step_deckbuild/main_quad_count': np.float64(0.28125), 'environment/deckbuild/main_singleton_slot_share': np.float64(0.5196875000000001), 'environment/azk_step_deckbuild/main_singleton_slot_share': np.float64(0.5196875000000001), 'environment/deckbuild/main_pair_slot_share': np.float64(0.336875), 'environment/azk_step_deckbuild/main_pair_slot_share': np.float64(0.336875), 'environment/deckbuild/main_triplet_slot_share': np.float64(0.1209375), 'environment/azk_step_deckbuild/main_triplet_slot_share': np.float64(0.1209375), 'environment/deckbuild/main_quad_slot_share': np.float64(0.0225), 'environment/azk_step_deckbuild/main_quad_slot_share': np.float64(0.0225), 'environment/deckbuild/main_normal_share': np.float64(0.606875), 'environment/azk_step_deckbuild/main_normal_share': np.float64(0.606875), 'environment/deckbuild/main_gate_element_share': np.float64(0.39312500000000006), 'environment/azk_step_deckbuild/main_gate_element_share': np.float64(0.39312500000000006), 'environment/deckbuild/gate_match': np.float64(0.625), 'environment/azk_step_deckbuild/gate_match': np.float64(0.625), 'environment/deckbuild/gate/EARTH': np.float64(0.4375), 'environment/azk_step_deckbuild/gate/EARTH': np.float64(0.4375), 'environment/deckbuild/opponent_gate/EARTH': np.float64(0.4375), 'environment/azk_step_deckbuild/opponent_gate/EARTH': np.float64(0.4375), 'environment/deckbuild/leader/EARTH': np.float64(0.4375), 'environment/azk_step_deckbuild/leader/EARTH': np.float64(0.4375), 'environment/deckbuild/gate/FIRE': np.float64(0.0625), 'environment/azk_step_deckbuild/gate/FIRE': np.float64(0.0625), 'environment/deckbuild/opponent_gate/FIRE': np.float64(0.0625), 'environment/azk_step_deckbuild/opponent_gate/FIRE': np.float64(0.0625), 'environment/deckbuild/leader/FIRE': np.float64(0.0625), 'environment/azk_step_deckbuild/leader/FIRE': np.float64(0.0625), 'environment/deckbuild/gate/LIGHTNING': np.float64(0.0625), 'environment/azk_step_deckbuild/gate/LIGHTNING': np.float64(0.0625), 'environment/deckbuild/opponent_gate/LIGHTNING': np.float64(0.0625), 'environment/azk_step_deckbuild/opponent_gate/LIGHTNING': np.float64(0.0625), 'environment/deckbuild/leader/LIGHTNING': np.float64(0.0625), 'environment/azk_step_deckbuild/leader/LIGHTNING': np.float64(0.0625), 'environment/deckbuild/gate/WATER': np.float64(0.4375), 'environment/azk_step_deckbuild/gate/WATER': np.float64(0.4375), 'environment/deckbuild/opponent_gate/WATER': np.float64(0.4375), 'environment/azk_step_deckbuild/opponent_gate/WATER': np.float64(0.4375), 'environment/deckbuild/leader/WATER': np.float64(0.4375), 'environment/azk_step_deckbuild/leader/WATER': np.float64(0.4375), 'environment/deckbuild/main_type_count/ENTITY': np.float64(36.0625), 'environment/azk_step_deckbuild/main_type_count/ENTITY': np.float64(36.0625), 'environment/deckbuild/main_type_share/ENTITY': np.float64(0.72125), 'environment/azk_step_deckbuild/main_type_share/ENTITY': np.float64(0.72125), 'environment/deckbuild/main_type_count/SPELL': np.float64(10.546875), 'environment/azk_step_deckbuild/main_type_count/SPELL': np.float64(10.546875), 'environment/deckbuild/main_type_share/SPELL': np.float64(0.2109375), 'environment/azk_step_deckbuild/main_type_share/SPELL': np.float64(0.2109375), 'environment/deckbuild/main_type_count/WEAPON': np.float64(3.390625), 'environment/azk_step_deckbuild/main_type_count/WEAPON': np.float64(3.390625), 'environment/deckbuild/main_type_share/WEAPON': np.float64(0.0678125), 'environment/azk_step_deckbuild/main_type_share/WEAPON': np.float64(0.0678125), 'environment/deckbuild/main_element_count/EARTH': np.float64(8.875), 'environment/azk_step_deckbuild/main_element_count/EARTH': np.float64(8.875), 'environment/deckbuild/main_element_share/EARTH': np.float64(0.1775), 'environment/azk_step_deckbuild/main_element_share/EARTH': np.float64(0.1775), 'environment/deckbuild/main_element_count/FIRE': np.float64(1.1875), 'environment/azk_step_deckbuild/main_element_count/FIRE': np.float64(1.1875), 'environment/deckbuild/main_element_share/FIRE': np.float64(0.02375), 'environment/azk_step_deckbuild/main_element_share/FIRE': np.float64(0.02375), 'environment/deckbuild/main_element_count/LIGHTNING': np.float64(1.34375), 'environment/azk_step_deckbuild/main_element_count/LIGHTNING': np.float64(1.34375), 'environment/deckbuild/main_element_share/LIGHTNING': np.float64(0.026875), 'environment/azk_step_deckbuild/main_element_share/LIGHTNING': np.float64(0.026875), 'environment/deckbuild/main_element_count/NORMAL': np.float64(30.34375), 'environment/azk_step_deckbuild/main_element_count/NORMAL': np.float64(30.34375), 'environment/deckbuild/main_element_share/NORMAL': np.float64(0.606875), 'environment/azk_step_deckbuild/main_element_share/NORMAL': np.float64(0.606875), 'environment/deckbuild/main_element_count/WATER': np.float64(8.25), 'environment/azk_step_deckbuild/main_element_count/WATER': np.float64(8.25), 'environment/deckbuild/main_element_share/WATER': np.float64(0.165), 'environment/azk_step_deckbuild/main_element_share/WATER': np.float64(0.165), 'environment/deckbuild/main_avg_cost': np.float64(2.9293750000000003), 'environment/azk_step_deckbuild/main_avg_cost': np.float64(2.9293750000000003), 'environment/deckbuild/main_cost_share/0_1': np.float64(0.251875), 'environment/azk_step_deckbuild/main_cost_share/0_1': np.float64(0.251875), 'environment/deckbuild/main_cost_share/2_3': np.float64(0.410625), 'environment/azk_step_deckbuild/main_cost_share/2_3': np.float64(0.410625), 'environment/deckbuild/main_cost_share/4_5': np.float64(0.26093750000000004), 'environment/azk_step_deckbuild/main_cost_share/4_5': np.float64(0.26093750000000004), 'environment/deckbuild/main_cost_share/6_plus': np.float64(0.0765625), 'environment/azk_step_deckbuild/main_cost_share/6_plus': np.float64(0.0765625), 'environment/deckbuild/leader_card/STT03-001': np.float64(1.0), 'environment/azk_step_deckbuild/leader_card/STT03-001': np.float64(1.0), 'environment/deckbuild_gatecard/STT03-002/game': np.float64(1.0), 'environment/azk_step_deckbuild_gatecard/STT03-002/game': np.float64(1.0), 'environment/deckbuild_gatecard/STT03-002/avg_cost': np.float64(3.025714285714286), 'environment/azk_step_deckbuild_gatecard/STT03-002/avg_cost': np.float64(3.025714285714286), 'environment/deckbuild_gatecard/STT03-002/main_unique': np.float64(37.142857142857146), 'environment/azk_step_deckbuild_gatecard/STT03-002/main_unique': np.float64(37.142857142857146), 'environment/deckbuild_gatecard/STT03-002/copy_entropy_norm': np.float64(0.9765475514071265), 'environment/azk_step_deckbuild_gatecard/STT03-002/copy_entropy_norm': np.float64(0.9765475514071265), 'environment/deckbuild_gatecard/STT03-002/gate_element_share': np.float64(0.41999999999999993), 'environment/azk_step_deckbuild_gatecard/STT03-002/gate_element_share': np.float64(0.41999999999999993), 'environment/deckbuild_gatecard/STT03-002/type_share/ENTITY': np.float64(0.7257142857142858), 'environment/azk_step_deckbuild_gatecard/STT03-002/type_share/ENTITY': np.float64(0.7257142857142858), 'environment/deckbuild_gatecard/STT03-002/type_share/SPELL': np.float64(0.2171428571428571), 'environment/azk_step_deckbuild_gatecard/STT03-002/type_share/SPELL': np.float64(0.2171428571428571), 'environment/deckbuild_gatecard/STT03-002/type_share/WEAPON': np.float64(0.05714285714285714), 'environment/azk_step_deckbuild_gatecard/STT03-002/type_share/WEAPON': np.float64(0.05714285714285714), 'environment/deckbuild_gatecard/STT03-002/cost_share/0_1': np.float64(0.26285714285714284), 'environment/azk_step_deckbuild_gatecard/STT03-002/cost_share/0_1': np.float64(0.26285714285714284), 'environment/deckbuild_gatecard/STT03-002/cost_share/2_3': np.float64(0.33714285714285713), 'environment/azk_step_deckbuild_gatecard/STT03-002/cost_share/2_3': np.float64(0.33714285714285713), 'environment/deckbuild_gatecard/STT03-002/cost_share/4_5': np.float64(0.3228571428571429), 'environment/azk_step_deckbuild_gatecard/STT03-002/cost_share/4_5': np.float64(0.3228571428571429), 'environment/deckbuild_gatecard/STT03-002/cost_share/6_plus': np.float64(0.07714285714285715), 'environment/azk_step_deckbuild_gatecard/STT03-002/cost_share/6_plus': np.float64(0.07714285714285715), 'environment/deckbuild_gatecard/STT03-002/leader/STT03-001': np.float64(1.0), 'environment/azk_step_deckbuild_gatecard/STT03-002/leader/STT03-001': np.float64(1.0), 'environment/deckbuild_result/game': np.float64(1.0), 'environment/deckbuild_result/win': np.float64(0.5), 'environment/deckbuild_result/gate_match': np.float64(0.625), 'environment/deckbuild_result/gate_match_win_joint': np.float64(0.3125), 'environment/deckbuild_result/gate_mismatch': np.float64(0.375), 'environment/deckbuild_result/gate_mismatch_win_joint': np.float64(0.1875), 'environment/deckbuild_result/gate/EARTH/game': np.float64(1.0), 'environment/deckbuild_result/gate/EARTH/win': np.float64(0.5), 'environment/deckbuild_result/gate_pair/EARTH_vs_EARTH/game': np.float64(1.0), 'environment/deckbuild_result/gate_pair/EARTH_vs_EARTH/win': np.float64(0.5), 'environment/deckbuild_result/gate_pair_unordered/EARTH_vs_EARTH/game': np.float64(1.0), 'environment/deckbuild_result/gate_pair_unordered/EARTH_vs_EARTH/win': np.float64(0.5), 'environment/deckbuild_result/gate_match/game': np.float64(1.0), 'environment/deckbuild_result/gate_match/win': np.float64(0.5), 'environment/deckbuild_result/gate_freq/EARTH': np.float64(0.4375), 'environment/deckbuild_result/gate_win_joint/EARTH': np.float64(0.21875), 'environment/deckbuild_result/gate_freq/FIRE': np.float64(0.0625), 'environment/deckbuild_result/gate_win_joint/FIRE': np.float64(0.03125), 'environment/deckbuild_result/gate_freq/LIGHTNING': np.float64(0.0625), 'environment/deckbuild_result/gate_win_joint/LIGHTNING': np.float64(0.0625), 'environment/deckbuild_result/gate_freq/WATER': np.float64(0.4375), 'environment/deckbuild_result/gate_win_joint/WATER': np.float64(0.1875), 'environment/deckbuild_result/gate_pair_freq/EARTH_vs_EARTH': np.float64(0.25), 'environment/deckbuild_result/gate_pair_win_joint/EARTH_vs_EARTH': np.float64(0.125), 'environment/deckbuild_result/gate_pair_freq/EARTH_vs_FIRE': np.float64(0.0625), 'environment/deckbuild_result/gate_pair_win_joint/EARTH_vs_FIRE': np.float64(0.03125), 'environment/deckbuild_result/gate_pair_freq/EARTH_vs_LIGHTNING': np.float64(0.0625), 'environment/deckbuild_result/gate_pair_win_joint/EARTH_vs_LIGHTNING': np.float64(0.0), 'environment/deckbuild_result/gate_pair_freq/EARTH_vs_WATER': np.float64(0.0625), 'environment/deckbuild_result/gate_pair_win_joint/EARTH_vs_WATER': np.float64(0.0625), 'environment/deckbuild_result/gate_pair_freq/FIRE_vs_EARTH': np.float64(0.0625), 'environment/deckbuild_result/gate_pair_win_joint/FIRE_vs_EARTH': np.float64(0.03125), 'environment/deckbuild_result/gate_pair_freq/FIRE_vs_FIRE': np.float64(0.0), 'environment/deckbuild_result/gate_pair_win_joint/FIRE_vs_FIRE': np.float64(0.0), 'environment/deckbuild_result/gate_pair_freq/FIRE_vs_LIGHTNING': np.float64(0.0), 'environment/deckbuild_result/gate_pair_win_joint/FIRE_vs_LIGHTNING': np.float64(0.0), 'environment/deckbuild_result/gate_pair_freq/FIRE_vs_WATER': np.float64(0.0), 'environment/deckbuild_result/gate_pair_win_joint/FIRE_vs_WATER': np.float64(0.0), 'environment/deckbuild_result/gate_pair_freq/LIGHTNING_vs_EARTH': np.float64(0.0625), 'environment/deckbuild_result/gate_pair_win_joint/LIGHTNING_vs_EARTH': np.float64(0.0625), 'environment/deckbuild_result/gate_pair_freq/LIGHTNING_vs_FIRE': np.float64(0.0), 'environment/deckbuild_result/gate_pair_win_joint/LIGHTNING_vs_FIRE': np.float64(0.0), 'environment/deckbuild_result/gate_pair_freq/LIGHTNING_vs_LIGHTNING': np.float64(0.0), 'environment/deckbuild_result/gate_pair_win_joint/LIGHTNING_vs_LIGHTNING': np.float64(0.0), 'environment/deckbuild_result/gate_pair_freq/LIGHTNING_vs_WATER': np.float64(0.0), 'environment/deckbuild_result/gate_pair_win_joint/LIGHTNING_vs_WATER': np.float64(0.0), 'environment/deckbuild_result/gate_pair_freq/WATER_vs_EARTH': np.float64(0.0625), 'environment/deckbuild_result/gate_pair_win_joint/WATER_vs_EARTH': np.float64(0.0), 'environment/deckbuild_result/gate_pair_freq/WATER_vs_FIRE': np.float64(0.0), 'environment/deckbuild_result/gate_pair_win_joint/WATER_vs_FIRE': np.float64(0.0), 'environment/deckbuild_result/gate_pair_freq/WATER_vs_LIGHTNING': np.float64(0.0), 'environment/deckbuild_result/gate_pair_win_joint/WATER_vs_LIGHTNING': np.float64(0.0), 'environment/deckbuild_result/gate_pair_freq/WATER_vs_WATER': np.float64(0.375), 'environment/deckbuild_result/gate_pair_win_joint/WATER_vs_WATER': np.float64(0.1875), 'environment/deckbuild_result/gate_pair_unordered_freq/EARTH_vs_EARTH': np.float64(0.25), 'environment/deckbuild_result/gate_pair_unordered_win_joint/EARTH_vs_EARTH': np.float64(0.125), 'environment/deckbuild_result/gate_pair_unordered_freq/EARTH_vs_FIRE': np.float64(0.125), 'environment/deckbuild_result/gate_pair_unordered_win_joint/EARTH_vs_FIRE': np.float64(0.0625), 'environment/deckbuild_result/gate_pair_unordered_freq/EARTH_vs_LIGHTNING': np.float64(0.125), 'environment/deckbuild_result/gate_pair_unordered_win_joint/EARTH_vs_LIGHTNING': np.float64(0.0625), 'environment/deckbuild_result/gate_pair_unordered_freq/EARTH_vs_WATER': np.float64(0.125), 'environment/deckbuild_result/gate_pair_unordered_win_joint/EARTH_vs_WATER': np.float64(0.0625), 'environment/deckbuild_result/gate_pair_unordered_freq/FIRE_vs_FIRE': np.float64(0.0), 'environment/deckbuild_result/gate_pair_unordered_win_joint/FIRE_vs_FIRE': np.float64(0.0), 'environment/deckbuild_result/gate_pair_unordered_freq/FIRE_vs_LIGHTNING': np.float64(0.0), 'environment/deckbuild_result/gate_pair_unordered_win_joint/FIRE_vs_LIGHTNING': np.float64(0.0), 'environment/deckbuild_result/gate_pair_unordered_freq/FIRE_vs_WATER': np.float64(0.0), 'environment/deckbuild_result/gate_pair_unordered_win_joint/FIRE_vs_WATER': np.float64(0.0), 'environment/deckbuild_result/gate_pair_unordered_freq/LIGHTNING_vs_LIGHTNING': np.float64(0.0), 'environment/deckbuild_result/gate_pair_unordered_win_joint/LIGHTNING_vs_LIGHTNING': np.float64(0.0), 'environment/deckbuild_result/gate_pair_unordered_freq/LIGHTNING_vs_WATER': np.float64(0.0), 'environment/deckbuild_result/gate_pair_unordered_win_joint/LIGHTNING_vs_WATER': np.float64(0.0), 'environment/deckbuild_result/gate_pair_unordered_freq/WATER_vs_WATER': np.float64(0.375), 'environment/deckbuild_result/gate_pair_unordered_win_joint/WATER_vs_WATER': np.float64(0.1875), 'environment/deckbuild_result/gatecard/STT03-002/game': np.float64(1.0), 'environment/deckbuild_result/gatecard/STT03-002/win': np.float64(0.42857142857142855), 'environment/deckbuild_result/gatecard/STT03-002/attack_rate': np.float64(0.17199866473674774), 'environment/deckbuild_result/gatecard/STT03-002/spell_rate': np.float64(0.0367595548076289), 'environment/deckbuild_result/gatecard/STT03-002/weapon_rate': np.float64(0.015745029651692936), 'environment/deckbuild_result/gatecard/STT03-002/portal_rate': np.float64(0.08573310502937861), 'environment/deckbuild_result/gatecard/STT03-002/play_entity_rate': np.float64(0.2971687231745039), 'environment/deckbuild_result/gatecard/STT03-002/noop_rate': np.float64(0.22115264194352285), 'environment/deckbuild_result/gatecard/STT03-002/episode_length': np.float64(192.0), 'environment/deckbuild_result/gatecard/STT03-002/leader_health': np.float64(0.17142857078995025), 'environment/deckbuild_result/gatecard/STT03-002/ability_rate': np.float64(0.05701032121266637), 'environment/deckbuild/leader_card/AZK01-123': np.float64(1.0), 'environment/azk_step_deckbuild/leader_card/AZK01-123': np.float64(1.0), 'environment/deckbuild_gatecard/AZK01-124/game': np.float64(1.0), 'environment/azk_step_deckbuild_gatecard/AZK01-124/game': np.float64(1.0), 'environment/deckbuild_gatecard/AZK01-124/avg_cost': np.float64(3.0483333333333333), 'environment/azk_step_deckbuild_gatecard/AZK01-124/avg_cost': np.float64(3.0483333333333333), 'environment/deckbuild_gatecard/AZK01-124/main_unique': np.float64(36.333333333333336), 'environment/azk_step_deckbuild_gatecard/AZK01-124/main_unique': np.float64(36.333333333333336), 'environment/deckbuild_gatecard/AZK01-124/copy_entropy_norm': np.float64(0.9734137612560495), 'environment/azk_step_deckbuild_gatecard/AZK01-124/copy_entropy_norm': np.float64(0.9734137612560495), 'environment/deckbuild_gatecard/AZK01-124/gate_element_share': np.float64(0.405), 'environment/azk_step_deckbuild_gatecard/AZK01-124/gate_element_share': np.float64(0.405), 'environment/deckbuild_gatecard/AZK01-124/type_share/ENTITY': np.float64(0.7883333333333334), 'environment/azk_step_deckbuild_gatecard/AZK01-124/type_share/ENTITY': np.float64(0.7883333333333334), 'environment/deckbuild_gatecard/AZK01-124/type_share/SPELL': np.float64(0.16666666666666666), 'environment/azk_step_deckbuild_gatecard/AZK01-124/type_share/SPELL': np.float64(0.16666666666666666), 'environment/deckbuild_gatecard/AZK01-124/type_share/WEAPON': np.float64(0.045000000000000005), 'environment/azk_step_deckbuild_gatecard/AZK01-124/type_share/WEAPON': np.float64(0.045000000000000005), 'environment/deckbuild_gatecard/AZK01-124/cost_share/0_1': np.float64(0.25333333333333335), 'environment/azk_step_deckbuild_gatecard/AZK01-124/cost_share/0_1': np.float64(0.25333333333333335), 'environment/deckbuild_gatecard/AZK01-124/cost_share/2_3': np.float64(0.4050000000000001), 'environment/azk_step_deckbuild_gatecard/AZK01-124/cost_share/2_3': np.float64(0.4050000000000001), 'environment/deckbuild_gatecard/AZK01-124/cost_share/4_5': np.float64(0.2383333333333333), 'environment/azk_step_deckbuild_gatecard/AZK01-124/cost_share/4_5': np.float64(0.2383333333333333), 'environment/deckbuild_gatecard/AZK01-124/cost_share/6_plus': np.float64(0.10333333333333335), 'environment/azk_step_deckbuild_gatecard/AZK01-124/cost_share/6_plus': np.float64(0.10333333333333335), 'environment/deckbuild_gatecard/AZK01-124/leader/AZK01-123': np.float64(1.0), 'environment/azk_step_deckbuild_gatecard/AZK01-124/leader/AZK01-123': np.float64(1.0), 'environment/deckbuild_result/gatecard/AZK01-124/game': np.float64(1.0), 'environment/deckbuild_result/gatecard/AZK01-124/win': np.float64(0.5833333333333334), 'environment/deckbuild_result/gatecard/AZK01-124/attack_rate': np.float64(0.19852827489376068), 'environment/deckbuild_result/gatecard/AZK01-124/spell_rate': np.float64(0.03549467717918257), 'environment/deckbuild_result/gatecard/AZK01-124/weapon_rate': np.float64(0.008227316507448753), 'environment/deckbuild_result/gatecard/AZK01-124/portal_rate': np.float64(0.08431150515874226), 'environment/deckbuild_result/gatecard/AZK01-124/play_entity_rate': np.float64(0.30321935812632245), 'environment/deckbuild_result/gatecard/AZK01-124/noop_rate': np.float64(0.1738806813955307), 'environment/deckbuild_result/gatecard/AZK01-124/episode_length': np.float64(194.0), 'environment/deckbuild_result/gatecard/AZK01-124/leader_health': np.float64(0.19166666766007742), 'environment/deckbuild_result/gatecard/AZK01-124/ability_rate': np.float64(0.06368273124098778), 'environment/ref_seat_rate': np.float64(0.0), 'environment/deckbuild/leader_card/STT02-001': np.float64(1.0), 'environment/azk_step_deckbuild/leader_card/STT02-001': np.float64(1.0), 'environment/deckbuild_gatecard/AZK01-126/game': np.float64(1.0), 'environment/azk_step_deckbuild_gatecard/AZK01-126/game': np.float64(1.0), 'environment/deckbuild_gatecard/AZK01-126/avg_cost': np.float64(2.875), 'environment/azk_step_deckbuild_gatecard/AZK01-126/avg_cost': np.float64(2.875), 'environment/deckbuild_gatecard/AZK01-126/main_unique': np.float64(36.833333333333336), 'environment/azk_step_deckbuild_gatecard/AZK01-126/main_unique': np.float64(36.833333333333336), 'environment/deckbuild_gatecard/AZK01-126/copy_entropy_norm': np.float64(0.9776403270605659), 'environment/azk_step_deckbuild_gatecard/AZK01-126/copy_entropy_norm': np.float64(0.9776403270605659), 'environment/deckbuild_gatecard/AZK01-126/gate_element_share': np.float64(0.3733333333333333), 'environment/azk_step_deckbuild_gatecard/AZK01-126/gate_element_share': np.float64(0.3733333333333333), 'environment/deckbuild_gatecard/AZK01-126/type_share/ENTITY': np.float64(0.6749999999999999), 'environment/azk_step_deckbuild_gatecard/AZK01-126/type_share/ENTITY': np.float64(0.6749999999999999), 'environment/deckbuild_gatecard/AZK01-126/type_share/SPELL': np.float64(0.25333333333333335), 'environment/azk_step_deckbuild_gatecard/AZK01-126/type_share/SPELL': np.float64(0.25333333333333335), 'environment/deckbuild_gatecard/AZK01-126/type_share/WEAPON': np.float64(0.07166666666666666), 'environment/azk_step_deckbuild_gatecard/AZK01-126/type_share/WEAPON': np.float64(0.07166666666666666), 'environment/deckbuild_gatecard/AZK01-126/cost_share/0_1': np.float64(0.24333333333333332), 'environment/azk_step_deckbuild_gatecard/AZK01-126/cost_share/0_1': np.float64(0.24333333333333332), 'environment/deckbuild_gatecard/AZK01-126/cost_share/2_3': np.float64(0.4533333333333333), 'environment/azk_step_deckbuild_gatecard/AZK01-126/cost_share/2_3': np.float64(0.4533333333333333), 'environment/deckbuild_gatecard/AZK01-126/cost_share/4_5': np.float64(0.225), 'environment/azk_step_deckbuild_gatecard/AZK01-126/cost_share/4_5': np.float64(0.225), 'environment/deckbuild_gatecard/AZK01-126/cost_share/6_plus': np.float64(0.07833333333333334), 'environment/azk_step_deckbuild_gatecard/AZK01-126/cost_share/6_plus': np.float64(0.07833333333333334), 'environment/deckbuild_gatecard/AZK01-126/leader/STT02-001': np.float64(1.0), 'environment/azk_step_deckbuild_gatecard/AZK01-126/leader/STT02-001': np.float64(1.0), 'environment/deckbuild_result/gate/WATER/game': np.float64(1.0), 'environment/deckbuild_result/gate/WATER/win': np.float64(0.375), 'environment/deckbuild_result/gate_pair/WATER_vs_WATER/game': np.float64(1.0), 'environment/deckbuild_result/gate_pair/WATER_vs_WATER/win': np.float64(0.5), 'environment/deckbuild_result/gate_pair_unordered/WATER_vs_WATER/game': np.float64(1.0), 'environment/deckbuild_result/gate_pair_unordered/WATER_vs_WATER/win': np.float64(0.5), 'environment/deckbuild_result/gatecard/AZK01-126/game': np.float64(1.0), 'environment/deckbuild_result/gatecard/AZK01-126/win': np.float64(0.3333333333333333), 'environment/deckbuild_result/gatecard/AZK01-126/attack_rate': np.float64(0.1552349515259266), 'environment/deckbuild_result/gatecard/AZK01-126/spell_rate': np.float64(0.05481462040916085), 'environment/deckbuild_result/gatecard/AZK01-126/weapon_rate': np.float64(0.01216226575585703), 'environment/deckbuild_result/gatecard/AZK01-126/portal_rate': np.float64(0.07819661839554708), 'environment/deckbuild_result/gatecard/AZK01-126/play_entity_rate': np.float64(0.304901455839475), 'environment/deckbuild_result/gatecard/AZK01-126/noop_rate': np.float64(0.18356983487804732), 'environment/deckbuild_result/gatecard/AZK01-126/episode_length': np.float64(191.0), 'environment/deckbuild_result/gatecard/AZK01-126/leader_health': np.float64(0.19583333532015482), 'environment/deckbuild_result/gatecard/AZK01-126/ability_rate': np.float64(0.06074877230760952), 'environment/deckbuild_gatecard/STT02-002/game': np.float64(1.0), 'environment/azk_step_deckbuild_gatecard/STT02-002/game': np.float64(1.0), 'environment/deckbuild_gatecard/STT02-002/avg_cost': np.float64(2.8874999999999997), 'environment/azk_step_deckbuild_gatecard/STT02-002/avg_cost': np.float64(2.8874999999999997), 'environment/deckbuild_gatecard/STT02-002/main_unique': np.float64(36.125), 'environment/azk_step_deckbuild_gatecard/STT02-002/main_unique': np.float64(36.125), 'environment/deckbuild_gatecard/STT02-002/copy_entropy_norm': np.float64(0.9764307071942346), 'environment/azk_step_deckbuild_gatecard/STT02-002/copy_entropy_norm': np.float64(0.9764307071942346), 'environment/deckbuild_gatecard/STT02-002/gate_element_share': np.float64(0.3975000000000001), 'environment/azk_step_deckbuild_gatecard/STT02-002/gate_element_share': np.float64(0.3975000000000001), 'environment/deckbuild_gatecard/STT02-002/type_share/ENTITY': np.float64(0.7075), 'environment/azk_step_deckbuild_gatecard/STT02-002/type_share/ENTITY': np.float64(0.7075), 'environment/deckbuild_gatecard/STT02-002/type_share/SPELL': np.float64(0.2225), 'environment/azk_step_deckbuild_gatecard/STT02-002/type_share/SPELL': np.float64(0.2225), 'environment/deckbuild_gatecard/STT02-002/type_share/WEAPON': np.float64(0.07), 'environment/azk_step_deckbuild_gatecard/STT02-002/type_share/WEAPON': np.float64(0.07), 'environment/deckbuild_gatecard/STT02-002/cost_share/0_1': np.float64(0.2375), 'environment/azk_step_deckbuild_gatecard/STT02-002/cost_share/0_1': np.float64(0.2375), 'environment/deckbuild_gatecard/STT02-002/cost_share/2_3': np.float64(0.45), 'environment/azk_step_deckbuild_gatecard/STT02-002/cost_share/2_3': np.float64(0.45), 'environment/deckbuild_gatecard/STT02-002/cost_share/4_5': np.float64(0.225), 'environment/azk_step_deckbuild_gatecard/STT02-002/cost_share/4_5': np.float64(0.225), 'environment/deckbuild_gatecard/STT02-002/cost_share/6_plus': np.float64(0.08750000000000001), 'environment/azk_step_deckbuild_gatecard/STT02-002/cost_share/6_plus': np.float64(0.08750000000000001), 'environment/deckbuild_gatecard/STT02-002/leader/STT02-001': np.float64(1.0), 'environment/azk_step_deckbuild_gatecard/STT02-002/leader/STT02-001': np.float64(1.0), 'environment/deckbuild_result/gatecard/STT02-002/game': np.float64(1.0), 'environment/deckbuild_result/gatecard/STT02-002/win': np.float64(0.5), 'environment/deckbuild_result/gatecard/STT02-002/attack_rate': np.float64(0.19810298085212708), 'environment/deckbuild_result/gatecard/STT02-002/spell_rate': np.float64(0.046802515629678965), 'environment/deckbuild_result/gatecard/STT02-002/weapon_rate': np.float64(0.015809159143827856), 'environment/deckbuild_result/gatecard/STT02-002/portal_rate': np.float64(0.10013174079358578), 'environment/deckbuild_result/gatecard/STT02-002/play_entity_rate': np.float64(0.3547043800354004), 'environment/deckbuild_result/gatecard/STT02-002/noop_rate': np.float64(0.21828794293105602), 'environment/deckbuild_result/gatecard/STT02-002/episode_length': np.float64(191.0), 'environment/deckbuild_result/gatecard/STT02-002/leader_health': np.float64(0.16875000018626451), 'environment/deckbuild_result/gatecard/STT02-002/ability_rate': np.float64(0.05097799492068589), 'environment/deckbuild_result/gate_pair/EARTH_vs_FIRE/game': np.float64(1.0), 'environment/deckbuild_result/gate_pair/EARTH_vs_FIRE/win': np.float64(0.5), 'environment/deckbuild_result/gate_pair_unordered/EARTH_vs_FIRE/game': np.float64(1.0), 'environment/deckbuild_result/gate_pair_unordered/EARTH_vs_FIRE/win': np.float64(0.5), 'environment/deckbuild_result/gate_mismatch/game': np.float64(1.0), 'environment/deckbuild_result/gate_mismatch/win': np.float64(0.5), 'environment/deckbuild/leader_card/AZK01-121': np.float64(1.0), 'environment/azk_step_deckbuild/leader_card/AZK01-121': np.float64(1.0), 'environment/deckbuild_gatecard/AZK01-122/game': np.float64(1.0), 'environment/azk_step_deckbuild_gatecard/AZK01-122/game': np.float64(1.0), 'environment/deckbuild_gatecard/AZK01-122/avg_cost': np.float64(2.7800000000000002), 'environment/azk_step_deckbuild_gatecard/AZK01-122/avg_cost': np.float64(2.7800000000000002), 'environment/deckbuild_gatecard/AZK01-122/main_unique': np.float64(36.5), 'environment/azk_step_deckbuild_gatecard/AZK01-122/main_unique': np.float64(36.5), 'environment/deckbuild_gatecard/AZK01-122/copy_entropy_norm': np.float64(0.9752770245307711), 'environment/azk_step_deckbuild_gatecard/AZK01-122/copy_entropy_norm': np.float64(0.9752770245307711), 'environment/deckbuild_gatecard/AZK01-122/gate_element_share': np.float64(0.38), 'environment/azk_step_deckbuild_gatecard/AZK01-122/gate_element_share': np.float64(0.38), 'environment/deckbuild_gatecard/AZK01-122/type_share/ENTITY': np.float64(0.75), 'environment/azk_step_deckbuild_gatecard/AZK01-122/type_share/ENTITY': np.float64(0.75), 'environment/deckbuild_gatecard/AZK01-122/type_share/SPELL': np.float64(0.19), 'environment/azk_step_deckbuild_gatecard/AZK01-122/type_share/SPELL': np.float64(0.19), 'environment/deckbuild_gatecard/AZK01-122/type_share/WEAPON': np.float64(0.06), 'environment/azk_step_deckbuild_gatecard/AZK01-122/type_share/WEAPON': np.float64(0.06), 'environment/deckbuild_gatecard/AZK01-122/cost_share/0_1': np.float64(0.26), 'environment/azk_step_deckbuild_gatecard/AZK01-122/cost_share/0_1': np.float64(0.26), 'environment/deckbuild_gatecard/AZK01-122/cost_share/2_3': np.float64(0.45999999999999996), 'environment/azk_step_deckbuild_gatecard/AZK01-122/cost_share/2_3': np.float64(0.45999999999999996), 'environment/deckbuild_gatecard/AZK01-122/cost_share/4_5': np.float64(0.22000000000000003), 'environment/azk_step_deckbuild_gatecard/AZK01-122/cost_share/4_5': np.float64(0.22000000000000003), 'environment/deckbuild_gatecard/AZK01-122/cost_share/6_plus': np.float64(0.06), 'environment/azk_step_deckbuild_gatecard/AZK01-122/cost_share/6_plus': np.float64(0.06), 'environment/deckbuild_gatecard/AZK01-122/leader/AZK01-121': np.float64(1.0), 'environment/azk_step_deckbuild_gatecard/AZK01-122/leader/AZK01-121': np.float64(1.0), 'environment/deckbuild_result/gate/FIRE/game': np.float64(1.0), 'environment/deckbuild_result/gate/FIRE/win': np.float64(0.5), 'environment/deckbuild_result/gate_pair/FIRE_vs_EARTH/game': np.float64(1.0), 'environment/deckbuild_result/gate_pair/FIRE_vs_EARTH/win': np.float64(0.5), 'environment/deckbuild_result/gatecard/AZK01-122/game': np.float64(1.0), 'environment/deckbuild_result/gatecard/AZK01-122/win': np.float64(0.5), 'environment/deckbuild_result/gatecard/AZK01-122/attack_rate': np.float64(0.23324742168188095), 'environment/deckbuild_result/gatecard/AZK01-122/spell_rate': np.float64(0.057541459798812866), 'environment/deckbuild_result/gatecard/AZK01-122/weapon_rate': np.float64(0.01574406074360013), 'environment/deckbuild_result/gatecard/AZK01-122/portal_rate': np.float64(0.12191842123866081), 'environment/deckbuild_result/gatecard/AZK01-122/play_entity_rate': np.float64(0.3331465721130371), 'environment/deckbuild_result/gatecard/AZK01-122/noop_rate': np.float64(0.190329447388649), 'environment/deckbuild_result/gatecard/AZK01-122/episode_length': np.float64(190.0), 'environment/deckbuild_result/gatecard/AZK01-122/leader_health': np.float64(0.05000000074505806), 'environment/deckbuild_result/gatecard/AZK01-122/ability_rate': np.float64(0.03176826424896717), 'environment/deckbuild/leader_card/AZK01-125': np.float64(1.0), 'environment/azk_step_deckbuild/leader_card/AZK01-125': np.float64(1.0), 'environment/deckbuild_gatecard/STT02-002/leader/AZK01-125': np.float64(1.0), 'environment/azk_step_deckbuild_gatecard/STT02-002/leader/AZK01-125': np.float64(1.0), 'environment/deckbuild_gatecard/AZK01-126/leader/AZK01-125': np.float64(1.0), 'environment/azk_step_deckbuild_gatecard/AZK01-126/leader/AZK01-125': np.float64(1.0), 'environment/deckbuild_result/gate_pair/WATER_vs_EARTH/game': np.float64(1.0), 'environment/deckbuild_result/gate_pair/WATER_vs_EARTH/win': np.float64(0.0), 'environment/deckbuild_result/gate_pair_unordered/EARTH_vs_WATER/game': np.float64(1.0), 'environment/deckbuild_result/gate_pair_unordered/EARTH_vs_WATER/win': np.float64(0.5), 'environment/deckbuild_result/gate_pair/EARTH_vs_WATER/game': np.float64(1.0), 'environment/deckbuild_result/gate_pair/EARTH_vs_WATER/win': np.float64(1.0), 'environment/deckbuild/leader_card/AZK01-119': np.float64(1.0), 'environment/azk_step_deckbuild/leader_card/AZK01-119': np.float64(1.0), 'environment/deckbuild_gatecard/STT01-002/game': np.float64(1.0), 'environment/azk_step_deckbuild_gatecard/STT01-002/game': np.float64(1.0), 'environment/deckbuild_gatecard/STT01-002/avg_cost': np.float64(3.18), 'environment/azk_step_deckbuild_gatecard/STT01-002/avg_cost': np.float64(3.18), 'environment/deckbuild_gatecard/STT01-002/main_unique': np.float64(39.0), 'environment/azk_step_deckbuild_gatecard/STT01-002/main_unique': np.float64(39.0), 'environment/deckbuild_gatecard/STT01-002/copy_entropy_norm': np.float64(0.9788584625073026), 'environment/azk_step_deckbuild_gatecard/STT01-002/copy_entropy_norm': np.float64(0.9788584625073026), 'environment/deckbuild_gatecard/STT01-002/gate_element_share': np.float64(0.44), 'environment/azk_step_deckbuild_gatecard/STT01-002/gate_element_share': np.float64(0.44), 'environment/deckbuild_gatecard/STT01-002/type_share/ENTITY': np.float64(0.7), 'environment/azk_step_deckbuild_gatecard/STT01-002/type_share/ENTITY': np.float64(0.7), 'environment/deckbuild_gatecard/STT01-002/type_share/SPELL': np.float64(0.18), 'environment/azk_step_deckbuild_gatecard/STT01-002/type_share/SPELL': np.float64(0.18), 'environment/deckbuild_gatecard/STT01-002/type_share/WEAPON': np.float64(0.12), 'environment/azk_step_deckbuild_gatecard/STT01-002/type_share/WEAPON': np.float64(0.12), 'environment/deckbuild_gatecard/STT01-002/cost_share/0_1': np.float64(0.16), 'environment/azk_step_deckbuild_gatecard/STT01-002/cost_share/0_1': np.float64(0.16), 'environment/deckbuild_gatecard/STT01-002/cost_share/2_3': np.float64(0.4), 'environment/azk_step_deckbuild_gatecard/STT01-002/cost_share/2_3': np.float64(0.4), 'environment/deckbuild_gatecard/STT01-002/cost_share/4_5': np.float64(0.42), 'environment/azk_step_deckbuild_gatecard/STT01-002/cost_share/4_5': np.float64(0.42), 'environment/deckbuild_gatecard/STT01-002/cost_share/6_plus': np.float64(0.02), 'environment/azk_step_deckbuild_gatecard/STT01-002/cost_share/6_plus': np.float64(0.02), 'environment/deckbuild_gatecard/STT01-002/leader/AZK01-119': np.float64(1.0), 'environment/azk_step_deckbuild_gatecard/STT01-002/leader/AZK01-119': np.float64(1.0), 'environment/deckbuild_result/gate/LIGHTNING/game': np.float64(1.0), 'environment/deckbuild_result/gate/LIGHTNING/win': np.float64(1.0), 'environment/deckbuild_result/gate_pair/LIGHTNING_vs_EARTH/game': np.float64(1.0), 'environment/deckbuild_result/gate_pair/LIGHTNING_vs_EARTH/win': np.float64(1.0), 'environment/deckbuild_result/gate_pair_unordered/EARTH_vs_LIGHTNING/game': np.float64(1.0), 'environment/deckbuild_result/gate_pair_unordered/EARTH_vs_LIGHTNING/win': np.float64(0.5), 'environment/deckbuild_result/gatecard/STT01-002/game': np.float64(1.0), 'environment/deckbuild_result/gatecard/STT01-002/win': np.float64(1.0), 'environment/deckbuild_result/gatecard/STT01-002/attack_rate': np.float64(0.2380952388048172), 'environment/deckbuild_result/gatecard/STT01-002/spell_rate': np.float64(0.0357142873108387), 'environment/deckbuild_result/gatecard/STT01-002/weapon_rate': np.float64(0.0357142873108387), 'environment/deckbuild_result/gatecard/STT01-002/portal_rate': np.float64(0.095238097012043), 'environment/deckbuild_result/gatecard/STT01-002/play_entity_rate': np.float64(0.3333333432674408), 'environment/deckbuild_result/gatecard/STT01-002/noop_rate': np.float64(0.261904776096344), 'environment/deckbuild_result/gatecard/STT01-002/episode_length': np.float64(191.0), 'environment/deckbuild_result/gatecard/STT01-002/leader_health': np.float64(0.15000000596046448), 'environment/deckbuild_result/gatecard/STT01-002/ability_rate': np.float64(0.02380952425301075), 'environment/deckbuild_gatecard/STT03-002/leader/AZK01-123': np.float64(1.0), 'environment/azk_step_deckbuild_gatecard/STT03-002/leader/AZK01-123': np.float64(1.0), 'environment/deckbuild_result/gate_pair/EARTH_vs_LIGHTNING/game': np.float64(1.0), 'environment/deckbuild_result/gate_pair/EARTH_vs_LIGHTNING/win': np.float64(0.0), 'environment/deckbuild_gatecard/AZK01-120/game': np.float64(1.0), 'environment/azk_step_deckbuild_gatecard/AZK01-120/game': np.float64(1.0), 'environment/deckbuild_gatecard/AZK01-120/avg_cost': np.float64(2.6), 'environment/azk_step_deckbuild_gatecard/AZK01-120/avg_cost': np.float64(2.6), 'environment/deckbuild_gatecard/AZK01-120/main_unique': np.float64(36.0), 'environment/azk_step_deckbuild_gatecard/AZK01-120/main_unique': np.float64(36.0), 'environment/deckbuild_gatecard/AZK01-120/copy_entropy_norm': np.float64(0.9726946596572534), 'environment/azk_step_deckbuild_gatecard/AZK01-120/copy_entropy_norm': np.float64(0.9726946596572534), 'environment/deckbuild_gatecard/AZK01-120/gate_element_share': np.float64(0.42), 'environment/azk_step_deckbuild_gatecard/AZK01-120/gate_element_share': np.float64(0.42), 'environment/deckbuild_gatecard/AZK01-120/type_share/ENTITY': np.float64(0.56), 'environment/azk_step_deckbuild_gatecard/AZK01-120/type_share/ENTITY': np.float64(0.56), 'environment/deckbuild_gatecard/AZK01-120/type_share/SPELL': np.float64(0.2), 'environment/azk_step_deckbuild_gatecard/AZK01-120/type_share/SPELL': np.float64(0.2), 'environment/deckbuild_gatecard/AZK01-120/type_share/WEAPON': np.float64(0.24), 'environment/azk_step_deckbuild_gatecard/AZK01-120/type_share/WEAPON': np.float64(0.24), 'environment/deckbuild_gatecard/AZK01-120/cost_share/0_1': np.float64(0.32), 'environment/azk_step_deckbuild_gatecard/AZK01-120/cost_share/0_1': np.float64(0.32), 'environment/deckbuild_gatecard/AZK01-120/cost_share/2_3': np.float64(0.38), 'environment/azk_step_deckbuild_gatecard/AZK01-120/cost_share/2_3': np.float64(0.38), 'environment/deckbuild_gatecard/AZK01-120/cost_share/4_5': np.float64(0.3), 'environment/azk_step_deckbuild_gatecard/AZK01-120/cost_share/4_5': np.float64(0.3), 'environment/deckbuild_gatecard/AZK01-120/cost_share/6_plus': np.float64(0.0), 'environment/azk_step_deckbuild_gatecard/AZK01-120/cost_share/6_plus': np.float64(0.0), 'environment/deckbuild_gatecard/AZK01-120/leader/AZK01-119': np.float64(1.0), 'environment/azk_step_deckbuild_gatecard/AZK01-120/leader/AZK01-119': np.float64(1.0), 'environment/deckbuild_result/gatecard/AZK01-120/game': np.float64(1.0), 'environment/deckbuild_result/gatecard/AZK01-120/win': np.float64(1.0), 'environment/deckbuild_result/gatecard/AZK01-120/attack_rate': np.float64(0.20779220759868622), 'environment/deckbuild_result/gatecard/AZK01-120/spell_rate': np.float64(0.051948051899671555), 'environment/deckbuild_result/gatecard/AZK01-120/weapon_rate': np.float64(0.06493506580591202), 'environment/deckbuild_result/gatecard/AZK01-120/portal_rate': np.float64(0.11688311398029327), 'environment/deckbuild_result/gatecard/AZK01-120/play_entity_rate': np.float64(0.4025973975658417), 'environment/deckbuild_result/gatecard/AZK01-120/noop_rate': np.float64(0.2467532455921173), 'environment/deckbuild_result/gatecard/AZK01-120/episode_length': np.float64(192.0), 'environment/deckbuild_result/gatecard/AZK01-120/leader_health': np.float64(0.550000011920929), 'environment/deckbuild_result/gatecard/AZK01-120/ability_rate': np.float64(0.012987012974917889), 'losses/policy_loss': 0.011824642308056355, 'losses/value_loss': 0.03707254305481911, 'losses/value_loss_total': 0.03707254305481911, 'losses/entropy': 1.4711203575134277, 'losses/old_approx_kl': 1.8456945554135018e-06, 'losses/approx_kl': 2.9530445999625954e-07, 'losses/clipfrac': 0.0, 'losses/importance': 0.9999984502792358, 'losses/win_prob_aux_loss': 0.69140625, 'losses/win_prob_aux_labeled_frac': 0.08984375, 'losses/explained_variance': 0.032545626163482666, 'losses/win_prob_aux_accuracy': 0.67578125, 'losses/win_prob_aux_brier': 0.24609375, 'losses/win_prob_aux_pred_mean': 0.49609375, 'losses/win_prob_aux_target_mean': 0.5, 'performance/eval': 24.996742010116577, 'performance/train': 23.879146575927734, 'performance/eval_forward': 24.36668872833252, 'performance/env': 0.08632302284240723, 'performance/eval_copy': 0.47095537185668945, 'performance/eval_misc': 0.07263898849487305, 'performance/train_forward': 4.9101316928863525, 'performance/learn_backward': 9.25944209098816, 'performance/learn_opt': 9.55502986907959, 'performance/train_copy': 0.007497072219848633, 'performance/train_misc': 0.14691829681396484}
[0;0H╭──────────────────────────────────────────────────────────────────────────────╮
│  PufferLib 4.0 🐡               CPU:     GPU: 0.0%  DRAM: 3.0%   VRAM: 0.0%  │
│                                154.1%                                        │
│                                                                              │
│  Summary          Value    Evaluate     34s  51%    Losses            Value  │
│  Env        azuki_local      Forwa…     33s  49%    policy_loss       0.010  │
│  Params           90.2M      Env         0s   0%    value_loss        0.028  │
│  Steps           307.2K      Copy        0s   1%    value_loss_to…    0.028  │
│  SPS               4.3K      Misc        0s   0%    entropy           1.157  │
│  Epoch               20    Train        31s  48%    old_approx_kl    -0.000  │
│  Uptime          3m 17s      Forwa…      6s  10%    approx_kl         0.000  │
│  Remaini…            0s      Backw…     12s  18%    clipfrac          0.000  │
│                              Optim…     12s  19%    importance        1.000  │
│                              Copy        0s   0%    win_prob_aux_…    0.688  │
│                              Misc        0s   0%    win_prob_aux_…    0.029  │
│                                                     explained_var…    0.032  │
│                                                     win_prob_aux_…    0.695  │
│                                                     win_prob_aux_…    0.247  │
│                                                     win_prob_aux_…    0.498  │
│                                                     win_prob_aux_…    0.516  │
│                                                                              │
│  User Stats                    Value    User Stats                    Value  │
│  league/active                 1.000    sampler/subaction_tem…        1.200  │
│  sampler/smoothing_eps         0.050    anneal/ent_coef               0.002  │
│  perf                          0.000    score                         0.000  │
│  episode_return                1.030    episode_length              209.857  │
│  p0_episode_return             1.030    p1_episode_return            -1.030  │
│  p0_winrate                    0.571    p1_winrate                    0.429  │
│  p0_start_rate                 0.643    p1_start_rate                 0.357  │
│  draw_rate                     0.000    timeout_truncation_ra…        0.000  │
│  auto_tick_truncation_…        0.000    zero_legal_action_tru…        0.000  │
│  gameover_terminal_rate        1.000    winner_terminal_rate          1.000  │
│  curriculum_episode_cap        0.000    reward_shaping_scale          1.000  │
│  completed_episodes            1.000    p0_noop_selected_rate         0.195  │
│  p1_noop_selected_rate         0.227    p0_attack_selected_ra…        0.223  │
│  p1_attack_selected_ra…        0.165    p0_attach_weapon_from…        0.012  │
│  p1_attach_weapon_from…        0.016    p0_play_spell_from_ha…        0.048  │
╰──────────────────────────────────────────────────────────────────────────────╯

[checkpoint] parity verified: path=experiments/azuki_local_178416486303/model_azuki_local_000020.pt, rewritten=False, max_abs_diff=0, max_abs_diff_key=<none>
[epoch 20] {'SPS': 4308.636012887284, 'agent_steps': 307200, 'uptime': 197.9949562549591, 'epoch': 20, 'learning_rate': 0.0, 'environment/league/active': np.float64(1.0), 'environment/sampler/subaction_temperature': np.float64(1.2), 'environment/sampler/smoothing_eps': np.float64(0.05), 'environment/anneal/ent_coef': np.float64(0.002), 'environment/perf': np.float64(0.0), 'environment/score': np.float64(0.0), 'environment/episode_return': np.float64(1.0302222115652901), 'environment/episode_length': np.float64(209.85714285714286), 'environment/p0_episode_return': np.float64(1.0302222115652901), 'environment/p1_episode_return': np.float64(-1.0302222115652901), 'environment/p0_winrate': np.float64(0.5714285714285714), 'environment/p1_winrate': np.float64(0.42857142857142855), 'environment/p0_start_rate': np.float64(0.6428571428571429), 'environment/p1_start_rate': np.float64(0.35714285714285715), 'environment/draw_rate': np.float64(0.0), 'environment/timeout_truncation_rate': np.float64(0.0), 'environment/auto_tick_truncation_rate': np.float64(0.0), 'environment/zero_legal_action_truncation_rate': np.float64(0.0), 'environment/gameover_terminal_rate': np.float64(1.0), 'environment/winner_terminal_rate': np.float64(1.0), 'environment/curriculum_episode_cap': np.float64(0.0), 'environment/reward_shaping_scale': np.float64(1.0), 'environment/completed_episodes': np.float64(1.0), 'environment/p0_noop_selected_rate': np.float64(0.19482571738106863), 'environment/p1_noop_selected_rate': np.float64(0.22665838258607046), 'environment/p0_attack_selected_rate': np.float64(0.22321764060429164), 'environment/p1_attack_selected_rate': np.float64(0.16456968869481767), 'environment/p0_attach_weapon_from_hand_selected_rate': np.float64(0.011788715275802783), 'environment/p1_attach_weapon_from_hand_selected_rate': np.float64(0.015512346023959773), 'environment/p0_play_spell_from_hand_selected_rate': np.float64(0.0480480965759073), 'environment/p1_play_spell_from_hand_selected_rate': np.float64(0.05522851938647883), 'environment/p0_activate_garden_or_leader_ability_selected_rate': np.float64(0.04830828867852688), 'environment/p1_activate_garden_or_leader_ability_selected_rate': np.float64(0.06893397894288812), 'environment/p0_activate_alley_ability_selected_rate': np.float64(0.0026954178299222675), 'environment/p1_activate_alley_ability_selected_rate': np.float64(0.009161139239690133), 'environment/p0_gate_portal_selected_rate': np.float64(0.08636892054762159), 'environment/p1_gate_portal_selected_rate': np.float64(0.07641053625515529), 'environment/p0_play_entity_to_alley_selected_rate': np.float64(0.09619436306612832), 'environment/p1_play_entity_to_alley_selected_rate': np.float64(0.08720455744436809), 'environment/p0_play_entity_to_garden_selected_rate': np.float64(0.0545244605413505), 'environment/p1_play_entity_to_garden_selected_rate': np.float64(0.05818249710968563), 'environment/p0_play_selected_rate': np.float64(0.2969245570046561), 'environment/p1_play_selected_rate': np.float64(0.2925384598118918), 'environment/p0_ability_selected_rate': np.float64(0.0668964928814343), 'environment/p1_ability_selected_rate': np.float64(0.09387739428452083), 'environment/p0_target_selected_rate': np.float64(0.21541710836546762), 'environment/p1_target_selected_rate': np.float64(0.21791471115180425), 'environment/p0_avg_leader_health': np.float64(0.20357142388820648), 'environment/p1_avg_leader_health': np.float64(0.11428571652088847), 'environment/p0_entity_damage_dealt': np.float64(0.0), 'environment/p1_entity_damage_dealt': np.float64(0.0), 'environment/p0_entity_damage_taken': np.float64(0.0), 'environment/p1_entity_damage_taken': np.float64(0.0), 'environment/p0_generated_ikz_created': np.float64(0.0), 'environment/p1_generated_ikz_created': np.float64(0.0), 'environment/p0_generated_ikz_converted': np.float64(0.0), 'environment/p1_generated_ikz_converted': np.float64(0.0), 'environment/p0_generated_ikz_conversion_rate': np.float64(0.0), 'environment/p1_generated_ikz_conversion_rate': np.float64(0.0), 'environment/p0_temporary_charge_realized': np.float64(0.0), 'environment/p1_temporary_charge_realized': np.float64(0.0), 'environment/p0_temporary_attack_damage_realized': np.float64(0.0), 'environment/p1_temporary_attack_damage_realized': np.float64(0.0), 'environment/p0_contextual_response_reserve_opportunities': np.float64(0.0), 'environment/p1_contextual_response_reserve_opportunities': np.float64(0.0), 'environment/n': np.float64(1.1428571428571428), 'environment/deckbuild/completed': np.float64(1.0), 'environment/azk_step_deckbuild/completed': np.float64(1.0), 'environment/deckbuild/picks': np.float64(51.0), 'environment/azk_step_deckbuild/picks': np.float64(51.0), 'environment/deckbuild/main_count': np.float64(50.0), 'environment/azk_step_deckbuild/main_count': np.float64(50.0), 'environment/deckbuild/main_unique': np.float64(37.535714285714285), 'environment/azk_step_deckbuild/main_unique': np.float64(37.535714285714285), 'environment/deckbuild/main_unique_share': np.float64(0.7507142857142856), 'environment/azk_step_deckbuild/main_unique_share': np.float64(0.7507142857142856), 'environment/deckbuild/main_avg_copies_per_unique': np.float64(1.3359626434728107), 'environment/azk_step_deckbuild/main_avg_copies_per_unique': np.float64(1.3359626434728107), 'environment/deckbuild/main_max_copy_count': np.float64(3.2142857142857144), 'environment/azk_step_deckbuild/main_max_copy_count': np.float64(3.2142857142857144), 'environment/deckbuild/main_copy_entropy': np.float64(3.5423157145911097), 'environment/azk_step_deckbuild/main_copy_entropy': np.float64(3.5423157145911097), 'environment/deckbuild/main_copy_entropy_norm': np.float64(0.9774603870533352), 'environment/azk_step_deckbuild/main_copy_entropy_norm': np.float64(0.9774603870533352), 'environment/deckbuild/main_singleton_count': np.float64(27.214285714285715), 'environment/azk_step_deckbuild/main_singleton_count': np.float64(27.214285714285715), 'environment/deckbuild/main_pair_count': np.float64(8.428571428571429), 'environment/azk_step_deckbuild/main_pair_count': np.float64(8.428571428571429), 'environment/deckbuild/main_triplet_count': np.float64(1.6428571428571428), 'environment/azk_step_deckbuild/main_triplet_count': np.float64(1.6428571428571428), 'environment/deckbuild/main_quad_count': np.float64(0.25), 'environment/azk_step_deckbuild/main_quad_count': np.float64(0.25), 'environment/deckbuild/main_singleton_slot_share': np.float64(0.5442857142857143), 'environment/azk_step_deckbuild/main_singleton_slot_share': np.float64(0.5442857142857143), 'environment/deckbuild/main_pair_slot_share': np.float64(0.3371428571428572), 'environment/azk_step_deckbuild/main_pair_slot_share': np.float64(0.3371428571428572), 'environment/deckbuild/main_triplet_slot_share': np.float64(0.09857142857142857), 'environment/azk_step_deckbuild/main_triplet_slot_share': np.float64(0.09857142857142857), 'environment/deckbuild/main_quad_slot_share': np.float64(0.02), 'environment/azk_step_deckbuild/main_quad_slot_share': np.float64(0.02), 'environment/deckbuild/main_normal_share': np.float64(0.615), 'environment/azk_step_deckbuild/main_normal_share': np.float64(0.615), 'environment/deckbuild/main_gate_element_share': np.float64(0.38500000000000006), 'environment/azk_step_deckbuild/main_gate_element_share': np.float64(0.38500000000000006), 'environment/deckbuild/gate_match': np.float64(0.7142857142857143), 'environment/azk_step_deckbuild/gate_match': np.float64(0.7142857142857143), 'environment/deckbuild/gate/EARTH': np.float64(0.07142857142857142), 'environment/azk_step_deckbuild/gate/EARTH': np.float64(0.07142857142857142), 'environment/deckbuild/opponent_gate/EARTH': np.float64(0.07142857142857142), 'environment/azk_step_deckbuild/opponent_gate/EARTH': np.float64(0.07142857142857142), 'environment/deckbuild/leader/EARTH': np.float64(0.07142857142857142), 'environment/azk_step_deckbuild/leader/EARTH': np.float64(0.07142857142857142), 'environment/deckbuild/gate/FIRE': np.float64(0.0), 'environment/azk_step_deckbuild/gate/FIRE': np.float64(0.0), 'environment/deckbuild/opponent_gate/FIRE': np.float64(0.0), 'environment/azk_step_deckbuild/opponent_gate/FIRE': np.float64(0.0), 'environment/deckbuild/leader/FIRE': np.float64(0.0), 'environment/azk_step_deckbuild/leader/FIRE': np.float64(0.0), 'environment/deckbuild/gate/LIGHTNING': np.float64(0.14285714285714285), 'environment/azk_step_deckbuild/gate/LIGHTNING': np.float64(0.14285714285714285), 'environment/deckbuild/opponent_gate/LIGHTNING': np.float64(0.14285714285714285), 'environment/azk_step_deckbuild/opponent_gate/LIGHTNING': np.float64(0.14285714285714285), 'environment/deckbuild/leader/LIGHTNING': np.float64(0.14285714285714285), 'environment/azk_step_deckbuild/leader/LIGHTNING': np.float64(0.14285714285714285), 'environment/deckbuild/gate/WATER': np.float64(0.7857142857142857), 'environment/azk_step_deckbuild/gate/WATER': np.float64(0.7857142857142857), 'environment/deckbuild/opponent_gate/WATER': np.float64(0.7857142857142857), 'environment/azk_step_deckbuild/opponent_gate/WATER': np.float64(0.7857142857142857), 'environment/deckbuild/leader/WATER': np.float64(0.7857142857142857), 'environment/azk_step_deckbuild/leader/WATER': np.float64(0.7857142857142857), 'environment/deckbuild/main_type_count/ENTITY': np.float64(34.535714285714285), 'environment/azk_step_deckbuild/main_type_count/ENTITY': np.float64(34.535714285714285), 'environment/deckbuild/main_type_share/ENTITY': np.float64(0.6907142857142857), 'environment/azk_step_deckbuild/main_type_share/ENTITY': np.float64(0.6907142857142857), 'environment/deckbuild/main_type_count/SPELL': np.float64(11.785714285714286), 'environment/azk_step_deckbuild/main_type_count/SPELL': np.float64(11.785714285714286), 'environment/deckbuild/main_type_share/SPELL': np.float64(0.2357142857142857), 'environment/azk_step_deckbuild/main_type_share/SPELL': np.float64(0.2357142857142857), 'environment/deckbuild/main_type_count/WEAPON': np.float64(3.6785714285714284), 'environment/azk_step_deckbuild/main_type_count/WEAPON': np.float64(3.6785714285714284), 'environment/deckbuild/main_type_share/WEAPON': np.float64(0.07357142857142855), 'environment/azk_step_deckbuild/main_type_share/WEAPON': np.float64(0.07357142857142855), 'environment/deckbuild/main_element_count/EARTH': np.float64(1.5), 'environment/azk_step_deckbuild/main_element_count/EARTH': np.float64(1.5), 'environment/deckbuild/main_element_share/EARTH': np.float64(0.03), 'environment/azk_step_deckbuild/main_element_share/EARTH': np.float64(0.03), 'environment/deckbuild/main_element_count/FIRE': np.float64(0.0), 'environment/azk_step_deckbuild/main_element_count/FIRE': np.float64(0.0), 'environment/deckbuild/main_element_share/FIRE': np.float64(0.0), 'environment/azk_step_deckbuild/main_element_share/FIRE': np.float64(0.0), 'environment/deckbuild/main_element_count/LIGHTNING': np.float64(2.5714285714285716), 'environment/azk_step_deckbuild/main_element_count/LIGHTNING': np.float64(2.5714285714285716), 'environment/deckbuild/main_element_share/LIGHTNING': np.float64(0.05142857142857143), 'environment/azk_step_deckbuild/main_element_share/LIGHTNING': np.float64(0.05142857142857143), 'environment/deckbuild/main_element_count/NORMAL': np.float64(30.75), 'environment/azk_step_deckbuild/main_element_count/NORMAL': np.float64(30.75), 'environment/deckbuild/main_element_share/NORMAL': np.float64(0.615), 'environment/azk_step_deckbuild/main_element_share/NORMAL': np.float64(0.615), 'environment/deckbuild/main_element_count/WATER': np.float64(15.178571428571429), 'environment/azk_step_deckbuild/main_element_count/WATER': np.float64(15.178571428571429), 'environment/deckbuild/main_element_share/WATER': np.float64(0.30357142857142866), 'environment/azk_step_deckbuild/main_element_share/WATER': np.float64(0.30357142857142866), 'environment/deckbuild/main_avg_cost': np.float64(2.79), 'environment/azk_step_deckbuild/main_avg_cost': np.float64(2.79), 'environment/deckbuild/main_cost_share/0_1': np.float64(0.28285714285714286), 'environment/azk_step_deckbuild/main_cost_share/0_1': np.float64(0.28285714285714286), 'environment/deckbuild/main_cost_share/2_3': np.float64(0.4050000000000001), 'environment/azk_step_deckbuild/main_cost_share/2_3': np.float64(0.4050000000000001), 'environment/deckbuild/main_cost_share/4_5': np.float64(0.23714285714285713), 'environment/azk_step_deckbuild/main_cost_share/4_5': np.float64(0.23714285714285713), 'environment/deckbuild/main_cost_share/6_plus': np.float64(0.07499999999999998), 'environment/azk_step_deckbuild/main_cost_share/6_plus': np.float64(0.07499999999999998), 'environment/deckbuild/leader_card/AZK01-125': np.float64(1.0), 'environment/azk_step_deckbuild/leader_card/AZK01-125': np.float64(1.0), 'environment/deckbuild_gatecard/STT02-002/game': np.float64(1.0), 'environment/azk_step_deckbuild_gatecard/STT02-002/game': np.float64(1.0), 'environment/deckbuild_gatecard/STT02-002/avg_cost': np.float64(2.705), 'environment/azk_step_deckbuild_gatecard/STT02-002/avg_cost': np.float64(2.705), 'environment/deckbuild_gatecard/STT02-002/main_unique': np.float64(38.72222222222222), 'environment/azk_step_deckbuild_gatecard/STT02-002/main_unique': np.float64(38.72222222222222), 'environment/deckbuild_gatecard/STT02-002/copy_entropy_norm': np.float64(0.9787530347500281), 'environment/azk_step_deckbuild_gatecard/STT02-002/copy_entropy_norm': np.float64(0.9787530347500281), 'environment/deckbuild_gatecard/STT02-002/gate_element_share': np.float64(0.3938888888888889), 'environment/azk_step_deckbuild_gatecard/STT02-002/gate_element_share': np.float64(0.3938888888888889), 'environment/deckbuild_gatecard/STT02-002/type_share/ENTITY': np.float64(0.6938888888888889), 'environment/azk_step_deckbuild_gatecard/STT02-002/type_share/ENTITY': np.float64(0.6938888888888889), 'environment/deckbuild_gatecard/STT02-002/type_share/SPELL': np.float64(0.2511111111111111), 'environment/azk_step_deckbuild_gatecard/STT02-002/type_share/SPELL': np.float64(0.2511111111111111), 'environment/deckbuild_gatecard/STT02-002/type_share/WEAPON': np.float64(0.055000000000000014), 'environment/azk_step_deckbuild_gatecard/STT02-002/type_share/WEAPON': np.float64(0.055000000000000014), 'environment/deckbuild_gatecard/STT02-002/cost_share/0_1': np.float64(0.28555555555555556), 'environment/azk_step_deckbuild_gatecard/STT02-002/cost_share/0_1': np.float64(0.28555555555555556), 'environment/deckbuild_gatecard/STT02-002/cost_share/2_3': np.float64(0.43555555555555553), 'environment/azk_step_deckbuild_gatecard/STT02-002/cost_share/2_3': np.float64(0.43555555555555553), 'environment/deckbuild_gatecard/STT02-002/cost_share/4_5': np.float64(0.21055555555555558), 'environment/azk_step_deckbuild_gatecard/STT02-002/cost_share/4_5': np.float64(0.21055555555555558), 'environment/deckbuild_gatecard/STT02-002/cost_share/6_plus': np.float64(0.06833333333333334), 'environment/azk_step_deckbuild_gatecard/STT02-002/cost_share/6_plus': np.float64(0.06833333333333334), 'environment/deckbuild_gatecard/STT02-002/leader/AZK01-125': np.float64(1.0), 'environment/azk_step_deckbuild_gatecard/STT02-002/leader/AZK01-125': np.float64(1.0), 'environment/deckbuild_result/game': np.float64(1.0), 'environment/deckbuild_result/win': np.float64(0.5), 'environment/deckbuild_result/gate_match': np.float64(0.7142857142857143), 'environment/deckbuild_result/gate_match_win_joint': np.float64(0.35714285714285715), 'environment/deckbuild_result/gate_mismatch': np.float64(0.2857142857142857), 'environment/deckbuild_result/gate_mismatch_win_joint': np.float64(0.14285714285714285), 'environment/deckbuild_result/gate/WATER/game': np.float64(1.0), 'environment/deckbuild_result/gate/WATER/win': np.float64(0.5833333333333334), 'environment/deckbuild_result/gate_pair/WATER_vs_WATER/game': np.float64(1.0), 'environment/deckbuild_result/gate_pair/WATER_vs_WATER/win': np.float64(0.5), 'environment/deckbuild_result/gate_pair_unordered/WATER_vs_WATER/game': np.float64(1.0), 'environment/deckbuild_result/gate_pair_unordered/WATER_vs_WATER/win': np.float64(0.5), 'environment/deckbuild_result/gate_match/game': np.float64(1.0), 'environment/deckbuild_result/gate_match/win': np.float64(0.5), 'environment/deckbuild_result/gate_freq/EARTH': np.float64(0.07142857142857142), 'environment/deckbuild_result/gate_win_joint/EARTH': np.float64(0.07142857142857142), 'environment/deckbuild_result/gate_freq/FIRE': np.float64(0.0), 'environment/deckbuild_result/gate_win_joint/FIRE': np.float64(0.0), 'environment/deckbuild_result/gate_freq/LIGHTNING': np.float64(0.14285714285714285), 'environment/deckbuild_result/gate_win_joint/LIGHTNING': np.float64(0.0), 'environment/deckbuild_result/gate_freq/WATER': np.float64(0.7857142857142857), 'environment/deckbuild_result/gate_win_joint/WATER': np.float64(0.42857142857142855), 'environment/deckbuild_result/gate_pair_freq/EARTH_vs_EARTH': np.float64(0.0), 'environment/deckbuild_result/gate_pair_win_joint/EARTH_vs_EARTH': np.float64(0.0), 'environment/deckbuild_result/gate_pair_freq/EARTH_vs_FIRE': np.float64(0.0), 'environment/deckbuild_result/gate_pair_win_joint/EARTH_vs_FIRE': np.float64(0.0), 'environment/deckbuild_result/gate_pair_freq/EARTH_vs_LIGHTNING': np.float64(0.07142857142857142), 'environment/deckbuild_result/gate_pair_win_joint/EARTH_vs_LIGHTNING': np.float64(0.07142857142857142), 'environment/deckbuild_result/gate_pair_freq/EARTH_vs_WATER': np.float64(0.0), 'environment/deckbuild_result/gate_pair_win_joint/EARTH_vs_WATER': np.float64(0.0), 'environment/deckbuild_result/gate_pair_freq/FIRE_vs_EARTH': np.float64(0.0), 'environment/deckbuild_result/gate_pair_win_joint/FIRE_vs_EARTH': np.float64(0.0), 'environment/deckbuild_result/gate_pair_freq/FIRE_vs_FIRE': np.float64(0.0), 'environment/deckbuild_result/gate_pair_win_joint/FIRE_vs_FIRE': np.float64(0.0), 'environment/deckbuild_result/gate_pair_freq/FIRE_vs_LIGHTNING': np.float64(0.0), 'environment/deckbuild_result/gate_pair_win_joint/FIRE_vs_LIGHTNING': np.float64(0.0), 'environment/deckbuild_result/gate_pair_freq/FIRE_vs_WATER': np.float64(0.0), 'environment/deckbuild_result/gate_pair_win_joint/FIRE_vs_WATER': np.float64(0.0), 'environment/deckbuild_result/gate_pair_freq/LIGHTNING_vs_EARTH': np.float64(0.07142857142857142), 'environment/deckbuild_result/gate_pair_win_joint/LIGHTNING_vs_EARTH': np.float64(0.0), 'environment/deckbuild_result/gate_pair_freq/LIGHTNING_vs_FIRE': np.float64(0.0), 'environment/deckbuild_result/gate_pair_win_joint/LIGHTNING_vs_FIRE': np.float64(0.0), 'environment/deckbuild_result/gate_pair_freq/LIGHTNING_vs_LIGHTNING': np.float64(0.0), 'environment/deckbuild_result/gate_pair_win_joint/LIGHTNING_vs_LIGHTNING': np.float64(0.0), 'environment/deckbuild_result/gate_pair_freq/LIGHTNING_vs_WATER': np.float64(0.07142857142857142), 'environment/deckbuild_result/gate_pair_win_joint/LIGHTNING_vs_WATER': np.float64(0.0), 'environment/deckbuild_result/gate_pair_freq/WATER_vs_EARTH': np.float64(0.0), 'environment/deckbuild_result/gate_pair_win_joint/WATER_vs_EARTH': np.float64(0.0), 'environment/deckbuild_result/gate_pair_freq/WATER_vs_FIRE': np.float64(0.0), 'environment/deckbuild_result/gate_pair_win_joint/WATER_vs_FIRE': np.float64(0.0), 'environment/deckbuild_result/gate_pair_freq/WATER_vs_LIGHTNING': np.float64(0.07142857142857142), 'environment/deckbuild_result/gate_pair_win_joint/WATER_vs_LIGHTNING': np.float64(0.07142857142857142), 'environment/deckbuild_result/gate_pair_freq/WATER_vs_WATER': np.float64(0.7142857142857143), 'environment/deckbuild_result/gate_pair_win_joint/WATER_vs_WATER': np.float64(0.35714285714285715), 'environment/deckbuild_result/gate_pair_unordered_freq/EARTH_vs_EARTH': np.float64(0.0), 'environment/deckbuild_result/gate_pair_unordered_win_joint/EARTH_vs_EARTH': np.float64(0.0), 'environment/deckbuild_result/gate_pair_unordered_freq/EARTH_vs_FIRE': np.float64(0.0), 'environment/deckbuild_result/gate_pair_unordered_win_joint/EARTH_vs_FIRE': np.float64(0.0), 'environment/deckbuild_result/gate_pair_unordered_freq/EARTH_vs_LIGHTNING': np.float64(0.14285714285714285), 'environment/deckbuild_result/gate_pair_unordered_win_joint/EARTH_vs_LIGHTNING': np.float64(0.07142857142857142), 'environment/deckbuild_result/gate_pair_unordered_freq/EARTH_vs_WATER': np.float64(0.0), 'environment/deckbuild_result/gate_pair_unordered_win_joint/EARTH_vs_WATER': np.float64(0.0), 'environment/deckbuild_result/gate_pair_unordered_freq/FIRE_vs_FIRE': np.float64(0.0), 'environment/deckbuild_result/gate_pair_unordered_win_joint/FIRE_vs_FIRE': np.float64(0.0), 'environment/deckbuild_result/gate_pair_unordered_freq/FIRE_vs_LIGHTNING': np.float64(0.0), 'environment/deckbuild_result/gate_pair_unordered_win_joint/FIRE_vs_LIGHTNING': np.float64(0.0), 'environment/deckbuild_result/gate_pair_unordered_freq/FIRE_vs_WATER': np.float64(0.0), 'environment/deckbuild_result/gate_pair_unordered_win_joint/FIRE_vs_WATER': np.float64(0.0), 'environment/deckbuild_result/gate_pair_unordered_freq/LIGHTNING_vs_LIGHTNING': np.float64(0.0), 'environment/deckbuild_result/gate_pair_unordered_win_joint/LIGHTNING_vs_LIGHTNING': np.float64(0.0), 'environment/deckbuild_result/gate_pair_unordered_freq/LIGHTNING_vs_WATER': np.float64(0.14285714285714285), 'environment/deckbuild_result/gate_pair_unordered_win_joint/LIGHTNING_vs_WATER': np.float64(0.07142857142857142), 'environment/deckbuild_result/gate_pair_unordered_freq/WATER_vs_WATER': np.float64(0.7142857142857143), 'environment/deckbuild_result/gate_pair_unordered_win_joint/WATER_vs_WATER': np.float64(0.35714285714285715), 'environment/deckbuild_result/gatecard/STT02-002/game': np.float64(1.0), 'environment/deckbuild_result/gatecard/STT02-002/win': np.float64(0.5277777777777778), 'environment/deckbuild_result/gatecard/STT02-002/attack_rate': np.float64(0.21111548898948565), 'environment/deckbuild_result/gatecard/STT02-002/spell_rate': np.float64(0.04700853230638637), 'environment/deckbuild_result/gatecard/STT02-002/weapon_rate': np.float64(0.01033274149004784), 'environment/deckbuild_result/gatecard/STT02-002/portal_rate': np.float64(0.08870532818966441), 'environment/deckbuild_result/gatecard/STT02-002/play_entity_rate': np.float64(0.3131706598732206), 'environment/deckbuild_result/gatecard/STT02-002/noop_rate': np.float64(0.20718482012550035), 'environment/deckbuild_result/gatecard/STT02-002/episode_length': np.float64(209.33333333333334), 'environment/deckbuild_result/gatecard/STT02-002/leader_health': np.float64(0.24027777618418136), 'environment/deckbuild_result/gatecard/STT02-002/ability_rate': np.float64(0.060280107582608856), 'environment/deckbuild_gatecard/AZK01-126/game': np.float64(1.0), 'environment/azk_step_deckbuild_gatecard/AZK01-126/game': np.float64(1.0), 'environment/deckbuild_gatecard/AZK01-126/avg_cost': np.float64(2.875), 'environment/azk_step_deckbuild_gatecard/AZK01-126/avg_cost': np.float64(2.875), 'environment/deckbuild_gatecard/AZK01-126/main_unique': np.float64(36.0), 'environment/azk_step_deckbuild_gatecard/AZK01-126/main_unique': np.float64(36.0), 'environment/deckbuild_gatecard/AZK01-126/copy_entropy_norm': np.float64(0.9726791481031641), 'environment/azk_step_deckbuild_gatecard/AZK01-126/copy_entropy_norm': np.float64(0.9726791481031641), 'environment/deckbuild_gatecard/AZK01-126/gate_element_share': np.float64(0.365), 'environment/azk_step_deckbuild_gatecard/AZK01-126/gate_element_share': np.float64(0.365), 'environment/deckbuild_gatecard/AZK01-126/type_share/ENTITY': np.float64(0.67), 'environment/azk_step_deckbuild_gatecard/AZK01-126/type_share/ENTITY': np.float64(0.67), 'environment/deckbuild_gatecard/AZK01-126/type_share/SPELL': np.float64(0.22500000000000003), 'environment/azk_step_deckbuild_gatecard/AZK01-126/type_share/SPELL': np.float64(0.22500000000000003), 'environment/deckbuild_gatecard/AZK01-126/type_share/WEAPON': np.float64(0.10499999999999998), 'environment/azk_step_deckbuild_gatecard/AZK01-126/type_share/WEAPON': np.float64(0.10499999999999998), 'environment/deckbuild_gatecard/AZK01-126/cost_share/0_1': np.float64(0.26), 'environment/azk_step_deckbuild_gatecard/AZK01-126/cost_share/0_1': np.float64(0.26), 'environment/deckbuild_gatecard/AZK01-126/cost_share/2_3': np.float64(0.4), 'environment/azk_step_deckbuild_gatecard/AZK01-126/cost_share/2_3': np.float64(0.4), 'environment/deckbuild_gatecard/AZK01-126/cost_share/4_5': np.float64(0.26999999999999996), 'environment/azk_step_deckbuild_gatecard/AZK01-126/cost_share/4_5': np.float64(0.26999999999999996), 'environment/deckbuild_gatecard/AZK01-126/cost_share/6_plus': np.float64(0.07), 'environment/azk_step_deckbuild_gatecard/AZK01-126/cost_share/6_plus': np.float64(0.07), 'environment/deckbuild_gatecard/AZK01-126/leader/AZK01-125': np.float64(1.0), 'environment/azk_step_deckbuild_gatecard/AZK01-126/leader/AZK01-125': np.float64(1.0), 'environment/deckbuild_result/gatecard/AZK01-126/game': np.float64(1.0), 'environment/deckbuild_result/gatecard/AZK01-126/win': np.float64(0.5), 'environment/deckbuild_result/gatecard/AZK01-126/attack_rate': np.float64(0.1545826755464077), 'environment/deckbuild_result/gatecard/AZK01-126/spell_rate': np.float64(0.06493928469717503), 'environment/deckbuild_result/gatecard/AZK01-126/weapon_rate': np.float64(0.013738436857238412), 'environment/deckbuild_result/gatecard/AZK01-126/portal_rate': np.float64(0.072362395003438), 'environment/deckbuild_result/gatecard/AZK01-126/play_entity_rate': np.float64(0.2777402028441429), 'environment/deckbuild_result/gatecard/AZK01-126/noop_rate': np.float64(0.23012182489037514), 'environment/deckbuild_result/gatecard/AZK01-126/episode_length': np.float64(209.0), 'environment/deckbuild_result/gatecard/AZK01-126/leader_health': np.float64(0.10000000149011612), 'environment/deckbuild_result/gatecard/AZK01-126/ability_rate': np.float64(0.07593036722391844), 'environment/ref_seat_rate': np.float64(0.0), 'environment/deckbuild/leader_card/AZK01-119': np.float64(1.0), 'environment/azk_step_deckbuild/leader_card/AZK01-119': np.float64(1.0), 'environment/deckbuild_gatecard/STT01-002/game': np.float64(1.0), 'environment/azk_step_deckbuild_gatecard/STT01-002/game': np.float64(1.0), 'environment/deckbuild_gatecard/STT01-002/avg_cost': np.float64(2.48), 'environment/azk_step_deckbuild_gatecard/STT01-002/avg_cost': np.float64(2.48), 'environment/deckbuild_gatecard/STT01-002/main_unique': np.float64(35.0), 'environment/azk_step_deckbuild_gatecard/STT01-002/main_unique': np.float64(35.0), 'environment/deckbuild_gatecard/STT01-002/copy_entropy_norm': np.float64(0.9774583841689347), 'environment/azk_step_deckbuild_gatecard/STT01-002/copy_entropy_norm': np.float64(0.9774583841689347), 'environment/deckbuild_gatecard/STT01-002/gate_element_share': np.float64(0.38), 'environment/azk_step_deckbuild_gatecard/STT01-002/gate_element_share': np.float64(0.38), 'environment/deckbuild_gatecard/STT01-002/type_share/ENTITY': np.float64(0.68), 'environment/azk_step_deckbuild_gatecard/STT01-002/type_share/ENTITY': np.float64(0.68), 'environment/deckbuild_gatecard/STT01-002/type_share/SPELL': np.float64(0.24), 'environment/azk_step_deckbuild_gatecard/STT01-002/type_share/SPELL': np.float64(0.24), 'environment/deckbuild_gatecard/STT01-002/type_share/WEAPON': np.float64(0.08), 'environment/azk_step_deckbuild_gatecard/STT01-002/type_share/WEAPON': np.float64(0.08), 'environment/deckbuild_gatecard/STT01-002/cost_share/0_1': np.float64(0.3), 'environment/azk_step_deckbuild_gatecard/STT01-002/cost_share/0_1': np.float64(0.3), 'environment/deckbuild_gatecard/STT01-002/cost_share/2_3': np.float64(0.4), 'environment/azk_step_deckbuild_gatecard/STT01-002/cost_share/2_3': np.float64(0.4), 'environment/deckbuild_gatecard/STT01-002/cost_share/4_5': np.float64(0.28), 'environment/azk_step_deckbuild_gatecard/STT01-002/cost_share/4_5': np.float64(0.28), 'environment/deckbuild_gatecard/STT01-002/cost_share/6_plus': np.float64(0.02), 'environment/azk_step_deckbuild_gatecard/STT01-002/cost_share/6_plus': np.float64(0.02), 'environment/deckbuild_gatecard/STT01-002/leader/AZK01-119': np.float64(1.0), 'environment/azk_step_deckbuild_gatecard/STT01-002/leader/AZK01-119': np.float64(1.0), 'environment/deckbuild_result/gate/LIGHTNING/game': np.float64(1.0), 'environment/deckbuild_result/gate/LIGHTNING/win': np.float64(0.0), 'environment/deckbuild_result/gate_pair/LIGHTNING_vs_WATER/game': np.float64(1.0), 'environment/deckbuild_result/gate_pair/LIGHTNING_vs_WATER/win': np.float64(0.0), 'environment/deckbuild_result/gate_pair_unordered/LIGHTNING_vs_WATER/game': np.float64(1.0), 'environment/deckbuild_result/gate_pair_unordered/LIGHTNING_vs_WATER/win': np.float64(0.5), 'environment/deckbuild_result/gate_mismatch/game': np.float64(1.0), 'environment/deckbuild_result/gate_mismatch/win': np.float64(0.5), 'environment/deckbuild_result/gatecard/STT01-002/game': np.float64(1.0), 'environment/deckbuild_result/gatecard/STT01-002/win': np.float64(0.0), 'environment/deckbuild_result/gatecard/STT01-002/attack_rate': np.float64(0.18867924809455872), 'environment/deckbuild_result/gatecard/STT01-002/spell_rate': np.float64(0.056603774428367615), 'environment/deckbuild_result/gatecard/STT01-002/weapon_rate': np.float64(0.01886792480945587), 'environment/deckbuild_result/gatecard/STT01-002/portal_rate': np.float64(0.056603774428367615), 'environment/deckbuild_result/gatecard/STT01-002/play_entity_rate': np.float64(0.25471699237823486), 'environment/deckbuild_result/gatecard/STT01-002/noop_rate': np.float64(0.19811320304870605), 'environment/deckbuild_result/gatecard/STT01-002/episode_length': np.float64(209.0), 'environment/deckbuild_result/gatecard/STT01-002/leader_health': np.float64(0.0), 'environment/deckbuild_result/gatecard/STT01-002/ability_rate': np.float64(0.03773584961891174), 'environment/deckbuild/leader_card/STT02-001': np.float64(1.0), 'environment/azk_step_deckbuild/leader_card/STT02-001': np.float64(1.0), 'environment/deckbuild_gatecard/STT02-002/leader/STT02-001': np.float64(1.0), 'environment/azk_step_deckbuild_gatecard/STT02-002/leader/STT02-001': np.float64(1.0), 'environment/deckbuild_result/gate_pair/WATER_vs_LIGHTNING/game': np.float64(1.0), 'environment/deckbuild_result/gate_pair/WATER_vs_LIGHTNING/win': np.float64(1.0), 'environment/deckbuild_gatecard/AZK01-126/leader/STT02-001': np.float64(1.0), 'environment/azk_step_deckbuild_gatecard/AZK01-126/leader/STT02-001': np.float64(1.0), 'environment/deckbuild/leader_card/AZK01-123': np.float64(1.0), 'environment/azk_step_deckbuild/leader_card/AZK01-123': np.float64(1.0), 'environment/deckbuild_gatecard/AZK01-124/game': np.float64(1.0), 'environment/azk_step_deckbuild_gatecard/AZK01-124/game': np.float64(1.0), 'environment/deckbuild_gatecard/AZK01-124/avg_cost': np.float64(3.3), 'environment/azk_step_deckbuild_gatecard/AZK01-124/avg_cost': np.float64(3.3), 'environment/deckbuild_gatecard/AZK01-124/main_unique': np.float64(40.0), 'environment/azk_step_deckbuild_gatecard/AZK01-124/main_unique': np.float64(40.0), 'environment/deckbuild_gatecard/AZK01-124/copy_entropy_norm': np.float64(0.9824932517886867), 'environment/azk_step_deckbuild_gatecard/AZK01-124/copy_entropy_norm': np.float64(0.9824932517886867), 'environment/deckbuild_gatecard/AZK01-124/gate_element_share': np.float64(0.42), 'environment/azk_step_deckbuild_gatecard/AZK01-124/gate_element_share': np.float64(0.42), 'environment/deckbuild_gatecard/AZK01-124/type_share/ENTITY': np.float64(0.74), 'environment/azk_step_deckbuild_gatecard/AZK01-124/type_share/ENTITY': np.float64(0.74), 'environment/deckbuild_gatecard/AZK01-124/type_share/SPELL': np.float64(0.22), 'environment/azk_step_deckbuild_gatecard/AZK01-124/type_share/SPELL': np.float64(0.22), 'environment/deckbuild_gatecard/AZK01-124/type_share/WEAPON': np.float64(0.04), 'environment/azk_step_deckbuild_gatecard/AZK01-124/type_share/WEAPON': np.float64(0.04), 'environment/deckbuild_gatecard/AZK01-124/cost_share/0_1': np.float64(0.3), 'environment/azk_step_deckbuild_gatecard/AZK01-124/cost_share/0_1': np.float64(0.3), 'environment/deckbuild_gatecard/AZK01-124/cost_share/2_3': np.float64(0.28), 'environment/azk_step_deckbuild_gatecard/AZK01-124/cost_share/2_3': np.float64(0.28), 'environment/deckbuild_gatecard/AZK01-124/cost_share/4_5': np.float64(0.28), 'environment/azk_step_deckbuild_gatecard/AZK01-124/cost_share/4_5': np.float64(0.28), 'environment/deckbuild_gatecard/AZK01-124/cost_share/6_plus': np.float64(0.14), 'environment/azk_step_deckbuild_gatecard/AZK01-124/cost_share/6_plus': np.float64(0.14), 'environment/deckbuild_gatecard/AZK01-124/leader/AZK01-123': np.float64(1.0), 'environment/azk_step_deckbuild_gatecard/AZK01-124/leader/AZK01-123': np.float64(1.0), 'environment/deckbuild_result/gate/EARTH/game': np.float64(1.0), 'environment/deckbuild_result/gate/EARTH/win': np.float64(1.0), 'environment/deckbuild_result/gate_pair/EARTH_vs_LIGHTNING/game': np.float64(1.0), 'environment/deckbuild_result/gate_pair/EARTH_vs_LIGHTNING/win': np.float64(1.0), 'environment/deckbuild_result/gate_pair_unordered/EARTH_vs_LIGHTNING/game': np.float64(1.0), 'environment/deckbuild_result/gate_pair_unordered/EARTH_vs_LIGHTNING/win': np.float64(0.5), 'environment/deckbuild_result/gatecard/AZK01-124/game': np.float64(1.0), 'environment/deckbuild_result/gatecard/AZK01-124/win': np.float64(1.0), 'environment/deckbuild_result/gatecard/AZK01-124/attack_rate': np.float64(0.22500000894069672), 'environment/deckbuild_result/gatecard/AZK01-124/spell_rate': np.float64(0.02500000223517418), 'environment/deckbuild_result/gatecard/AZK01-124/weapon_rate': np.float64(0.008333333767950535), 'environment/deckbuild_result/gatecard/AZK01-124/portal_rate': np.float64(0.09166666865348816), 'environment/deckbuild_result/gatecard/AZK01-124/play_entity_rate': np.float64(0.2666666805744171), 'environment/deckbuild_result/gatecard/AZK01-124/noop_rate': np.float64(0.18333333730697632), 'environment/deckbuild_result/gatecard/AZK01-124/episode_length': np.float64(213.0), 'environment/deckbuild_result/gatecard/AZK01-124/leader_health': np.float64(0.25), 'environment/deckbuild_result/gatecard/AZK01-124/ability_rate': np.float64(0.10000000894069672), 'environment/deckbuild_gatecard/AZK01-120/game': np.float64(1.0), 'environment/azk_step_deckbuild_gatecard/AZK01-120/game': np.float64(1.0), 'environment/deckbuild_gatecard/AZK01-120/avg_cost': np.float64(2.64), 'environment/azk_step_deckbuild_gatecard/AZK01-120/avg_cost': np.float64(2.64), 'environment/deckbuild_gatecard/AZK01-120/main_unique': np.float64(35.0), 'environment/azk_step_deckbuild_gatecard/AZK01-120/main_unique': np.float64(35.0), 'environment/deckbuild_gatecard/AZK01-120/copy_entropy_norm': np.float64(0.9804018267501675), 'environment/azk_step_deckbuild_gatecard/AZK01-120/copy_entropy_norm': np.float64(0.9804018267501675), 'environment/deckbuild_gatecard/AZK01-120/gate_element_share': np.float64(0.34), 'environment/azk_step_deckbuild_gatecard/AZK01-120/gate_element_share': np.float64(0.34), 'environment/deckbuild_gatecard/AZK01-120/type_share/ENTITY': np.float64(0.72), 'environment/azk_step_deckbuild_gatecard/AZK01-120/type_share/ENTITY': np.float64(0.72), 'environment/deckbuild_gatecard/AZK01-120/type_share/SPELL': np.float64(0.12), 'environment/azk_step_deckbuild_gatecard/AZK01-120/type_share/SPELL': np.float64(0.12), 'environment/deckbuild_gatecard/AZK01-120/type_share/WEAPON': np.float64(0.16), 'environment/azk_step_deckbuild_gatecard/AZK01-120/type_share/WEAPON': np.float64(0.16), 'environment/deckbuild_gatecard/AZK01-120/cost_share/0_1': np.float64(0.36), 'environment/azk_step_deckbuild_gatecard/AZK01-120/cost_share/0_1': np.float64(0.36), 'environment/deckbuild_gatecard/AZK01-120/cost_share/2_3': np.float64(0.32), 'environment/azk_step_deckbuild_gatecard/AZK01-120/cost_share/2_3': np.float64(0.32), 'environment/deckbuild_gatecard/AZK01-120/cost_share/4_5': np.float64(0.22), 'environment/azk_step_deckbuild_gatecard/AZK01-120/cost_share/4_5': np.float64(0.22), 'environment/deckbuild_gatecard/AZK01-120/cost_share/6_plus': np.float64(0.1), 'environment/azk_step_deckbuild_gatecard/AZK01-120/cost_share/6_plus': np.float64(0.1), 'environment/deckbuild_gatecard/AZK01-120/leader/AZK01-119': np.float64(1.0), 'environment/azk_step_deckbuild_gatecard/AZK01-120/leader/AZK01-119': np.float64(1.0), 'environment/deckbuild_result/gate_pair/LIGHTNING_vs_EARTH/game': np.float64(1.0), 'environment/deckbuild_result/gate_pair/LIGHTNING_vs_EARTH/win': np.float64(0.0), 'environment/deckbuild_result/gatecard/AZK01-120/game': np.float64(1.0), 'environment/deckbuild_result/gatecard/AZK01-120/win': np.float64(0.0), 'environment/deckbuild_result/gatecard/AZK01-120/attack_rate': np.float64(0.19354838132858276), 'environment/deckbuild_result/gatecard/AZK01-120/spell_rate': np.float64(0.032258063554763794), 'environment/deckbuild_result/gatecard/AZK01-120/weapon_rate': np.float64(0.04301075264811516), 'environment/deckbuild_result/gatecard/AZK01-120/portal_rate': np.float64(0.10752688348293304), 'environment/deckbuild_result/gatecard/AZK01-120/play_entity_rate': np.float64(0.34408602118492126), 'environment/deckbuild_result/gatecard/AZK01-120/noop_rate': np.float64(0.1827957034111023), 'environment/deckbuild_result/gatecard/AZK01-120/episode_length': np.float64(213.0), 'environment/deckbuild_result/gatecard/AZK01-120/leader_health': np.float64(0.0), 'environment/deckbuild_result/gatecard/AZK01-120/ability_rate': np.float64(0.05376344174146652), 'losses/policy_loss': 0.006684483028948307, 'losses/value_loss': 0.03392333909869194, 'losses/value_loss_total': 0.03392333909869194, 'losses/entropy': 1.4015929698944092, 'losses/old_approx_kl': -1.1926941624551546e-05, 'losses/approx_kl': 7.133591850561061e-08, 'losses/clipfrac': 0.0, 'losses/importance': 1.0000120401382446, 'losses/win_prob_aux_loss': 0.69140625, 'losses/win_prob_aux_labeled_frac': 0.05908203125, 'losses/explained_variance': 0.04979640245437622, 'losses/win_prob_aux_accuracy': 0.69921875, 'losses/win_prob_aux_brier': 0.2470703125, 'losses/win_prob_aux_pred_mean': 0.494140625, 'losses/win_prob_aux_target_mean': 0.494140625, 'performance/eval': 34.82898235321045, 'performance/train': 31.85644030570984, 'performance/eval_forward': 33.97365689277649, 'performance/env': 0.11111855506896973, 'performance/eval_copy': 0.6553792953491211, 'performance/eval_misc': 0.0886392593383789, 'performance/train_forward': 6.555711030960083, 'performance/learn_backward': 12.349203824996948, 'performance/learn_opt': 12.743345499038696, 'performance/train_copy': 0.009989738464355469, 'performance/train_misc': 0.19801735877990723}
[0;0H╭──────────────────────────────────────────────────────────────────────────────╮
│  PufferLib 4.0          🐡      CPU:     GPU: 0.0%  DRAM: 8.0%   VRAM: 0.0%  │
│                                138.9%                                        │
│                                                                              │
│  Summary          Value    Evaluate     34s  55%    Losses            Value  │
│  Env        azuki_local      Forwa…     33s  53%    policy_loss       0.010  │
│  Params           90.2M      Env         0s   0%    value_loss        0.028  │
│  Steps           307.2K      Copy        0s   1%    value_loss_to…    0.028  │
│  SPS                  0      Misc        0s   0%    entropy           1.157  │
│  Epoch               20    Train        31s  44%    old_approx_kl    -0.000  │
│  Uptime          3m 20s      Forwa…      6s   9%    approx_kl         0.000  │
│  Remaini…   A hair past      Backw…     12s  17%    clipfrac          0.000  │
│               a freckle      Optim…     12s  17%    importance        1.000  │
│                              Copy        0s   0%    win_prob_aux_…    0.688  │
│                              Misc        0s   0%    win_prob_aux_…    0.029  │
│                                                     explained_var…    0.032  │
│                                                     win_prob_aux_…    0.695  │
│                                                     win_prob_aux_…    0.247  │
│                                                     win_prob_aux_…    0.498  │
│                                                     win_prob_aux_…    0.516  │
│                                                                              │
│  User Stats                    Value    User Stats                    Value  │
╰──────────────────────────────────────────────────────────────────────────────╯

[checkpoint] parity verified: path=experiments/azuki_local_178416486303/model_azuki_local_000020.pt, rewritten=False, max_abs_diff=0, max_abs_diff_key=<none>
[W715 18:24:28.892327294 AllocatorConfig.cpp:28] Warning: PYTORCH_CUDA_ALLOC_CONF is deprecated, use PYTORCH_ALLOC_CONF instead (function operator())
