[sampler] legal-row overrides: deck_pick_smoothing_eps=0.02, legal_row_temperature=None
[sampler] schedule configured: subaction_temperature=1.200000->1.200000 (steps 0->307200), smoothing_eps=0.050000->0.050000 (steps 0->307200), applied_step=0, subaction_temperature_now=1.200000, smoothing_eps_now=0.050000
/home/skylark/git/azuki-tcg/python/.venv-codex/lib/python3.13/site-packages/torch/__init__.py:1617: UserWarning: Please use the new API settings to control TF32 behavior, such as torch.backends.cudnn.conv.fp32_precision = 'tf32' or torch.backends.cuda.matmul.fp32_precision = 'ieee'. Old settings, e.g, torch.backends.cuda.matmul.allow_tf32 = True, torch.backends.cudnn.allow_tf32 = True, allowTF32CuDNN() and allowTF32CuBLAS() will be deprecated after Pytorch 2.9. Please see https://pytorch.org/docs/main/notes/cuda.html#tensorfloat-32-tf32-on-ampere-and-later-devices (Triggered internally at /pytorch/aten/src/ATen/Context.cpp:80.)
  _C._set_float32_matmul_precision(precision)
[0;0H╭──────────────────────────────────────────────────────────────────────────────╮
│  PufferLib 4.0 🐡             CPU: 0.0%  GPU: 0.0%  DRAM: 0.0%   VRAM: 0.0%  │
│                                                                              │
│  Summary          Value    Evaluate      0s   0%    Losses            Value  │
│  Env        azuki_local      Forwa…      0s   0%                             │
│  Params           90.2M      Env         0s   0%                             │
│  Steps                0      Copy        0s   0%                             │
│  SPS                  0      Misc        0s   0%                             │
│  Epoch                0    Train         0s   0%                             │
│  Uptime              0s      Forwa…      0s   0%                             │
│  Remaini…   A hair past      Backw…      0s   0%                             │
│               a freckle      Optim…      0s   0%                             │
│                              Copy        0s   0%                             │
│                              Misc        0s   0%                             │
│                                                                              │
│  User Stats                    Value    User Stats                    Value  │
╰──────────────────────────────────────────────────────────────────────────────╯

[train] epoch plan: batch_size=15360, total_epochs=20, effective_total_timesteps=307200, sampler_temp=1.200000, sampler_smoothing=0.050000, ent_coef=0.010000
[anneal] ent_coef schedule: 0.010000->0.002000 (steps 184320->276480), applied_step=0
/home/skylark/git/azuki-tcg/python/.venv-codex/lib/python3.13/site-packages/torch/_dynamo/variables/functions.py:1598: UserWarning: Dynamo does not know how to trace the builtin `<unknown module>.Tensor.as_strided.` This function is either a Python builtin (e.g. _warnings.warn) or a third-party C/C++ Python extension (perhaps created with pybind).
If it is a Python builtin, please file an issue on GitHub so the PyTorch team can add support for it and see the next case for a workaround.
If it is a third-party C/C++ Python extension, please either wrap it into a PyTorch-understood custom operator (see https://pytorch.org/tutorials/advanced/custom_ops_landing_page.html for more details) or, if it is traceable, use `torch.compiler.allow_in_graph`.
  torch._dynamo.utils.warn_once(explanation + "\n" + "\n".join(hints))
W0715 18:34:27.731000 3422682 torch/_dynamo/convert_frame.py:1358] [5/8] torch._dynamo hit config.recompile_limit (8)
W0715 18:34:27.731000 3422682 torch/_dynamo/convert_frame.py:1358] [5/8]    function: 'torch_dynamo_resume_in_extract_at_272' (/home/skylark/git/azuki-tcg/python/src/policy/v2/tcg_policy.py:272)
W0715 18:34:27.731000 3422682 torch/_dynamo/convert_frame.py:1358] [5/8]    last reason: 5/0: Cache line invalidated because L['___stack0'] got deallocated
W0715 18:34:27.731000 3422682 torch/_dynamo/convert_frame.py:1358] [5/8] To log all recompilation reasons, use TORCH_LOGS="recompiles".
W0715 18:34:27.731000 3422682 torch/_dynamo/convert_frame.py:1358] [5/8] To diagnose recompilation issues, see https://pytorch.org/docs/main/torch.compiler_troubleshooting.html
W0715 18:34:27.997000 3422682 torch/_dynamo/convert_frame.py:1358] [4/8] torch._dynamo hit config.recompile_limit (8)
W0715 18:34:27.997000 3422682 torch/_dynamo/convert_frame.py:1358] [4/8]    function: 'extract' (/home/skylark/git/azuki-tcg/python/src/policy/v2/tcg_policy.py:263)
W0715 18:34:27.997000 3422682 torch/_dynamo/convert_frame.py:1358] [4/8]    last reason: 4/7: self.view_dtype == torch.int16                           # if self.view_dtype is torch.uint8:  # src/policy/v2/tcg_policy.py:266 in extract
W0715 18:34:27.997000 3422682 torch/_dynamo/convert_frame.py:1358] [4/8] To log all recompilation reasons, use TORCH_LOGS="recompiles".
W0715 18:34:27.997000 3422682 torch/_dynamo/convert_frame.py:1358] [4/8] To diagnose recompilation issues, see https://pytorch.org/docs/main/torch.compiler_troubleshooting.html
W0715 18:34:30.243000 3422682 torch/_dynamo/variables/tensor.py:1048] [31/0] Graph break from `Tensor.item()`, consider setting:
W0715 18:34:30.243000 3422682 torch/_dynamo/variables/tensor.py:1048] [31/0]     torch._dynamo.config.capture_scalar_outputs = True
W0715 18:34:30.243000 3422682 torch/_dynamo/variables/tensor.py:1048] [31/0] or:
W0715 18:34:30.243000 3422682 torch/_dynamo/variables/tensor.py:1048] [31/0]     env TORCHDYNAMO_CAPTURE_SCALAR_OUTPUTS=1
W0715 18:34:30.243000 3422682 torch/_dynamo/variables/tensor.py:1048] [31/0] to include these operations in the captured graph.
W0715 18:34:30.243000 3422682 torch/_dynamo/variables/tensor.py:1048] [31/0] 
W0715 18:34:30.243000 3422682 torch/_dynamo/variables/tensor.py:1048] [31/0] Graph break: from user code at:
W0715 18:34:30.243000 3422682 torch/_dynamo/variables/tensor.py:1048] [31/0]   File "/home/skylark/git/azuki-tcg/python/src/policy/v2/tcg_policy.py", line 2367, in torch_dynamo_resume_in_encode_observations_at_2354
W0715 18:34:30.243000 3422682 torch/_dynamo/variables/tensor.py:1048] [31/0]     self._cached_trim_bucket = self._compute_legal_action_trim_bucket(
W0715 18:34:30.243000 3422682 torch/_dynamo/variables/tensor.py:1048] [31/0]   File "/home/skylark/git/azuki-tcg/python/src/policy/v2/tcg_policy.py", line 2730, in _compute_legal_action_trim_bucket
W0715 18:34:30.243000 3422682 torch/_dynamo/variables/tensor.py:1048] [31/0]     max_active_rows = int(legal_action_count.long().max().item()) if legal_action_count.numel() > 0 else 0
W0715 18:34:30.243000 3422682 torch/_dynamo/variables/tensor.py:1048] [31/0] 
W0715 18:34:30.243000 3422682 torch/_dynamo/variables/tensor.py:1048] [31/0] 
W0715 18:35:00.947000 3422682 torch/_dynamo/convert_frame.py:1358] [0/8] torch._dynamo hit config.recompile_limit (8)
W0715 18:35:00.947000 3422682 torch/_dynamo/convert_frame.py:1358] [0/8]    function: 'encode_observations' (/home/skylark/git/azuki-tcg/python/src/policy/v2/tcg_policy.py:2351)
W0715 18:35:00.947000 3422682 torch/_dynamo/convert_frame.py:1358] [0/8]    last reason: 0/7: self._text_table_version == 7                            # self._text_table_version += 1  # src/policy/v2/tcg_policy.py:1656 in _invalidate_text_feature_table (HINT: torch.compile considers integer attributes of the nn.Module to be static. If you are observing recompilation, you might want to make this integer dynamic using torch._dynamo.config.allow_unspec_int_on_nn_module = True, or convert this integer into a tensor.)
W0715 18:35:00.947000 3422682 torch/_dynamo/convert_frame.py:1358] [0/8] To log all recompilation reasons, use TORCH_LOGS="recompiles".
W0715 18:35:00.947000 3422682 torch/_dynamo/convert_frame.py:1358] [0/8] To diagnose recompilation issues, see https://pytorch.org/docs/main/torch.compiler_troubleshooting.html
[0;0H╭──────────────────────────────────────────────────────────────────────────────╮
│  PufferLib 4.0          🐡      CPU:     GPU: 0.0%  DRAM: 3.8%   VRAM: 0.0%  │
│                                 48.6%                                        │
│                                                                              │
│  Summary          Value    Evaluate      0s   0%    Losses            Value  │
│  Env        azuki_local      Forwa…      0s   0%    policy_loss       0.039  │
│  Params           90.2M      Env         0s   0%    value_loss        0.000  │
│  Steps            15.4K      Copy        0s   0%    value_loss_to…    0.000  │
│  SPS       330.4841515…      Misc        0s   0%    entropy           1.948  │
│  Epoch                1    Train         0s   0%    old_approx_kl     0.000  │
│  Uptime             46s      Forwa…      0s   0%    approx_kl         0.000  │
│  Remaini…       14m 43s      Backw…      0s   0%    clipfrac          0.000  │
│                              Optim…      0s   0%    importance        1.000  │
│                              Copy        0s   0%    win_prob_aux_…    0.000  │
│                              Misc        0s   0%    win_prob_aux_…    0.000  │
│                                                     explained_var…   -1.206  │
│                                                     win_prob_aux_…    0.000  │
│                                                     win_prob_aux_…    0.000  │
│                                                     win_prob_aux_…    0.000  │
│                                                     win_prob_aux_…    0.000  │
│                                                                              │
│  User Stats                    Value    User Stats                    Value  │
│  sampler/subaction_tem…        1.200    sampler/smoothing_eps         0.050  │
│  anneal/ent_coef               0.010                                         │
╰──────────────────────────────────────────────────────────────────────────────╯

[epoch 1] {'SPS': 330.4843227303067, 'agent_steps': 15360, 'uptime': 46.477243185043335, 'epoch': 1, 'learning_rate': 0.0029815325108927073, 'environment/sampler/subaction_temperature': np.float64(1.2), 'environment/sampler/smoothing_eps': np.float64(0.05), 'environment/anneal/ent_coef': np.float64(0.01), 'performance/eval': 0.0, 'performance/train': 0.0, 'performance/eval_forward': 0.0, 'performance/env': 0.0, 'performance/eval_copy': 0.0, 'performance/eval_misc': 0.0, 'performance/train_forward': 0.0, 'performance/learn_backward': 0.0, 'performance/learn_opt': 0.0, 'performance/train_copy': 0.0, 'performance/train_misc': 0.0}
[0;0H╭──────────────────────────────────────────────────────────────────────────────╮
│  PufferLib 4.0         🐡       CPU:     GPU: 0.0%  DRAM: 3.9%   VRAM: 0.0%  │
│                                 65.4%                                        │
│                                                                              │
│  Summary          Value    Evaluate      0s   0%    Losses            Value  │
│  Env        azuki_local      Forwa…      0s   0%    policy_loss       0.002  │
│  Params           90.2M      Env         0s   0%    value_loss        0.000  │
│  Steps            30.7K      Copy        0s   0%    value_loss_to…    0.000  │
│  SPS               5.1K      Misc        0s   0%    entropy           2.180  │
│  Epoch                2    Train         0s   0%    old_approx_kl     0.000  │
│  Uptime             49s      Forwa…      0s   0%    approx_kl         0.000  │
│  Remaini…           53s      Backw…      0s   0%    clipfrac          0.000  │
│                              Optim…      0s   0%    importance        1.000  │
│                              Copy        0s   0%    win_prob_aux_…    0.000  │
│                              Misc        0s   0%    win_prob_aux_…    0.000  │
│                                                     explained_var…   -0.025  │
│                                                     win_prob_aux_…    0.000  │
│                                                     win_prob_aux_…    0.000  │
│                                                     win_prob_aux_…    0.000  │
│                                                     win_prob_aux_…    0.000  │
│                                                                              │
│  User Stats                    Value    User Stats                    Value  │
│  league/active                 1.000    sampler/subaction_tem…        1.200  │
│  sampler/smoothing_eps         0.050    anneal/ent_coef               0.010  │
╰──────────────────────────────────────────────────────────────────────────────╯

[epoch 2] {'SPS': 5144.8523086727255, 'agent_steps': 30720, 'uptime': 49.471757650375366, 'epoch': 2, 'learning_rate': 0.002926584774442731, 'environment/league/active': np.float64(1.0), 'environment/sampler/subaction_temperature': np.float64(1.2), 'environment/sampler/smoothing_eps': np.float64(0.05), 'environment/anneal/ent_coef': np.float64(0.01), 'losses/policy_loss': 0.03878685086965561, 'losses/value_loss': 7.58367150410777e-07, 'losses/value_loss_total': 7.58367150410777e-07, 'losses/entropy': 1.9483864307403564, 'losses/old_approx_kl': 1.4092899618844967e-05, 'losses/approx_kl': 1.2846916206399328e-06, 'losses/clipfrac': 0.0, 'losses/importance': 0.9999872446060181, 'losses/win_prob_aux_loss': 0.0, 'losses/win_prob_aux_labeled_frac': 0.0, 'losses/explained_variance': -1.206434965133667, 'losses/win_prob_aux_accuracy': 0.0, 'losses/win_prob_aux_brier': 0.0, 'losses/win_prob_aux_pred_mean': 0.0, 'losses/win_prob_aux_target_mean': 0.0, 'performance/eval': 0.0, 'performance/train': 0.0, 'performance/eval_forward': 0.0, 'performance/env': 0.0, 'performance/eval_copy': 0.0, 'performance/eval_misc': 0.0, 'performance/train_forward': 0.0, 'performance/learn_backward': 0.0, 'performance/learn_opt': 0.0, 'performance/train_copy': 0.0, 'performance/train_misc': 0.0}
[0;0H╭──────────────────────────────────────────────────────────────────────────────╮
│  PufferLib 4.0        🐡        CPU:     GPU: 0.0%  DRAM: 4.0%   VRAM: 0.0%  │
│                                 82.7%                                        │
│                                                                              │
│  Summary          Value    Evaluate      0s   0%    Losses            Value  │
│  Env        azuki_local      Forwa…      0s   0%    policy_loss       0.036  │
│  Params           90.2M      Env         0s   0%    value_loss        0.000  │
│  Steps            46.1K      Copy        0s   0%    value_loss_to…    0.000  │
│  SPS               5.2K      Misc        0s   0%    entropy           2.179  │
│  Epoch                3    Train         0s   0%    old_approx_kl     0.000  │
│  Uptime             52s      Forwa…      0s   0%    approx_kl         0.000  │
│  Remaini…           50s      Backw…      0s   0%    clipfrac          0.000  │
│                              Optim…      0s   0%    importance        1.000  │
│                              Copy        0s   0%    win_prob_aux_…    0.000  │
│                              Misc        0s   0%    win_prob_aux_…    0.000  │
│                                                     explained_var…   -1.652  │
│                                                     win_prob_aux_…    0.000  │
│                                                     win_prob_aux_…    0.000  │
│                                                     win_prob_aux_…    0.000  │
│                                                     win_prob_aux_…    0.000  │
│                                                                              │
│  User Stats                    Value    User Stats                    Value  │
│  league/active                 1.000    sampler/subaction_tem…        1.200  │
│  sampler/smoothing_eps         0.050    anneal/ent_coef               0.010  │
╰──────────────────────────────────────────────────────────────────────────────╯

[epoch 3] {'SPS': 5157.893958817236, 'agent_steps': 46080, 'uptime': 52.458773374557495, 'epoch': 3, 'learning_rate': 0.0028365097862825526, 'environment/league/active': np.float64(1.0), 'environment/sampler/subaction_temperature': np.float64(1.2), 'environment/sampler/smoothing_eps': np.float64(0.05), 'environment/anneal/ent_coef': np.float64(0.01), 'losses/policy_loss': 0.0024695415049791336, 'losses/value_loss': 7.964773089952359e-07, 'losses/value_loss_total': 7.964773089952359e-07, 'losses/entropy': 2.180084705352783, 'losses/old_approx_kl': 2.601882442831993e-07, 'losses/approx_kl': 1.1308245575492037e-06, 'losses/clipfrac': 0.0, 'losses/importance': 1.0000009536743164, 'losses/win_prob_aux_loss': 0.0, 'losses/win_prob_aux_labeled_frac': 0.0, 'losses/explained_variance': -0.024918079376220703, 'losses/win_prob_aux_accuracy': 0.0, 'losses/win_prob_aux_brier': 0.0, 'losses/win_prob_aux_pred_mean': 0.0, 'losses/win_prob_aux_target_mean': 0.0, 'performance/eval': 0.0, 'performance/train': 0.0, 'performance/eval_forward': 0.0, 'performance/env': 0.0, 'performance/eval_copy': 0.0, 'performance/eval_misc': 0.0, 'performance/train_forward': 0.0, 'performance/learn_backward': 0.0, 'performance/learn_opt': 0.0, 'performance/train_copy': 0.0, 'performance/train_misc': 0.0}
[0;0H╭──────────────────────────────────────────────────────────────────────────────╮
│  PufferLib 4.0       🐡         CPU:     GPU: 0.0%  DRAM: 4.1%   VRAM: 0.0%  │
│                                 97.8%                                        │
│                                                                              │
│  Summary          Value    Evaluate      0s   0%    Losses            Value  │
│  Env        azuki_local      Forwa…      0s   0%    policy_loss      -0.012  │
│  Params           90.2M      Env         0s   0%    value_loss        0.000  │
│  Steps            61.4K      Copy        0s   0%    value_loss_to…    0.000  │
│  SPS               5.2K      Misc        0s   0%    entropy           2.177  │
│  Epoch                4    Train         0s   0%    old_approx_kl     0.000  │
│  Uptime             55s      Forwa…      0s   0%    approx_kl         0.000  │
│  Remaini…           47s      Backw…      0s   0%    clipfrac          0.000  │
│                              Optim…      0s   0%    importance        1.000  │
│                              Copy        0s   0%    win_prob_aux_…    0.000  │
│                              Misc        0s   0%    win_prob_aux_…    0.000  │
│                                                     explained_var…   -2.592  │
│                                                     win_prob_aux_…    0.000  │
│                                                     win_prob_aux_…    0.000  │
│                                                     win_prob_aux_…    0.000  │
│                                                     win_prob_aux_…    0.000  │
│                                                                              │
│  User Stats                    Value    User Stats                    Value  │
│  league/active                 1.000    sampler/subaction_tem…        1.200  │
│  sampler/smoothing_eps         0.050    anneal/ent_coef               0.010  │
╰──────────────────────────────────────────────────────────────────────────────╯

[epoch 4] {'SPS': 5151.498338993961, 'agent_steps': 61440, 'uptime': 55.44855356216431, 'epoch': 4, 'learning_rate': 0.0027135254915624223, 'environment/league/active': np.float64(1.0), 'environment/sampler/subaction_temperature': np.float64(1.2), 'environment/sampler/smoothing_eps': np.float64(0.05), 'environment/anneal/ent_coef': np.float64(0.01), 'losses/policy_loss': 0.036455608904361725, 'losses/value_loss': 6.782707373531593e-07, 'losses/value_loss_total': 6.782707373531593e-07, 'losses/entropy': 2.1785025596618652, 'losses/old_approx_kl': 1.3589587979367934e-05, 'losses/approx_kl': 2.3101554234017385e-06, 'losses/clipfrac': 0.0, 'losses/importance': 0.9999887347221375, 'losses/win_prob_aux_loss': 0.0, 'losses/win_prob_aux_labeled_frac': 0.0, 'losses/explained_variance': -1.6520016193389893, 'losses/win_prob_aux_accuracy': 0.0, 'losses/win_prob_aux_brier': 0.0, 'losses/win_prob_aux_pred_mean': 0.0, 'losses/win_prob_aux_target_mean': 0.0, 'performance/eval': 0.0, 'performance/train': 0.0, 'performance/eval_forward': 0.0, 'performance/env': 0.0, 'performance/eval_copy': 0.0, 'performance/eval_misc': 0.0, 'performance/train_forward': 0.0, 'performance/learn_backward': 0.0, 'performance/learn_opt': 0.0, 'performance/train_copy': 0.0, 'performance/train_misc': 0.0}
[0;0H╭──────────────────────────────────────────────────────────────────────────────╮
│  PufferLib 4.0      🐡          CPU:     GPU: 0.0%  DRAM: 4.2%   VRAM: 0.0%  │
│                                 99.4%                                        │
│                                                                              │
│  Summary          Value    Evaluate      7s   0%    Losses            Value  │
│  Env        azuki_local      Forwa…      7s   0%    policy_loss       0.007  │
│  Params           90.2M      Env         0s   0%    value_loss        0.000  │
│  Steps            76.8K      Copy        0s   0%    value_loss_to…    0.000  │
│  SPS               4.9K      Misc        0s   0%    entropy           2.178  │
│  Epoch                5    Train         7s   0%    old_approx_kl     0.000  │
│  Uptime             58s      Forwa…      1s   0%    approx_kl         0.000  │
│  Remaini…           47s      Backw…      3s   0%    clipfrac          0.000  │
│                              Optim…      3s   0%    importance        1.000  │
│                              Copy        0s   0%    win_prob_aux_…    0.000  │
│                              Misc        0s   0%    win_prob_aux_…    0.000  │
│                                                     explained_var…    0.302  │
│                                                     win_prob_aux_…    0.000  │
│                                                     win_prob_aux_…    0.000  │
│                                                     win_prob_aux_…    0.000  │
│                                                     win_prob_aux_…    0.000  │
│                                                                              │
│  User Stats                    Value    User Stats                    Value  │
│  league/active                 1.000    sampler/subaction_tem…        1.200  │
│  sampler/smoothing_eps         0.050    anneal/ent_coef               0.010  │
╰──────────────────────────────────────────────────────────────────────────────╯

[epoch 5] {'SPS': 4870.082110549778, 'agent_steps': 76800, 'uptime': 58.61136603355408, 'epoch': 5, 'learning_rate': 0.0025606601717798223, 'environment/league/active': np.float64(1.0), 'environment/sampler/subaction_temperature': np.float64(1.2), 'environment/sampler/smoothing_eps': np.float64(0.05), 'environment/anneal/ent_coef': np.float64(0.01), 'losses/policy_loss': -0.011557424440979958, 'losses/value_loss': 1.1235202634907182e-07, 'losses/value_loss_total': 1.1235202634907182e-07, 'losses/entropy': 2.1770987510681152, 'losses/old_approx_kl': 1.6539357602596283e-05, 'losses/approx_kl': 1.3141398085281253e-06, 'losses/clipfrac': 0.0, 'losses/importance': 0.9999848008155823, 'losses/win_prob_aux_loss': 0.0, 'losses/win_prob_aux_labeled_frac': 0.0, 'losses/explained_variance': -2.592226028442383, 'losses/win_prob_aux_accuracy': 0.0, 'losses/win_prob_aux_brier': 0.0, 'losses/win_prob_aux_pred_mean': 0.0, 'losses/win_prob_aux_target_mean': 0.0, 'performance/eval': 7.823461294174194, 'performance/train': 7.942686080932617, 'performance/eval_forward': 7.663236856460571, 'performance/env': 0.014263391494750977, 'performance/eval_copy': 0.13952136039733887, 'performance/eval_misc': 0.0063860416412353516, 'performance/train_forward': 1.6351330280303955, 'performance/learn_backward': 3.0565690994262695, 'performance/learn_opt': 3.19954514503479, 'performance/train_copy': 0.0025069713592529297, 'performance/train_misc': 0.048891305923461914}
[0;0H╭──────────────────────────────────────────────────────────────────────────────╮
│  PufferLib 4.0     🐡           CPU:     GPU: 0.0%  DRAM: 4.2%   VRAM: 0.0%  │
│                                118.4%                                        │
│                                                                              │
│  Summary          Value    Evaluate      7s  49%    Losses            Value  │
│  Env        azuki_local      Forwa…      7s  48%    policy_loss      -0.026  │
│  Params           90.2M      Env         0s   0%    value_loss        0.000  │
│  Steps            92.2K      Copy        0s   0%    value_loss_to…    0.000  │
│  SPS               5.2K      Misc        0s   0%    entropy           2.178  │
│  Epoch                6    Train         7s  50%    old_approx_kl     0.000  │
│  Uptime           1m 1s      Forwa…      1s  10%    approx_kl         0.000  │
│  Remaini…           41s      Backw…      3s  19%    clipfrac          0.000  │
│                              Optim…      3s  20%    importance        1.000  │
│                              Copy        0s   0%    win_prob_aux_…    0.000  │
│                              Misc        0s   0%    win_prob_aux_…    0.000  │
│                                                     explained_var…   -1.651  │
│                                                     win_prob_aux_…    0.000  │
│                                                     win_prob_aux_…    0.000  │
│                                                     win_prob_aux_…    0.000  │
│                                                     win_prob_aux_…    0.000  │
│                                                                              │
│  User Stats                    Value    User Stats                    Value  │
│  league/active                 1.000    sampler/subaction_tem…        1.200  │
│  sampler/smoothing_eps         0.050    anneal/ent_coef               0.010  │
╰──────────────────────────────────────────────────────────────────────────────╯

[epoch 6] {'SPS': 5166.857645231108, 'agent_steps': 92160, 'uptime': 61.593039989471436, 'epoch': 6, 'learning_rate': 0.0023816778784387107, 'environment/league/active': np.float64(1.0), 'environment/sampler/subaction_temperature': np.float64(1.2), 'environment/sampler/smoothing_eps': np.float64(0.05), 'environment/anneal/ent_coef': np.float64(0.01), 'losses/policy_loss': 0.0069183241575956345, 'losses/value_loss': 4.227753720442706e-07, 'losses/value_loss_total': 4.227753720442706e-07, 'losses/entropy': 2.178396224975586, 'losses/old_approx_kl': 1.848326064646244e-06, 'losses/approx_kl': 1.636164142837515e-06, 'losses/clipfrac': 0.0, 'losses/importance': 0.9999998211860657, 'losses/win_prob_aux_loss': 0.0, 'losses/win_prob_aux_labeled_frac': 0.0, 'losses/explained_variance': 0.3016394376754761, 'losses/win_prob_aux_accuracy': 0.0, 'losses/win_prob_aux_brier': 0.0, 'losses/win_prob_aux_pred_mean': 0.0, 'losses/win_prob_aux_target_mean': 0.0, 'performance/eval': 7.823461294174194, 'performance/train': 7.942686080932617, 'performance/eval_forward': 7.663236856460571, 'performance/env': 0.014263391494750977, 'performance/eval_copy': 0.13952136039733887, 'performance/eval_misc': 0.0063860416412353516, 'performance/train_forward': 1.6351330280303955, 'performance/learn_backward': 3.0565690994262695, 'performance/learn_opt': 3.19954514503479, 'performance/train_copy': 0.0025069713592529297, 'performance/train_misc': 0.048891305923461914}
[0;0H╭──────────────────────────────────────────────────────────────────────────────╮
│  PufferLib 4.0    🐡            CPU:     GPU: 0.0%  DRAM: 5.0%   VRAM: 0.0%  │
│                                147.9%                                        │
│                                                                              │
│  Summary          Value    Evaluate      7s  49%    Losses            Value  │
│  Env        azuki_local      Forwa…      7s  48%    policy_loss       0.001  │
│  Params           90.2M      Env         0s   0%    value_loss        0.023  │
│  Steps           107.5K      Copy        0s   0%    value_loss_to…    0.023  │
│  SPS               3.3K      Misc        0s   0%    entropy           1.276  │
│  Epoch                7    Train         7s  50%    old_approx_kl    -0.000  │
│  Uptime           1m 6s      Forwa…      1s  10%    approx_kl         0.000  │
│  Remaini…         1m 1s      Backw…      3s  19%    clipfrac          0.000  │
│                              Optim…      3s  20%    importance        1.000  │
│                              Copy        0s   0%    win_prob_aux_…    0.000  │
│                              Misc        0s   0%    win_prob_aux_…    0.000  │
│                                                     explained_var…    0.003  │
│                                                     win_prob_aux_…    0.000  │
│                                                     win_prob_aux_…    0.000  │
│                                                     win_prob_aux_…    0.000  │
│                                                     win_prob_aux_…    0.000  │
│                                                                              │
│  User Stats                    Value    User Stats                    Value  │
│  league/active                 1.000    sampler/subaction_tem…        1.200  │
│  sampler/smoothing_eps         0.050    anneal/ent_coef               0.010  │
╰──────────────────────────────────────────────────────────────────────────────╯

[epoch 7] {'SPS': 3269.1721312282325, 'agent_steps': 107520, 'uptime': 66.29964590072632, 'epoch': 7, 'learning_rate': 0.002180985749609321, 'environment/league/active': np.float64(1.0), 'environment/sampler/subaction_temperature': np.float64(1.2), 'environment/sampler/smoothing_eps': np.float64(0.05), 'environment/anneal/ent_coef': np.float64(0.01), 'losses/policy_loss': -0.02635050192475319, 'losses/value_loss': 5.644174052577e-07, 'losses/value_loss_total': 5.644174052577e-07, 'losses/entropy': 2.178007125854492, 'losses/old_approx_kl': 1.397740652464563e-05, 'losses/approx_kl': 4.581030225381255e-06, 'losses/clipfrac': 0.0, 'losses/importance': 0.999990701675415, 'losses/win_prob_aux_loss': 0.0, 'losses/win_prob_aux_labeled_frac': 0.0, 'losses/explained_variance': -1.6511149406433105, 'losses/win_prob_aux_accuracy': 0.0, 'losses/win_prob_aux_brier': 0.0, 'losses/win_prob_aux_pred_mean': 0.0, 'losses/win_prob_aux_target_mean': 0.0, 'performance/eval': 7.823461294174194, 'performance/train': 7.942686080932617, 'performance/eval_forward': 7.663236856460571, 'performance/env': 0.014263391494750977, 'performance/eval_copy': 0.13952136039733887, 'performance/eval_misc': 0.0063860416412353516, 'performance/train_forward': 1.6351330280303955, 'performance/learn_backward': 3.0565690994262695, 'performance/learn_opt': 3.19954514503479, 'performance/train_copy': 0.0025069713592529297, 'performance/train_misc': 0.048891305923461914}
[0;0H╭──────────────────────────────────────────────────────────────────────────────╮
│  PufferLib 4.0   🐡             CPU:     GPU: 0.0%  DRAM: 5.6%   VRAM: 0.0%  │
│                                149.4%                                        │
│                                                                              │
│  Summary          Value    Evaluate      7s  49%    Losses            Value  │
│  Env        azuki_local      Forwa…      7s  48%    policy_loss       0.002  │
│  Params           90.2M      Env         0s   0%    value_loss        0.026  │
│  Steps           122.9K      Copy        0s   0%    value_loss_to…    0.026  │
│  SPS               4.9K      Misc        0s   0%    entropy           0.815  │
│  Epoch                8    Train         7s  50%    old_approx_kl    -0.000  │
│  Uptime           1m 9s      Forwa…      1s  10%    approx_kl         0.000  │
│  Remaini…           37s      Backw…      3s  19%    clipfrac          0.000  │
│                              Optim…      3s  20%    importance        1.000  │
│                              Copy        0s   0%    win_prob_aux_…    0.000  │
│                              Misc        0s   0%    win_prob_aux_…    0.000  │
│                                                     explained_var…    0.015  │
│                                                     win_prob_aux_…    0.000  │
│                                                     win_prob_aux_…    0.000  │
│                                                     win_prob_aux_…    0.000  │
│                                                     win_prob_aux_…    0.000  │
│                                                                              │
│  User Stats                    Value    User Stats                    Value  │
│  league/active                 1.000    sampler/subaction_tem…        1.200  │
│  sampler/smoothing_eps         0.050    anneal/ent_coef               0.010  │
╰──────────────────────────────────────────────────────────────────────────────╯

[epoch 8] {'SPS': 4922.009671278302, 'agent_steps': 122880, 'uptime': 69.42954325675964, 'epoch': 8, 'learning_rate': 0.001963525491562422, 'environment/league/active': np.float64(1.0), 'environment/sampler/subaction_temperature': np.float64(1.2), 'environment/sampler/smoothing_eps': np.float64(0.05), 'environment/anneal/ent_coef': np.float64(0.01), 'losses/policy_loss': 0.0013909600675106049, 'losses/value_loss': 0.02328803576529026, 'losses/value_loss_total': 0.02328803576529026, 'losses/entropy': 1.2757264375686646, 'losses/old_approx_kl': -4.8483074351679534e-05, 'losses/approx_kl': 3.038734030269552e-05, 'losses/clipfrac': 0.0, 'losses/importance': 1.0000789165496826, 'losses/win_prob_aux_loss': 0.0, 'losses/win_prob_aux_labeled_frac': 0.0, 'losses/explained_variance': 0.0030117034912109375, 'losses/win_prob_aux_accuracy': 0.0, 'losses/win_prob_aux_brier': 0.0, 'losses/win_prob_aux_pred_mean': 0.0, 'losses/win_prob_aux_target_mean': 0.0, 'performance/eval': 7.823461294174194, 'performance/train': 7.942686080932617, 'performance/eval_forward': 7.663236856460571, 'performance/env': 0.014263391494750977, 'performance/eval_copy': 0.13952136039733887, 'performance/eval_misc': 0.0063860416412353516, 'performance/train_forward': 1.6351330280303955, 'performance/learn_backward': 3.0565690994262695, 'performance/learn_opt': 3.19954514503479, 'performance/train_copy': 0.0025069713592529297, 'performance/train_misc': 0.048891305923461914}
[0;0H╭──────────────────────────────────────────────────────────────────────────────╮
│  PufferLib 4.0  🐡              CPU:     GPU: 0.0%  DRAM: 6.2%   VRAM: 0.0%  │
│                                149.9%                                        │
│                                                                              │
│  Summary          Value    Evaluate      7s  49%    Losses            Value  │
│  Env        azuki_local      Forwa…      7s  48%    policy_loss      -0.000  │
│  Params           90.2M      Env         0s   0%    value_loss        0.018  │
│  Steps           138.2K      Copy        0s   0%    value_loss_to…    0.018  │
│  SPS               5.1K      Misc        0s   0%    entropy           0.893  │
│  Epoch                9    Train         7s  50%    old_approx_kl    -0.000  │
│  Uptime          1m 12s      Forwa…      1s  10%    approx_kl         0.000  │
│  Remaini…           33s      Backw…      3s  19%    clipfrac          0.000  │
│                              Optim…      3s  20%    importance        1.000  │
│                              Copy        0s   0%    win_prob_aux_…    0.000  │
│                              Misc        0s   0%    win_prob_aux_…    0.000  │
│                                                     explained_var…    0.029  │
│                                                     win_prob_aux_…    0.000  │
│                                                     win_prob_aux_…    0.000  │
│                                                     win_prob_aux_…    0.000  │
│                                                     win_prob_aux_…    0.000  │
│                                                                              │
│  User Stats                    Value    User Stats                    Value  │
│  league/active                 1.000    sampler/subaction_tem…        1.200  │
│  sampler/smoothing_eps         0.050    anneal/ent_coef               0.010  │
╰──────────────────────────────────────────────────────────────────────────────╯

[epoch 9] {'SPS': 5077.8650876835945, 'agent_steps': 138240, 'uptime': 72.46264362335205, 'epoch': 9, 'learning_rate': 0.0017346516975603472, 'environment/league/active': np.float64(1.0), 'environment/sampler/subaction_temperature': np.float64(1.2), 'environment/sampler/smoothing_eps': np.float64(0.05), 'environment/anneal/ent_coef': np.float64(0.01), 'losses/policy_loss': 0.0019738078117370605, 'losses/value_loss': 0.025909096002578735, 'losses/value_loss_total': 0.025909096002578735, 'losses/entropy': 0.8149491548538208, 'losses/old_approx_kl': -3.0211356715881266e-05, 'losses/approx_kl': 3.7111443816684186e-05, 'losses/clipfrac': 0.0, 'losses/importance': 1.0000673532485962, 'losses/win_prob_aux_loss': 0.0, 'losses/win_prob_aux_labeled_frac': 0.0, 'losses/explained_variance': 0.014989078044891357, 'losses/win_prob_aux_accuracy': 0.0, 'losses/win_prob_aux_brier': 0.0, 'losses/win_prob_aux_pred_mean': 0.0, 'losses/win_prob_aux_target_mean': 0.0, 'performance/eval': 7.823461294174194, 'performance/train': 7.942686080932617, 'performance/eval_forward': 7.663236856460571, 'performance/env': 0.014263391494750977, 'performance/eval_copy': 0.13952136039733887, 'performance/eval_misc': 0.0063860416412353516, 'performance/train_forward': 1.6351330280303955, 'performance/learn_backward': 3.0565690994262695, 'performance/learn_opt': 3.19954514503479, 'performance/train_copy': 0.0025069713592529297, 'performance/train_misc': 0.048891305923461914}
[0;0H╭──────────────────────────────────────────────────────────────────────────────╮
│  PufferLib 4.0 🐡               CPU:     GPU: 0.0%  DRAM: 6.9%   VRAM: 0.0%  │
│                                150.4%                                        │
│                                                                              │
│  Summary          Value    Evaluate     15s  49%    Losses            Value  │
│  Env        azuki_local      Forwa…     14s  48%    policy_loss      -0.003  │
│  Params           90.2M      Env         0s   0%    value_loss        0.022  │
│  Steps           153.6K      Copy        0s   0%    value_loss_to…    0.022  │
│  SPS               5.0K      Misc        0s   0%    entropy           0.913  │
│  Epoch               10    Train        15s  50%    old_approx_kl    -0.000  │
│  Uptime          1m 15s      Forwa…      3s  10%    approx_kl         0.000  │
│  Remaini…           30s      Backw…      6s  19%    clipfrac          0.000  │
│                              Optim…      6s  20%    importance        1.000  │
│                              Copy        0s   0%    win_prob_aux_…    0.000  │
│                              Misc        0s   0%    win_prob_aux_…    0.000  │
│                                                     explained_var…    0.040  │
│                                                     win_prob_aux_…    0.000  │
│                                                     win_prob_aux_…    0.000  │
│                                                     win_prob_aux_…    0.000  │
│                                                     win_prob_aux_…    0.000  │
│                                                                              │
│  User Stats                    Value    User Stats                    Value  │
│  league/active                 1.000    sampler/subaction_tem…        1.200  │
│  sampler/smoothing_eps         0.050    anneal/ent_coef               0.010  │
╰──────────────────────────────────────────────────────────────────────────────╯

[epoch 10] {'SPS': 4997.174989563446, 'agent_steps': 153600, 'uptime': 75.54451489448547, 'epoch': 10, 'learning_rate': 0.0015000000000000007, 'environment/league/active': np.float64(1.0), 'environment/sampler/subaction_temperature': np.float64(1.2), 'environment/sampler/smoothing_eps': np.float64(0.05), 'environment/anneal/ent_coef': np.float64(0.01), 'losses/policy_loss': -0.0001961439847946167, 'losses/value_loss': 0.01765429973602295, 'losses/value_loss_total': 0.01765429973602295, 'losses/entropy': 0.8928346633911133, 'losses/old_approx_kl': -0.00012080944725312293, 'losses/approx_kl': 2.501544622646179e-05, 'losses/clipfrac': 0.0, 'losses/importance': 1.0001457929611206, 'losses/win_prob_aux_loss': 0.0, 'losses/win_prob_aux_labeled_frac': 0.0, 'losses/explained_variance': 0.029301166534423828, 'losses/win_prob_aux_accuracy': 0.0, 'losses/win_prob_aux_brier': 0.0, 'losses/win_prob_aux_pred_mean': 0.0, 'losses/win_prob_aux_target_mean': 0.0, 'performance/eval': 15.233420133590698, 'performance/train': 15.897681713104248, 'performance/eval_forward': 14.90054726600647, 'performance/env': 0.02954840660095215, 'performance/eval_copy': 0.29045939445495605, 'performance/eval_misc': 0.012774467468261719, 'performance/train_forward': 3.2697975635528564, 'performance/learn_backward': 6.158890724182129, 'performance/learn_opt': 6.369037628173828, 'performance/train_copy': 0.004994869232177734, 'performance/train_misc': 0.09488224983215332}
[0;0H╭──────────────────────────────────────────────────────────────────────────────╮
│  PufferLib 4.0          🐡      CPU:     GPU: 0.0%  DRAM: 7.5%   VRAM: 0.0%  │
│                                149.4%                                        │
│                                                                              │
│  Summary          Value    Evaluate     15s  48%    Losses            Value  │
│  Env        azuki_local      Forwa…     14s  47%    policy_loss      -0.003  │
│  Params           90.2M      Env         0s   0%    value_loss        0.035  │
│  Steps           169.0K      Copy        0s   0%    value_loss_to…    0.035  │
│  SPS               5.2K      Misc        0s   0%    entropy           0.952  │
│  Epoch               11    Train        15s  51%    old_approx_kl     0.000  │
│  Uptime          1m 18s      Forwa…      3s  10%    approx_kl         0.000  │
│  Remaini…           26s      Backw…      6s  20%    clipfrac          0.000  │
│                              Optim…      6s  20%    importance        1.000  │
│                              Copy        0s   0%    win_prob_aux_…    0.691  │
│                              Misc        0s   0%    win_prob_aux_…    0.030  │
│                                                     explained_var…    0.033  │
│                                                     win_prob_aux_…    0.512  │
│                                                     win_prob_aux_…    0.249  │
│                                                     win_prob_aux_…    0.494  │
│                                                     win_prob_aux_…    0.498  │
│                                                                              │
│  User Stats                    Value    User Stats                    Value  │
│  league/active                 1.000    sampler/subaction_tem…        1.200  │
│  sampler/smoothing_eps         0.050    anneal/ent_coef               0.010  │
│  perf                          0.000    score                         0.000  │
│  episode_return                2.987    episode_length               67.500  │
│  p0_episode_return             2.987    p1_episode_return            -2.987  │
│  p0_winrate                    0.750    p1_winrate                    0.250  │
│  p0_start_rate                 0.500    p1_start_rate                 0.500  │
│  draw_rate                     0.000    timeout_truncation_ra…        0.000  │
│  auto_tick_truncation_…        0.000    zero_legal_action_tru…        0.000  │
│  gameover_terminal_rate        1.000    winner_terminal_rate          1.000  │
│  curriculum_episode_cap        0.000    reward_shaping_scale          1.000  │
│  completed_episodes            1.000    p0_noop_selected_rate         0.260  │
│  p1_noop_selected_rate         0.236    p0_attack_selected_ra…        0.236  │
│  p1_attack_selected_ra…        0.187    p0_attach_weapon_from…        0.029  │
│  p1_attach_weapon_from…        0.020    p0_play_spell_from_ha…        0.037  │
╰──────────────────────────────────────────────────────────────────────────────╯

[epoch 11] {'SPS': 5154.965767325998, 'agent_steps': 168960, 'uptime': 78.53218173980713, 'epoch': 11, 'learning_rate': 0.0012653483024396546, 'environment/league/active': np.float64(1.0), 'environment/sampler/subaction_temperature': np.float64(1.2), 'environment/sampler/smoothing_eps': np.float64(0.05), 'environment/anneal/ent_coef': np.float64(0.01), 'environment/perf': np.float64(0.0), 'environment/score': np.float64(0.0), 'environment/episode_return': np.float64(2.987452745437622), 'environment/episode_length': np.float64(67.5), 'environment/p0_episode_return': np.float64(2.987452745437622), 'environment/p1_episode_return': np.float64(-2.987452745437622), 'environment/p0_winrate': np.float64(0.75), 'environment/p1_winrate': np.float64(0.25), 'environment/p0_start_rate': np.float64(0.5), 'environment/p1_start_rate': np.float64(0.5), 'environment/draw_rate': np.float64(0.0), 'environment/timeout_truncation_rate': np.float64(0.0), 'environment/auto_tick_truncation_rate': np.float64(0.0), 'environment/zero_legal_action_truncation_rate': np.float64(0.0), 'environment/gameover_terminal_rate': np.float64(1.0), 'environment/winner_terminal_rate': np.float64(1.0), 'environment/curriculum_episode_cap': np.float64(0.0), 'environment/reward_shaping_scale': np.float64(1.0), 'environment/completed_episodes': np.float64(1.0), 'environment/p0_noop_selected_rate': np.float64(0.26026760041713715), 'environment/p1_noop_selected_rate': np.float64(0.23594870790839195), 'environment/p0_attack_selected_rate': np.float64(0.23639442771673203), 'environment/p1_attack_selected_rate': np.float64(0.1870265193283558), 'environment/p0_attach_weapon_from_hand_selected_rate': np.float64(0.028713200706988573), 'environment/p1_attach_weapon_from_hand_selected_rate': np.float64(0.020431305514648557), 'environment/p0_play_spell_from_hand_selected_rate': np.float64(0.036985637387260795), 'environment/p1_play_spell_from_hand_selected_rate': np.float64(0.03545768652111292), 'environment/p0_activate_garden_or_leader_ability_selected_rate': np.float64(0.029679894214496017), 'environment/p1_activate_garden_or_leader_ability_selected_rate': np.float64(0.029941351851448417), 'environment/p0_activate_alley_ability_selected_rate': np.float64(0.0), 'environment/p1_activate_alley_ability_selected_rate': np.float64(0.0), 'environment/p0_gate_portal_selected_rate': np.float64(0.09045450948178768), 'environment/p1_gate_portal_selected_rate': np.float64(0.09125861269421875), 'environment/p0_play_entity_to_alley_selected_rate': np.float64(0.09491879539564252), 'environment/p1_play_entity_to_alley_selected_rate': np.float64(0.12653970159590244), 'environment/p0_play_entity_to_garden_selected_rate': np.float64(0.09776025358587503), 'environment/p1_play_entity_to_garden_selected_rate': np.float64(0.07562453858554363), 'environment/p0_play_selected_rate': np.float64(0.3488323949277401), 'environment/p1_play_selected_rate': np.float64(0.34931184723973274), 'environment/p0_ability_selected_rate': np.float64(0.0330582729075104), 'environment/p1_ability_selected_rate': np.float64(0.04459771607071161), 'environment/p0_target_selected_rate': np.float64(0.12144733034074306), 'environment/p1_target_selected_rate': np.float64(0.18311522994190454), 'environment/p0_avg_leader_health': np.float64(0.5312500037252903), 'environment/p1_avg_leader_health': np.float64(0.22500000149011612), 'environment/p0_entity_damage_dealt': np.float64(0.0), 'environment/p1_entity_damage_dealt': np.float64(0.0), 'environment/p0_entity_damage_taken': np.float64(0.0), 'environment/p1_entity_damage_taken': np.float64(0.0), 'environment/p0_generated_ikz_created': np.float64(0.0), 'environment/p1_generated_ikz_created': np.float64(0.0), 'environment/p0_generated_ikz_converted': np.float64(0.0), 'environment/p1_generated_ikz_converted': np.float64(0.0), 'environment/p0_generated_ikz_conversion_rate': np.float64(0.0), 'environment/p1_generated_ikz_conversion_rate': np.float64(0.0), 'environment/p0_temporary_charge_realized': np.float64(0.0), 'environment/p1_temporary_charge_realized': np.float64(0.0), 'environment/p0_temporary_attack_damage_realized': np.float64(0.0), 'environment/p1_temporary_attack_damage_realized': np.float64(0.0), 'environment/p0_contextual_response_reserve_opportunities': np.float64(0.0), 'environment/p1_contextual_response_reserve_opportunities': np.float64(0.0), 'environment/n': np.float64(1.0), 'environment/deckbuild/completed': np.float64(1.0), 'environment/azk_step_deckbuild/completed': np.float64(1.0), 'environment/deckbuild/picks': np.float64(51.0), 'environment/azk_step_deckbuild/picks': np.float64(51.0), 'environment/deckbuild/main_count': np.float64(50.0), 'environment/azk_step_deckbuild/main_count': np.float64(50.0), 'environment/deckbuild/main_unique': np.float64(37.75), 'environment/azk_step_deckbuild/main_unique': np.float64(37.75), 'environment/deckbuild/main_unique_share': np.float64(0.755), 'environment/azk_step_deckbuild/main_unique_share': np.float64(0.755), 'environment/deckbuild/main_avg_copies_per_unique': np.float64(1.3299650628156727), 'environment/azk_step_deckbuild/main_avg_copies_per_unique': np.float64(1.3299650628156727), 'environment/deckbuild/main_max_copy_count': np.float64(3.375), 'environment/azk_step_deckbuild/main_max_copy_count': np.float64(3.375), 'environment/deckbuild/main_copy_entropy': np.float64(3.544128619389049), 'environment/azk_step_deckbuild/main_copy_entropy': np.float64(3.544128619389049), 'environment/deckbuild/main_copy_entropy_norm': np.float64(0.9765686880495373), 'environment/azk_step_deckbuild/main_copy_entropy_norm': np.float64(0.9765686880495373), 'environment/deckbuild/main_singleton_count': np.float64(27.875), 'environment/azk_step_deckbuild/main_singleton_count': np.float64(27.875), 'environment/deckbuild/main_pair_count': np.float64(8.0), 'environment/azk_step_deckbuild/main_pair_count': np.float64(8.0), 'environment/deckbuild/main_triplet_count': np.float64(1.375), 'environment/azk_step_deckbuild/main_triplet_count': np.float64(1.375), 'environment/deckbuild/main_quad_count': np.float64(0.5), 'environment/azk_step_deckbuild/main_quad_count': np.float64(0.5), 'environment/deckbuild/main_singleton_slot_share': np.float64(0.5575000000000001), 'environment/azk_step_deckbuild/main_singleton_slot_share': np.float64(0.5575000000000001), 'environment/deckbuild/main_pair_slot_share': np.float64(0.32000000000000006), 'environment/azk_step_deckbuild/main_pair_slot_share': np.float64(0.32000000000000006), 'environment/deckbuild/main_triplet_slot_share': np.float64(0.08249999999999999), 'environment/azk_step_deckbuild/main_triplet_slot_share': np.float64(0.08249999999999999), 'environment/deckbuild/main_quad_slot_share': np.float64(0.04), 'environment/azk_step_deckbuild/main_quad_slot_share': np.float64(0.04), 'environment/deckbuild/main_normal_share': np.float64(0.5925), 'environment/azk_step_deckbuild/main_normal_share': np.float64(0.5925), 'environment/deckbuild/main_gate_element_share': np.float64(0.40750000000000003), 'environment/azk_step_deckbuild/main_gate_element_share': np.float64(0.40750000000000003), 'environment/deckbuild/gate_match': np.float64(0.375), 'environment/azk_step_deckbuild/gate_match': np.float64(0.375), 'environment/deckbuild/gate/EARTH': np.float64(0.1875), 'environment/azk_step_deckbuild/gate/EARTH': np.float64(0.1875), 'environment/deckbuild/opponent_gate/EARTH': np.float64(0.1875), 'environment/azk_step_deckbuild/opponent_gate/EARTH': np.float64(0.1875), 'environment/deckbuild/leader/EARTH': np.float64(0.1875), 'environment/azk_step_deckbuild/leader/EARTH': np.float64(0.1875), 'environment/deckbuild/gate/FIRE': np.float64(0.3125), 'environment/azk_step_deckbuild/gate/FIRE': np.float64(0.3125), 'environment/deckbuild/opponent_gate/FIRE': np.float64(0.3125), 'environment/azk_step_deckbuild/opponent_gate/FIRE': np.float64(0.3125), 'environment/deckbuild/leader/FIRE': np.float64(0.3125), 'environment/azk_step_deckbuild/leader/FIRE': np.float64(0.3125), 'environment/deckbuild/gate/LIGHTNING': np.float64(0.5), 'environment/azk_step_deckbuild/gate/LIGHTNING': np.float64(0.5), 'environment/deckbuild/opponent_gate/LIGHTNING': np.float64(0.5), 'environment/azk_step_deckbuild/opponent_gate/LIGHTNING': np.float64(0.5), 'environment/deckbuild/leader/LIGHTNING': np.float64(0.5), 'environment/azk_step_deckbuild/leader/LIGHTNING': np.float64(0.5), 'environment/deckbuild/gate/WATER': np.float64(0.0), 'environment/azk_step_deckbuild/gate/WATER': np.float64(0.0), 'environment/deckbuild/opponent_gate/WATER': np.float64(0.0), 'environment/azk_step_deckbuild/opponent_gate/WATER': np.float64(0.0), 'environment/deckbuild/leader/WATER': np.float64(0.0), 'environment/azk_step_deckbuild/leader/WATER': np.float64(0.0), 'environment/deckbuild/main_type_count/ENTITY': np.float64(35.5), 'environment/azk_step_deckbuild/main_type_count/ENTITY': np.float64(35.5), 'environment/deckbuild/main_type_share/ENTITY': np.float64(0.71), 'environment/azk_step_deckbuild/main_type_share/ENTITY': np.float64(0.71), 'environment/deckbuild/main_type_count/SPELL': np.float64(9.875), 'environment/azk_step_deckbuild/main_type_count/SPELL': np.float64(9.875), 'environment/deckbuild/main_type_share/SPELL': np.float64(0.1975), 'environment/azk_step_deckbuild/main_type_share/SPELL': np.float64(0.1975), 'environment/deckbuild/main_type_count/WEAPON': np.float64(4.625), 'environment/azk_step_deckbuild/main_type_count/WEAPON': np.float64(4.625), 'environment/deckbuild/main_type_share/WEAPON': np.float64(0.0925), 'environment/azk_step_deckbuild/main_type_share/WEAPON': np.float64(0.0925), 'environment/deckbuild/main_element_count/EARTH': np.float64(3.0625), 'environment/azk_step_deckbuild/main_element_count/EARTH': np.float64(3.0625), 'environment/deckbuild/main_element_share/EARTH': np.float64(0.06125), 'environment/azk_step_deckbuild/main_element_share/EARTH': np.float64(0.06125), 'environment/deckbuild/main_element_count/FIRE': np.float64(6.5625), 'environment/azk_step_deckbuild/main_element_count/FIRE': np.float64(6.5625), 'environment/deckbuild/main_element_share/FIRE': np.float64(0.13125), 'environment/azk_step_deckbuild/main_element_share/FIRE': np.float64(0.13125), 'environment/deckbuild/main_element_count/LIGHTNING': np.float64(10.75), 'environment/azk_step_deckbuild/main_element_count/LIGHTNING': np.float64(10.75), 'environment/deckbuild/main_element_share/LIGHTNING': np.float64(0.215), 'environment/azk_step_deckbuild/main_element_share/LIGHTNING': np.float64(0.215), 'environment/deckbuild/main_element_count/NORMAL': np.float64(29.625), 'environment/azk_step_deckbuild/main_element_count/NORMAL': np.float64(29.625), 'environment/deckbuild/main_element_share/NORMAL': np.float64(0.5925), 'environment/azk_step_deckbuild/main_element_share/NORMAL': np.float64(0.5925), 'environment/deckbuild/main_element_count/WATER': np.float64(0.0), 'environment/azk_step_deckbuild/main_element_count/WATER': np.float64(0.0), 'environment/deckbuild/main_element_share/WATER': np.float64(0.0), 'environment/azk_step_deckbuild/main_element_share/WATER': np.float64(0.0), 'environment/deckbuild/main_avg_cost': np.float64(2.9387499999999998), 'environment/azk_step_deckbuild/main_avg_cost': np.float64(2.9387499999999998), 'environment/deckbuild/main_cost_share/0_1': np.float64(0.2375), 'environment/azk_step_deckbuild/main_cost_share/0_1': np.float64(0.2375), 'environment/deckbuild/main_cost_share/2_3': np.float64(0.41625), 'environment/azk_step_deckbuild/main_cost_share/2_3': np.float64(0.41625), 'environment/deckbuild/main_cost_share/4_5': np.float64(0.28250000000000003), 'environment/azk_step_deckbuild/main_cost_share/4_5': np.float64(0.28250000000000003), 'environment/deckbuild/main_cost_share/6_plus': np.float64(0.06375), 'environment/azk_step_deckbuild/main_cost_share/6_plus': np.float64(0.06375), 'environment/deckbuild/leader_card/AZK01-119': np.float64(1.0), 'environment/azk_step_deckbuild/leader_card/AZK01-119': np.float64(1.0), 'environment/deckbuild_gatecard/STT01-002/game': np.float64(1.0), 'environment/azk_step_deckbuild_gatecard/STT01-002/game': np.float64(1.0), 'environment/deckbuild_gatecard/STT01-002/avg_cost': np.float64(2.9450000000000003), 'environment/azk_step_deckbuild_gatecard/STT01-002/avg_cost': np.float64(2.9450000000000003), 'environment/deckbuild_gatecard/STT01-002/main_unique': np.float64(39.0), 'environment/azk_step_deckbuild_gatecard/STT01-002/main_unique': np.float64(39.0), 'environment/deckbuild_gatecard/STT01-002/copy_entropy_norm': np.float64(0.9767950426938613), 'environment/azk_step_deckbuild_gatecard/STT01-002/copy_entropy_norm': np.float64(0.9767950426938613), 'environment/deckbuild_gatecard/STT01-002/gate_element_share': np.float64(0.43), 'environment/azk_step_deckbuild_gatecard/STT01-002/gate_element_share': np.float64(0.43), 'environment/deckbuild_gatecard/STT01-002/type_share/ENTITY': np.float64(0.71), 'environment/azk_step_deckbuild_gatecard/STT01-002/type_share/ENTITY': np.float64(0.71), 'environment/deckbuild_gatecard/STT01-002/type_share/SPELL': np.float64(0.15), 'environment/azk_step_deckbuild_gatecard/STT01-002/type_share/SPELL': np.float64(0.15), 'environment/deckbuild_gatecard/STT01-002/type_share/WEAPON': np.float64(0.14), 'environment/azk_step_deckbuild_gatecard/STT01-002/type_share/WEAPON': np.float64(0.14), 'environment/deckbuild_gatecard/STT01-002/cost_share/0_1': np.float64(0.245), 'environment/azk_step_deckbuild_gatecard/STT01-002/cost_share/0_1': np.float64(0.245), 'environment/deckbuild_gatecard/STT01-002/cost_share/2_3': np.float64(0.4), 'environment/azk_step_deckbuild_gatecard/STT01-002/cost_share/2_3': np.float64(0.4), 'environment/deckbuild_gatecard/STT01-002/cost_share/4_5': np.float64(0.29500000000000004), 'environment/azk_step_deckbuild_gatecard/STT01-002/cost_share/4_5': np.float64(0.29500000000000004), 'environment/deckbuild_gatecard/STT01-002/cost_share/6_plus': np.float64(0.06), 'environment/azk_step_deckbuild_gatecard/STT01-002/cost_share/6_plus': np.float64(0.06), 'environment/deckbuild_gatecard/STT01-002/leader/AZK01-119': np.float64(1.0), 'environment/azk_step_deckbuild_gatecard/STT01-002/leader/AZK01-119': np.float64(1.0), 'environment/deckbuild_result/game': np.float64(1.0), 'environment/deckbuild_result/win': np.float64(0.5), 'environment/deckbuild_result/gate_match': np.float64(0.375), 'environment/deckbuild_result/gate_match_win_joint': np.float64(0.1875), 'environment/deckbuild_result/gate_mismatch': np.float64(0.625), 'environment/deckbuild_result/gate_mismatch_win_joint': np.float64(0.3125), 'environment/deckbuild_result/gate/LIGHTNING/game': np.float64(1.0), 'environment/deckbuild_result/gate/LIGHTNING/win': np.float64(0.8333333333333334), 'environment/deckbuild_result/gate_pair/LIGHTNING_vs_FIRE/game': np.float64(1.0), 'environment/deckbuild_result/gate_pair/LIGHTNING_vs_FIRE/win': np.float64(1.0), 'environment/deckbuild_result/gate_pair_unordered/FIRE_vs_LIGHTNING/game': np.float64(1.0), 'environment/deckbuild_result/gate_pair_unordered/FIRE_vs_LIGHTNING/win': np.float64(0.5), 'environment/deckbuild_result/gate_mismatch/game': np.float64(1.0), 'environment/deckbuild_result/gate_mismatch/win': np.float64(0.5), 'environment/deckbuild_result/gate_freq/EARTH': np.float64(0.1875), 'environment/deckbuild_result/gate_win_joint/EARTH': np.float64(0.0625), 'environment/deckbuild_result/gate_freq/FIRE': np.float64(0.3125), 'environment/deckbuild_result/gate_win_joint/FIRE': np.float64(0.0625), 'environment/deckbuild_result/gate_freq/LIGHTNING': np.float64(0.5), 'environment/deckbuild_result/gate_win_joint/LIGHTNING': np.float64(0.375), 'environment/deckbuild_result/gate_freq/WATER': np.float64(0.0), 'environment/deckbuild_result/gate_win_joint/WATER': np.float64(0.0), 'environment/deckbuild_result/gate_pair_freq/EARTH_vs_EARTH': np.float64(0.125), 'environment/deckbuild_result/gate_pair_win_joint/EARTH_vs_EARTH': np.float64(0.0625), 'environment/deckbuild_result/gate_pair_freq/EARTH_vs_FIRE': np.float64(0.0625), 'environment/deckbuild_result/gate_pair_win_joint/EARTH_vs_FIRE': np.float64(0.0), 'environment/deckbuild_result/gate_pair_freq/EARTH_vs_LIGHTNING': np.float64(0.0), 'environment/deckbuild_result/gate_pair_win_joint/EARTH_vs_LIGHTNING': np.float64(0.0), 'environment/deckbuild_result/gate_pair_freq/EARTH_vs_WATER': np.float64(0.0), 'environment/deckbuild_result/gate_pair_win_joint/EARTH_vs_WATER': np.float64(0.0), 'environment/deckbuild_result/gate_pair_freq/FIRE_vs_EARTH': np.float64(0.0625), 'environment/deckbuild_result/gate_pair_win_joint/FIRE_vs_EARTH': np.float64(0.0625), 'environment/deckbuild_result/gate_pair_freq/FIRE_vs_FIRE': np.float64(0.0), 'environment/deckbuild_result/gate_pair_win_joint/FIRE_vs_FIRE': np.float64(0.0), 'environment/deckbuild_result/gate_pair_freq/FIRE_vs_LIGHTNING': np.float64(0.25), 'environment/deckbuild_result/gate_pair_win_joint/FIRE_vs_LIGHTNING': np.float64(0.0), 'environment/deckbuild_result/gate_pair_freq/FIRE_vs_WATER': np.float64(0.0), 'environment/deckbuild_result/gate_pair_win_joint/FIRE_vs_WATER': np.float64(0.0), 'environment/deckbuild_result/gate_pair_freq/LIGHTNING_vs_EARTH': np.float64(0.0), 'environment/deckbuild_result/gate_pair_win_joint/LIGHTNING_vs_EARTH': np.float64(0.0), 'environment/deckbuild_result/gate_pair_freq/LIGHTNING_vs_FIRE': np.float64(0.25), 'environment/deckbuild_result/gate_pair_win_joint/LIGHTNING_vs_FIRE': np.float64(0.25), 'environment/deckbuild_result/gate_pair_freq/LIGHTNING_vs_LIGHTNING': np.float64(0.25), 'environment/deckbuild_result/gate_pair_win_joint/LIGHTNING_vs_LIGHTNING': np.float64(0.125), 'environment/deckbuild_result/gate_pair_freq/LIGHTNING_vs_WATER': np.float64(0.0), 'environment/deckbuild_result/gate_pair_win_joint/LIGHTNING_vs_WATER': np.float64(0.0), 'environment/deckbuild_result/gate_pair_freq/WATER_vs_EARTH': np.float64(0.0), 'environment/deckbuild_result/gate_pair_win_joint/WATER_vs_EARTH': np.float64(0.0), 'environment/deckbuild_result/gate_pair_freq/WATER_vs_FIRE': np.float64(0.0), 'environment/deckbuild_result/gate_pair_win_joint/WATER_vs_FIRE': np.float64(0.0), 'environment/deckbuild_result/gate_pair_freq/WATER_vs_LIGHTNING': np.float64(0.0), 'environment/deckbuild_result/gate_pair_win_joint/WATER_vs_LIGHTNING': np.float64(0.0), 'environment/deckbuild_result/gate_pair_freq/WATER_vs_WATER': np.float64(0.0), 'environment/deckbuild_result/gate_pair_win_joint/WATER_vs_WATER': np.float64(0.0), 'environment/deckbuild_result/gate_pair_unordered_freq/EARTH_vs_EARTH': np.float64(0.125), 'environment/deckbuild_result/gate_pair_unordered_win_joint/EARTH_vs_EARTH': np.float64(0.0625), 'environment/deckbuild_result/gate_pair_unordered_freq/EARTH_vs_FIRE': np.float64(0.125), 'environment/deckbuild_result/gate_pair_unordered_win_joint/EARTH_vs_FIRE': np.float64(0.0625), 'environment/deckbuild_result/gate_pair_unordered_freq/EARTH_vs_LIGHTNING': np.float64(0.0), 'environment/deckbuild_result/gate_pair_unordered_win_joint/EARTH_vs_LIGHTNING': np.float64(0.0), 'environment/deckbuild_result/gate_pair_unordered_freq/EARTH_vs_WATER': np.float64(0.0), 'environment/deckbuild_result/gate_pair_unordered_win_joint/EARTH_vs_WATER': np.float64(0.0), 'environment/deckbuild_result/gate_pair_unordered_freq/FIRE_vs_FIRE': np.float64(0.0), 'environment/deckbuild_result/gate_pair_unordered_win_joint/FIRE_vs_FIRE': np.float64(0.0), 'environment/deckbuild_result/gate_pair_unordered_freq/FIRE_vs_LIGHTNING': np.float64(0.5), 'environment/deckbuild_result/gate_pair_unordered_win_joint/FIRE_vs_LIGHTNING': np.float64(0.25), 'environment/deckbuild_result/gate_pair_unordered_freq/FIRE_vs_WATER': np.float64(0.0), 'environment/deckbuild_result/gate_pair_unordered_win_joint/FIRE_vs_WATER': np.float64(0.0), 'environment/deckbuild_result/gate_pair_unordered_freq/LIGHTNING_vs_LIGHTNING': np.float64(0.25), 'environment/deckbuild_result/gate_pair_unordered_win_joint/LIGHTNING_vs_LIGHTNING': np.float64(0.125), 'environment/deckbuild_result/gate_pair_unordered_freq/LIGHTNING_vs_WATER': np.float64(0.0), 'environment/deckbuild_result/gate_pair_unordered_win_joint/LIGHTNING_vs_WATER': np.float64(0.0), 'environment/deckbuild_result/gate_pair_unordered_freq/WATER_vs_WATER': np.float64(0.0), 'environment/deckbuild_result/gate_pair_unordered_win_joint/WATER_vs_WATER': np.float64(0.0), 'environment/deckbuild_result/gatecard/STT01-002/game': np.float64(1.0), 'environment/deckbuild_result/gatecard/STT01-002/win': np.float64(0.75), 'environment/deckbuild_result/gatecard/STT01-002/attack_rate': np.float64(0.23616984486579895), 'environment/deckbuild_result/gatecard/STT01-002/spell_rate': np.float64(0.011627906933426857), 'environment/deckbuild_result/gatecard/STT01-002/weapon_rate': np.float64(0.031246854923665524), 'environment/deckbuild_result/gatecard/STT01-002/portal_rate': np.float64(0.07588342297822237), 'environment/deckbuild_result/gatecard/STT01-002/play_entity_rate': np.float64(0.32274364680051804), 'environment/deckbuild_result/gatecard/STT01-002/noop_rate': np.float64(0.2499748393893242), 'environment/deckbuild_result/gatecard/STT01-002/episode_length': np.float64(64.5), 'environment/deckbuild_result/gatecard/STT01-002/leader_health': np.float64(0.5), 'environment/deckbuild_result/gatecard/STT01-002/ability_rate': np.float64(0.0), 'environment/deckbuild/leader_card/STT04-001': np.float64(1.0), 'environment/azk_step_deckbuild/leader_card/STT04-001': np.float64(1.0), 'environment/deckbuild_gatecard/AZK01-122/game': np.float64(1.0), 'environment/azk_step_deckbuild_gatecard/AZK01-122/game': np.float64(1.0), 'environment/deckbuild_gatecard/AZK01-122/avg_cost': np.float64(2.973333333333333), 'environment/azk_step_deckbuild_gatecard/AZK01-122/avg_cost': np.float64(2.973333333333333), 'environment/deckbuild_gatecard/AZK01-122/main_unique': np.float64(36.0), 'environment/azk_step_deckbuild_gatecard/AZK01-122/main_unique': np.float64(36.0), 'environment/deckbuild_gatecard/AZK01-122/copy_entropy_norm': np.float64(0.9765125128202717), 'environment/azk_step_deckbuild_gatecard/AZK01-122/copy_entropy_norm': np.float64(0.9765125128202717), 'environment/deckbuild_gatecard/AZK01-122/gate_element_share': np.float64(0.43333333333333335), 'environment/azk_step_deckbuild_gatecard/AZK01-122/gate_element_share': np.float64(0.43333333333333335), 'environment/deckbuild_gatecard/AZK01-122/type_share/ENTITY': np.float64(0.7533333333333333), 'environment/azk_step_deckbuild_gatecard/AZK01-122/type_share/ENTITY': np.float64(0.7533333333333333), 'environment/deckbuild_gatecard/AZK01-122/type_share/SPELL': np.float64(0.18666666666666668), 'environment/azk_step_deckbuild_gatecard/AZK01-122/type_share/SPELL': np.float64(0.18666666666666668), 'environment/deckbuild_gatecard/AZK01-122/type_share/WEAPON': np.float64(0.06), 'environment/azk_step_deckbuild_gatecard/AZK01-122/type_share/WEAPON': np.float64(0.06), 'environment/deckbuild_gatecard/AZK01-122/cost_share/0_1': np.float64(0.24666666666666667), 'environment/azk_step_deckbuild_gatecard/AZK01-122/cost_share/0_1': np.float64(0.24666666666666667), 'environment/deckbuild_gatecard/AZK01-122/cost_share/2_3': np.float64(0.3933333333333333), 'environment/azk_step_deckbuild_gatecard/AZK01-122/cost_share/2_3': np.float64(0.3933333333333333), 'environment/deckbuild_gatecard/AZK01-122/cost_share/4_5': np.float64(0.29333333333333333), 'environment/azk_step_deckbuild_gatecard/AZK01-122/cost_share/4_5': np.float64(0.29333333333333333), 'environment/deckbuild_gatecard/AZK01-122/cost_share/6_plus': np.float64(0.06666666666666667), 'environment/azk_step_deckbuild_gatecard/AZK01-122/cost_share/6_plus': np.float64(0.06666666666666667), 'environment/deckbuild_gatecard/AZK01-122/leader/STT04-001': np.float64(1.0), 'environment/azk_step_deckbuild_gatecard/AZK01-122/leader/STT04-001': np.float64(1.0), 'environment/deckbuild_result/gate/FIRE/game': np.float64(1.0), 'environment/deckbuild_result/gate/FIRE/win': np.float64(0.2), 'environment/deckbuild_result/gate_pair/FIRE_vs_LIGHTNING/game': np.float64(1.0), 'environment/deckbuild_result/gate_pair/FIRE_vs_LIGHTNING/win': np.float64(0.0), 'environment/deckbuild_result/gatecard/AZK01-122/game': np.float64(1.0), 'environment/deckbuild_result/gatecard/AZK01-122/win': np.float64(0.3333333333333333), 'environment/deckbuild_result/gatecard/AZK01-122/attack_rate': np.float64(0.2027950311700503), 'environment/deckbuild_result/gatecard/AZK01-122/spell_rate': np.float64(0.04684265082081159), 'environment/deckbuild_result/gatecard/AZK01-122/weapon_rate': np.float64(0.008333333457509676), 'environment/deckbuild_result/gatecard/AZK01-122/portal_rate': np.float64(0.0992236038049062), 'environment/deckbuild_result/gatecard/AZK01-122/play_entity_rate': np.float64(0.3361801306406657), 'environment/deckbuild_result/gatecard/AZK01-122/noop_rate': np.float64(0.23141822218894958), 'environment/deckbuild_result/gatecard/AZK01-122/episode_length': np.float64(66.33333333333333), 'environment/deckbuild_result/gatecard/AZK01-122/leader_health': np.float64(0.2833333412806193), 'environment/deckbuild_result/gatecard/AZK01-122/ability_rate': np.float64(0.07541407955189545), 'environment/ref_seat_rate': np.float64(0.0), 'environment/deckbuild/leader_card/STT01-001': np.float64(1.0), 'environment/azk_step_deckbuild/leader_card/STT01-001': np.float64(1.0), 'environment/deckbuild_gatecard/STT01-002/leader/STT01-001': np.float64(1.0), 'environment/azk_step_deckbuild_gatecard/STT01-002/leader/STT01-001': np.float64(1.0), 'environment/deckbuild_result/gate_pair/LIGHTNING_vs_LIGHTNING/game': np.float64(1.0), 'environment/deckbuild_result/gate_pair/LIGHTNING_vs_LIGHTNING/win': np.float64(0.5), 'environment/deckbuild_result/gate_pair_unordered/LIGHTNING_vs_LIGHTNING/game': np.float64(1.0), 'environment/deckbuild_result/gate_pair_unordered/LIGHTNING_vs_LIGHTNING/win': np.float64(0.5), 'environment/deckbuild_result/gate_match/game': np.float64(1.0), 'environment/deckbuild_result/gate_match/win': np.float64(0.5), 'environment/deckbuild_gatecard/AZK01-120/game': np.float64(1.0), 'environment/azk_step_deckbuild_gatecard/AZK01-120/game': np.float64(1.0), 'environment/deckbuild_gatecard/AZK01-120/avg_cost': np.float64(2.765), 'environment/azk_step_deckbuild_gatecard/AZK01-120/avg_cost': np.float64(2.765), 'environment/deckbuild_gatecard/AZK01-120/main_unique': np.float64(37.0), 'environment/azk_step_deckbuild_gatecard/AZK01-120/main_unique': np.float64(37.0), 'environment/deckbuild_gatecard/AZK01-120/copy_entropy_norm': np.float64(0.9774464303973038), 'environment/azk_step_deckbuild_gatecard/AZK01-120/copy_entropy_norm': np.float64(0.9774464303973038), 'environment/deckbuild_gatecard/AZK01-120/gate_element_share': np.float64(0.43), 'environment/azk_step_deckbuild_gatecard/AZK01-120/gate_element_share': np.float64(0.43), 'environment/deckbuild_gatecard/AZK01-120/type_share/ENTITY': np.float64(0.6849999999999999), 'environment/azk_step_deckbuild_gatecard/AZK01-120/type_share/ENTITY': np.float64(0.6849999999999999), 'environment/deckbuild_gatecard/AZK01-120/type_share/SPELL': np.float64(0.195), 'environment/azk_step_deckbuild_gatecard/AZK01-120/type_share/SPELL': np.float64(0.195), 'environment/deckbuild_gatecard/AZK01-120/type_share/WEAPON': np.float64(0.12), 'environment/azk_step_deckbuild_gatecard/AZK01-120/type_share/WEAPON': np.float64(0.12), 'environment/deckbuild_gatecard/AZK01-120/cost_share/0_1': np.float64(0.24), 'environment/azk_step_deckbuild_gatecard/AZK01-120/cost_share/0_1': np.float64(0.24), 'environment/deckbuild_gatecard/AZK01-120/cost_share/2_3': np.float64(0.455), 'environment/azk_step_deckbuild_gatecard/AZK01-120/cost_share/2_3': np.float64(0.455), 'environment/deckbuild_gatecard/AZK01-120/cost_share/4_5': np.float64(0.27), 'environment/azk_step_deckbuild_gatecard/AZK01-120/cost_share/4_5': np.float64(0.27), 'environment/deckbuild_gatecard/AZK01-120/cost_share/6_plus': np.float64(0.035), 'environment/azk_step_deckbuild_gatecard/AZK01-120/cost_share/6_plus': np.float64(0.035), 'environment/deckbuild_gatecard/AZK01-120/leader/AZK01-119': np.float64(1.0), 'environment/azk_step_deckbuild_gatecard/AZK01-120/leader/AZK01-119': np.float64(1.0), 'environment/deckbuild_result/gatecard/AZK01-120/game': np.float64(1.0), 'environment/deckbuild_result/gatecard/AZK01-120/win': np.float64(0.75), 'environment/deckbuild_result/gatecard/AZK01-120/attack_rate': np.float64(0.2879488505423069), 'environment/deckbuild_result/gatecard/AZK01-120/spell_rate': np.float64(0.048958334140479565), 'environment/deckbuild_result/gatecard/AZK01-120/weapon_rate': np.float64(0.045702066738158464), 'environment/deckbuild_result/gatecard/AZK01-120/portal_rate': np.float64(0.09977980935946107), 'environment/deckbuild_result/gatecard/AZK01-120/play_entity_rate': np.float64(0.39465193450450897), 'environment/deckbuild_result/gatecard/AZK01-120/noop_rate': np.float64(0.2073086053133011), 'environment/deckbuild_result/gatecard/AZK01-120/episode_length': np.float64(67.5), 'environment/deckbuild_result/gatecard/AZK01-120/leader_health': np.float64(0.5874999985098839), 'environment/deckbuild_result/gatecard/AZK01-120/ability_rate': np.float64(0.0), 'environment/deckbuild_gatecard/STT04-002/game': np.float64(1.0), 'environment/azk_step_deckbuild_gatecard/STT04-002/game': np.float64(1.0), 'environment/deckbuild_gatecard/STT04-002/avg_cost': np.float64(2.91), 'environment/azk_step_deckbuild_gatecard/STT04-002/avg_cost': np.float64(2.91), 'environment/deckbuild_gatecard/STT04-002/main_unique': np.float64(39.5), 'environment/azk_step_deckbuild_gatecard/STT04-002/main_unique': np.float64(39.5), 'environment/deckbuild_gatecard/STT04-002/copy_entropy_norm': np.float64(0.9783460705218536), 'environment/azk_step_deckbuild_gatecard/STT04-002/copy_entropy_norm': np.float64(0.9783460705218536), 'environment/deckbuild_gatecard/STT04-002/gate_element_share': np.float64(0.4), 'environment/azk_step_deckbuild_gatecard/STT04-002/gate_element_share': np.float64(0.4), 'environment/deckbuild_gatecard/STT04-002/type_share/ENTITY': np.float64(0.72), 'environment/azk_step_deckbuild_gatecard/STT04-002/type_share/ENTITY': np.float64(0.72), 'environment/deckbuild_gatecard/STT04-002/type_share/SPELL': np.float64(0.26), 'environment/azk_step_deckbuild_gatecard/STT04-002/type_share/SPELL': np.float64(0.26), 'environment/deckbuild_gatecard/STT04-002/type_share/WEAPON': np.float64(0.02), 'environment/azk_step_deckbuild_gatecard/STT04-002/type_share/WEAPON': np.float64(0.02), 'environment/deckbuild_gatecard/STT04-002/cost_share/0_1': np.float64(0.21000000000000002), 'environment/azk_step_deckbuild_gatecard/STT04-002/cost_share/0_1': np.float64(0.21000000000000002), 'environment/deckbuild_gatecard/STT04-002/cost_share/2_3': np.float64(0.48), 'environment/azk_step_deckbuild_gatecard/STT04-002/cost_share/2_3': np.float64(0.48), 'environment/deckbuild_gatecard/STT04-002/cost_share/4_5': np.float64(0.25), 'environment/azk_step_deckbuild_gatecard/STT04-002/cost_share/4_5': np.float64(0.25), 'environment/deckbuild_gatecard/STT04-002/cost_share/6_plus': np.float64(0.06), 'environment/azk_step_deckbuild_gatecard/STT04-002/cost_share/6_plus': np.float64(0.06), 'environment/deckbuild_gatecard/STT04-002/leader/STT04-001': np.float64(1.0), 'environment/azk_step_deckbuild_gatecard/STT04-002/leader/STT04-001': np.float64(1.0), 'environment/deckbuild_result/gatecard/STT04-002/game': np.float64(1.0), 'environment/deckbuild_result/gatecard/STT04-002/win': np.float64(0.0), 'environment/deckbuild_result/gatecard/STT04-002/attack_rate': np.float64(0.0825892873108387), 'environment/deckbuild_result/gatecard/STT04-002/spell_rate': np.float64(0.0669642873108387), 'environment/deckbuild_result/gatecard/STT04-002/weapon_rate': np.float64(0.0), 'environment/deckbuild_result/gatecard/STT04-002/portal_rate': np.float64(0.04910714365541935), 'environment/deckbuild_result/gatecard/STT04-002/play_entity_rate': np.float64(0.3303571492433548), 'environment/deckbuild_result/gatecard/STT04-002/noop_rate': np.float64(0.3191964328289032), 'environment/deckbuild_result/gatecard/STT04-002/episode_length': np.float64(70.5), 'environment/deckbuild_result/gatecard/STT04-002/leader_health': np.float64(0.0), 'environment/deckbuild_result/gatecard/STT04-002/ability_rate': np.float64(0.0669642873108387), 'environment/deckbuild/leader_card/AZK01-121': np.float64(1.0), 'environment/azk_step_deckbuild/leader_card/AZK01-121': np.float64(1.0), 'environment/deckbuild_gatecard/AZK01-122/leader/AZK01-121': np.float64(1.0), 'environment/azk_step_deckbuild_gatecard/AZK01-122/leader/AZK01-121': np.float64(1.0), 'environment/deckbuild_result/gate_pair/FIRE_vs_EARTH/game': np.float64(1.0), 'environment/deckbuild_result/gate_pair/FIRE_vs_EARTH/win': np.float64(1.0), 'environment/deckbuild_result/gate_pair_unordered/EARTH_vs_FIRE/game': np.float64(1.0), 'environment/deckbuild_result/gate_pair_unordered/EARTH_vs_FIRE/win': np.float64(0.5), 'environment/deckbuild/leader_card/AZK01-123': np.float64(1.0), 'environment/azk_step_deckbuild/leader_card/AZK01-123': np.float64(1.0), 'environment/deckbuild_gatecard/AZK01-124/game': np.float64(1.0), 'environment/azk_step_deckbuild_gatecard/AZK01-124/game': np.float64(1.0), 'environment/deckbuild_gatecard/AZK01-124/avg_cost': np.float64(3.23), 'environment/azk_step_deckbuild_gatecard/AZK01-124/avg_cost': np.float64(3.23), 'environment/deckbuild_gatecard/AZK01-124/main_unique': np.float64(37.5), 'environment/azk_step_deckbuild_gatecard/AZK01-124/main_unique': np.float64(37.5), 'environment/deckbuild_gatecard/AZK01-124/copy_entropy_norm': np.float64(0.9718043675591126), 'environment/azk_step_deckbuild_gatecard/AZK01-124/copy_entropy_norm': np.float64(0.9718043675591126), 'environment/deckbuild_gatecard/AZK01-124/gate_element_share': np.float64(0.325), 'environment/azk_step_deckbuild_gatecard/AZK01-124/gate_element_share': np.float64(0.325), 'environment/deckbuild_gatecard/AZK01-124/type_share/ENTITY': np.float64(0.69), 'environment/azk_step_deckbuild_gatecard/AZK01-124/type_share/ENTITY': np.float64(0.69), 'environment/deckbuild_gatecard/AZK01-124/type_share/SPELL': np.float64(0.22999999999999998), 'environment/azk_step_deckbuild_gatecard/AZK01-124/type_share/SPELL': np.float64(0.22999999999999998), 'environment/deckbuild_gatecard/AZK01-124/type_share/WEAPON': np.float64(0.08), 'environment/azk_step_deckbuild_gatecard/AZK01-124/type_share/WEAPON': np.float64(0.08), 'environment/deckbuild_gatecard/AZK01-124/cost_share/0_1': np.float64(0.225), 'environment/azk_step_deckbuild_gatecard/AZK01-124/cost_share/0_1': np.float64(0.225), 'environment/deckbuild_gatecard/AZK01-124/cost_share/2_3': np.float64(0.34), 'environment/azk_step_deckbuild_gatecard/AZK01-124/cost_share/2_3': np.float64(0.34), 'environment/deckbuild_gatecard/AZK01-124/cost_share/4_5': np.float64(0.32), 'environment/azk_step_deckbuild_gatecard/AZK01-124/cost_share/4_5': np.float64(0.32), 'environment/deckbuild_gatecard/AZK01-124/cost_share/6_plus': np.float64(0.115), 'environment/azk_step_deckbuild_gatecard/AZK01-124/cost_share/6_plus': np.float64(0.115), 'environment/deckbuild_gatecard/AZK01-124/leader/AZK01-123': np.float64(1.0), 'environment/azk_step_deckbuild_gatecard/AZK01-124/leader/AZK01-123': np.float64(1.0), 'environment/deckbuild_result/gate/EARTH/game': np.float64(1.0), 'environment/deckbuild_result/gate/EARTH/win': np.float64(0.25), 'environment/deckbuild_result/gate_pair/EARTH_vs_FIRE/game': np.float64(1.0), 'environment/deckbuild_result/gate_pair/EARTH_vs_FIRE/win': np.float64(0.0), 'environment/deckbuild_result/gatecard/AZK01-124/game': np.float64(1.0), 'environment/deckbuild_result/gatecard/AZK01-124/win': np.float64(0.25), 'environment/deckbuild_result/gatecard/AZK01-124/attack_rate': np.float64(0.15433228388428688), 'environment/deckbuild_result/gatecard/AZK01-124/spell_rate': np.float64(0.0240196087397635), 'environment/deckbuild_result/gatecard/AZK01-124/weapon_rate': np.float64(0.02342342445626855), 'environment/deckbuild_result/gatecard/AZK01-124/portal_rate': np.float64(0.11379173956811428), 'environment/deckbuild_result/gatecard/AZK01-124/play_entity_rate': np.float64(0.35324589908123016), 'environment/deckbuild_result/gatecard/AZK01-124/noop_rate': np.float64(0.2769872918725014), 'environment/deckbuild_result/gatecard/AZK01-124/episode_length': np.float64(70.5), 'environment/deckbuild_result/gatecard/AZK01-124/leader_health': np.float64(0.21250000596046448), 'environment/deckbuild_result/gatecard/AZK01-124/ability_rate': np.float64(0.03753312258049846), 'environment/deckbuild_result/gate_pair/EARTH_vs_EARTH/game': np.float64(1.0), 'environment/deckbuild_result/gate_pair/EARTH_vs_EARTH/win': np.float64(0.5), 'environment/deckbuild_result/gate_pair_unordered/EARTH_vs_EARTH/game': np.float64(1.0), 'environment/deckbuild_result/gate_pair_unordered/EARTH_vs_EARTH/win': np.float64(0.5), 'losses/policy_loss': -0.003174088429659605, 'losses/value_loss': 0.021835528314113617, 'losses/value_loss_total': 0.021835528314113617, 'losses/entropy': 0.9128216505050659, 'losses/old_approx_kl': -5.0991293392144144e-05, 'losses/approx_kl': 2.3083855921868235e-05, 'losses/clipfrac': 0.0, 'losses/importance': 1.0000741481781006, 'losses/win_prob_aux_loss': 0.0, 'losses/win_prob_aux_labeled_frac': 0.0, 'losses/explained_variance': 0.03981733322143555, 'losses/win_prob_aux_accuracy': 0.0, 'losses/win_prob_aux_brier': 0.0, 'losses/win_prob_aux_pred_mean': 0.0, 'losses/win_prob_aux_target_mean': 0.0, 'performance/eval': 15.233420133590698, 'performance/train': 15.897681713104248, 'performance/eval_forward': 14.90054726600647, 'performance/env': 0.02954840660095215, 'performance/eval_copy': 0.29045939445495605, 'performance/eval_misc': 0.012774467468261719, 'performance/train_forward': 3.2697975635528564, 'performance/learn_backward': 6.158890724182129, 'performance/learn_opt': 6.369037628173828, 'performance/train_copy': 0.004994869232177734, 'performance/train_misc': 0.09488224983215332}
[0;0H╭──────────────────────────────────────────────────────────────────────────────╮
│  PufferLib 4.0         🐡       CPU:     GPU: 0.0%  DRAM: 8.2%   VRAM: 0.0%  │
│                                150.2%                                        │
│                                                                              │
│  Summary          Value    Evaluate     15s  48%    Losses            Value  │
│  Env        azuki_local      Forwa…     14s  47%    policy_loss       0.001  │
│  Params           90.2M      Env         0s   0%    value_loss        0.063  │
│  Steps           184.3K      Copy        0s   0%    value_loss_to…    0.063  │
│  SPS               5.1K      Misc        0s   0%    entropy           0.979  │
│  Epoch               12    Train        15s  51%    old_approx_kl    -0.000  │
│  Uptime          1m 21s      Forwa…      3s  10%    approx_kl         0.000  │
│  Remaini…           24s      Backw…      6s  20%    clipfrac          0.000  │
│                              Optim…      6s  20%    importance        1.000  │
│                              Copy        0s   0%    win_prob_aux_…    0.691  │
│                              Misc        0s   0%    win_prob_aux_…    0.097  │
│                                                     explained_var…    0.038  │
│                                                     win_prob_aux_…    0.582  │
│                                                     win_prob_aux_…    0.248  │
│                                                     win_prob_aux_…    0.496  │
│                                                     win_prob_aux_…    0.490  │
│                                                                              │
│  User Stats                    Value    User Stats                    Value  │
│  league/active                 1.000    sampler/subaction_tem…        1.200  │
│  sampler/smoothing_eps         0.050    anneal/ent_coef               0.010  │
│  perf                          0.000    score                         0.000  │
│  episode_return                0.286    episode_length               82.581  │
│  p0_episode_return             0.286    p1_episode_return            -0.286  │
│  p0_winrate                    0.527    p1_winrate                    0.473  │
│  p0_start_rate                 0.586    p1_start_rate                 0.414  │
│  draw_rate                     0.000    timeout_truncation_ra…        0.000  │
│  auto_tick_truncation_…        0.000    zero_legal_action_tru…        0.000  │
│  gameover_terminal_rate        1.000    winner_terminal_rate          1.000  │
│  curriculum_episode_cap        0.000    reward_shaping_scale          1.000  │
│  completed_episodes            1.000    p0_noop_selected_rate         0.223  │
│  p1_noop_selected_rate         0.225    p0_attack_selected_ra…        0.202  │
│  p1_attack_selected_ra…        0.206    p0_attach_weapon_from…        0.026  │
│  p1_attach_weapon_from…        0.016    p0_play_spell_from_ha…        0.028  │
╰──────────────────────────────────────────────────────────────────────────────╯

[epoch 12] {'SPS': 5072.838359123312, 'agent_steps': 184320, 'uptime': 81.57287311553955, 'epoch': 12, 'learning_rate': 0.0010364745084375795, 'environment/league/active': np.float64(1.0), 'environment/sampler/subaction_temperature': np.float64(1.2), 'environment/sampler/smoothing_eps': np.float64(0.05), 'environment/anneal/ent_coef': np.float64(0.01), 'environment/perf': np.float64(0.0), 'environment/score': np.float64(0.0), 'environment/episode_return': np.float64(0.286315014285426), 'environment/episode_length': np.float64(82.58064516129032), 'environment/p0_episode_return': np.float64(0.286315014285426), 'environment/p1_episode_return': np.float64(-0.286315014285426), 'environment/p0_winrate': np.float64(0.5268817207505626), 'environment/p1_winrate': np.float64(0.47311828021080266), 'environment/p0_start_rate': np.float64(0.5860215060172542), 'environment/p1_start_rate': np.float64(0.413978494944111), 'environment/draw_rate': np.float64(0.0), 'environment/timeout_truncation_rate': np.float64(0.0), 'environment/auto_tick_truncation_rate': np.float64(0.0), 'environment/zero_legal_action_truncation_rate': np.float64(0.0), 'environment/gameover_terminal_rate': np.float64(1.0), 'environment/winner_terminal_rate': np.float64(1.0), 'environment/curriculum_episode_cap': np.float64(0.0), 'environment/reward_shaping_scale': np.float64(1.0), 'environment/completed_episodes': np.float64(1.0), 'environment/p0_noop_selected_rate': np.float64(0.22271205773276667), 'environment/p1_noop_selected_rate': np.float64(0.2248433304409827), 'environment/p0_attack_selected_rate': np.float64(0.20150734243854398), 'environment/p1_attack_selected_rate': np.float64(0.20637280277667508), 'environment/p0_attach_weapon_from_hand_selected_rate': np.float64(0.025873986012752977), 'environment/p1_attach_weapon_from_hand_selected_rate': np.float64(0.015909742804304246), 'environment/p0_play_spell_from_hand_selected_rate': np.float64(0.027721195812186888), 'environment/p1_play_spell_from_hand_selected_rate': np.float64(0.031057976606872775), 'environment/p0_activate_garden_or_leader_ability_selected_rate': np.float64(0.04355381972967617), 'environment/p1_activate_garden_or_leader_ability_selected_rate': np.float64(0.039989504121964975), 'environment/p0_activate_alley_ability_selected_rate': np.float64(0.0005865102453577903), 'environment/p1_activate_alley_ability_selected_rate': np.float64(0.0017380021933105685), 'environment/p0_gate_portal_selected_rate': np.float64(0.08925026619145947), 'environment/p1_gate_portal_selected_rate': np.float64(0.09479444564109848), 'environment/p0_play_entity_to_alley_selected_rate': np.float64(0.11530934598657393), 'environment/p1_play_entity_to_alley_selected_rate': np.float64(0.11866575587661035), 'environment/p0_play_entity_to_garden_selected_rate': np.float64(0.08784957656696919), 'environment/p1_play_entity_to_garden_selected_rate': np.float64(0.08341708737275293), 'environment/p0_play_selected_rate': np.float64(0.3460043678360601), 'environment/p1_play_selected_rate': np.float64(0.3438450030742153), 'environment/p0_ability_selected_rate': np.float64(0.06054756171520679), 'environment/p1_ability_selected_rate': np.float64(0.05930954284004627), 'environment/p0_target_selected_rate': np.float64(0.16760888659665663), 'environment/p1_target_selected_rate': np.float64(0.16462446328613065), 'environment/p0_avg_leader_health': np.float64(0.3274193561125186), 'environment/p1_avg_leader_health': np.float64(0.30322580664388593), 'environment/p0_entity_damage_dealt': np.float64(0.0), 'environment/p1_entity_damage_dealt': np.float64(0.0), 'environment/p0_entity_damage_taken': np.float64(0.0), 'environment/p1_entity_damage_taken': np.float64(0.0), 'environment/p0_generated_ikz_created': np.float64(0.0), 'environment/p1_generated_ikz_created': np.float64(0.0), 'environment/p0_generated_ikz_converted': np.float64(0.0), 'environment/p1_generated_ikz_converted': np.float64(0.0), 'environment/p0_generated_ikz_conversion_rate': np.float64(0.0), 'environment/p1_generated_ikz_conversion_rate': np.float64(0.0), 'environment/p0_temporary_charge_realized': np.float64(0.0), 'environment/p1_temporary_charge_realized': np.float64(0.0), 'environment/p0_temporary_attack_damage_realized': np.float64(0.0), 'environment/p1_temporary_attack_damage_realized': np.float64(0.0), 'environment/p0_contextual_response_reserve_opportunities': np.float64(0.0), 'environment/p1_contextual_response_reserve_opportunities': np.float64(0.0), 'environment/n': np.float64(1.2258064516129032), 'environment/deckbuild/completed': np.float64(1.0), 'environment/azk_step_deckbuild/completed': np.float64(1.0), 'environment/deckbuild/picks': np.float64(51.0), 'environment/azk_step_deckbuild/picks': np.float64(51.0), 'environment/deckbuild/main_count': np.float64(50.0), 'environment/azk_step_deckbuild/main_count': np.float64(50.0), 'environment/deckbuild/main_unique': np.float64(37.22311827956989), 'environment/azk_step_deckbuild/main_unique': np.float64(37.22311827956989), 'environment/deckbuild/main_unique_share': np.float64(0.7444623655913978), 'environment/azk_step_deckbuild/main_unique_share': np.float64(0.7444623655913978), 'environment/deckbuild/main_avg_copies_per_unique': np.float64(1.349291345724806), 'environment/azk_step_deckbuild/main_avg_copies_per_unique': np.float64(1.349291345724806), 'environment/deckbuild/main_max_copy_count': np.float64(3.1989247311827955), 'environment/azk_step_deckbuild/main_max_copy_count': np.float64(3.1989247311827955), 'environment/deckbuild/main_copy_entropy': np.float64(3.5327203537951086), 'environment/azk_step_deckbuild/main_copy_entropy': np.float64(3.5327203537951086), 'environment/deckbuild/main_copy_entropy_norm': np.float64(0.9772628717583598), 'environment/azk_step_deckbuild/main_copy_entropy_norm': np.float64(0.9772628717583598), 'environment/deckbuild/main_singleton_count': np.float64(26.658602150537636), 'environment/azk_step_deckbuild/main_singleton_count': np.float64(26.658602150537636), 'environment/deckbuild/main_pair_count': np.float64(8.631720430107526), 'environment/azk_step_deckbuild/main_pair_count': np.float64(8.631720430107526), 'environment/deckbuild/main_triplet_count': np.float64(1.653225806451613), 'environment/azk_step_deckbuild/main_triplet_count': np.float64(1.653225806451613), 'environment/deckbuild/main_quad_count': np.float64(0.27956989247311825), 'environment/azk_step_deckbuild/main_quad_count': np.float64(0.27956989247311825), 'environment/deckbuild/main_singleton_slot_share': np.float64(0.5331720430107528), 'environment/azk_step_deckbuild/main_singleton_slot_share': np.float64(0.5331720430107528), 'environment/deckbuild/main_pair_slot_share': np.float64(0.34526881720430114), 'environment/azk_step_deckbuild/main_pair_slot_share': np.float64(0.34526881720430114), 'environment/deckbuild/main_triplet_slot_share': np.float64(0.09919354838709678), 'environment/azk_step_deckbuild/main_triplet_slot_share': np.float64(0.09919354838709678), 'environment/deckbuild/main_quad_slot_share': np.float64(0.022365591397849462), 'environment/azk_step_deckbuild/main_quad_slot_share': np.float64(0.022365591397849462), 'environment/deckbuild/main_normal_share': np.float64(0.5863978494623656), 'environment/azk_step_deckbuild/main_normal_share': np.float64(0.5863978494623656), 'environment/deckbuild/main_gate_element_share': np.float64(0.41360215053763444), 'environment/azk_step_deckbuild/main_gate_element_share': np.float64(0.41360215053763444), 'environment/deckbuild/gate_match': np.float64(0.5161290322580645), 'environment/azk_step_deckbuild/gate_match': np.float64(0.5161290322580645), 'environment/deckbuild/gate/EARTH': np.float64(0.07258064516129033), 'environment/azk_step_deckbuild/gate/EARTH': np.float64(0.07258064516129033), 'environment/deckbuild/opponent_gate/EARTH': np.float64(0.07258064516129033), 'environment/azk_step_deckbuild/opponent_gate/EARTH': np.float64(0.07258064516129033), 'environment/deckbuild/leader/EARTH': np.float64(0.07258064516129033), 'environment/azk_step_deckbuild/leader/EARTH': np.float64(0.07258064516129033), 'environment/deckbuild/gate/FIRE': np.float64(0.47311827956989244), 'environment/azk_step_deckbuild/gate/FIRE': np.float64(0.47311827956989244), 'environment/deckbuild/opponent_gate/FIRE': np.float64(0.47311827956989244), 'environment/azk_step_deckbuild/opponent_gate/FIRE': np.float64(0.47311827956989244), 'environment/deckbuild/leader/FIRE': np.float64(0.47311827956989244), 'environment/azk_step_deckbuild/leader/FIRE': np.float64(0.47311827956989244), 'environment/deckbuild/gate/LIGHTNING': np.float64(0.26881720430107525), 'environment/azk_step_deckbuild/gate/LIGHTNING': np.float64(0.26881720430107525), 'environment/deckbuild/opponent_gate/LIGHTNING': np.float64(0.26881720430107525), 'environment/azk_step_deckbuild/opponent_gate/LIGHTNING': np.float64(0.26881720430107525), 'environment/deckbuild/leader/LIGHTNING': np.float64(0.26881720430107525), 'environment/azk_step_deckbuild/leader/LIGHTNING': np.float64(0.26881720430107525), 'environment/deckbuild/gate/WATER': np.float64(0.18548387096774194), 'environment/azk_step_deckbuild/gate/WATER': np.float64(0.18548387096774194), 'environment/deckbuild/opponent_gate/WATER': np.float64(0.18548387096774194), 'environment/azk_step_deckbuild/opponent_gate/WATER': np.float64(0.18548387096774194), 'environment/deckbuild/leader/WATER': np.float64(0.18548387096774194), 'environment/azk_step_deckbuild/leader/WATER': np.float64(0.18548387096774194), 'environment/deckbuild/main_type_count/ENTITY': np.float64(36.91129032258065), 'environment/azk_step_deckbuild/main_type_count/ENTITY': np.float64(36.91129032258065), 'environment/deckbuild/main_type_share/ENTITY': np.float64(0.7382258064516131), 'environment/azk_step_deckbuild/main_type_share/ENTITY': np.float64(0.7382258064516131), 'environment/deckbuild/main_type_count/SPELL': np.float64(8.986559139784948), 'environment/azk_step_deckbuild/main_type_count/SPELL': np.float64(8.986559139784948), 'environment/deckbuild/main_type_share/SPELL': np.float64(0.17973118279569894), 'environment/azk_step_deckbuild/main_type_share/SPELL': np.float64(0.17973118279569894), 'environment/deckbuild/main_type_count/WEAPON': np.float64(4.102150537634409), 'environment/azk_step_deckbuild/main_type_count/WEAPON': np.float64(4.102150537634409), 'environment/deckbuild/main_type_share/WEAPON': np.float64(0.08204301075268815), 'environment/azk_step_deckbuild/main_type_share/WEAPON': np.float64(0.08204301075268815), 'environment/deckbuild/main_element_count/EARTH': np.float64(1.4516129032258065), 'environment/azk_step_deckbuild/main_element_count/EARTH': np.float64(1.4516129032258065), 'environment/deckbuild/main_element_share/EARTH': np.float64(0.02903225806451613), 'environment/azk_step_deckbuild/main_element_share/EARTH': np.float64(0.02903225806451613), 'environment/deckbuild/main_element_count/FIRE': np.float64(10.448924731182794), 'environment/azk_step_deckbuild/main_element_count/FIRE': np.float64(10.448924731182794), 'environment/deckbuild/main_element_share/FIRE': np.float64(0.20897849462365592), 'environment/azk_step_deckbuild/main_element_share/FIRE': np.float64(0.20897849462365592), 'environment/deckbuild/main_element_count/LIGHTNING': np.float64(5.166666666666667), 'environment/azk_step_deckbuild/main_element_count/LIGHTNING': np.float64(5.166666666666667), 'environment/deckbuild/main_element_share/LIGHTNING': np.float64(0.10333333333333333), 'environment/azk_step_deckbuild/main_element_share/LIGHTNING': np.float64(0.10333333333333333), 'environment/deckbuild/main_element_count/NORMAL': np.float64(29.319892473118284), 'environment/azk_step_deckbuild/main_element_count/NORMAL': np.float64(29.319892473118284), 'environment/deckbuild/main_element_share/NORMAL': np.float64(0.5863978494623656), 'environment/azk_step_deckbuild/main_element_share/NORMAL': np.float64(0.5863978494623656), 'environment/deckbuild/main_element_count/WATER': np.float64(3.6129032258064515), 'environment/azk_step_deckbuild/main_element_count/WATER': np.float64(3.6129032258064515), 'environment/deckbuild/main_element_share/WATER': np.float64(0.07225806451612904), 'environment/azk_step_deckbuild/main_element_share/WATER': np.float64(0.07225806451612904), 'environment/deckbuild/main_avg_cost': np.float64(2.9047849462365583), 'environment/azk_step_deckbuild/main_avg_cost': np.float64(2.9047849462365583), 'environment/deckbuild/main_cost_share/0_1': np.float64(0.2568279569892474), 'environment/azk_step_deckbuild/main_cost_share/0_1': np.float64(0.2568279569892474), 'environment/deckbuild/main_cost_share/2_3': np.float64(0.4056989247311828), 'environment/azk_step_deckbuild/main_cost_share/2_3': np.float64(0.4056989247311828), 'environment/deckbuild/main_cost_share/4_5': np.float64(0.26806451612903226), 'environment/azk_step_deckbuild/main_cost_share/4_5': np.float64(0.26806451612903226), 'environment/deckbuild/main_cost_share/6_plus': np.float64(0.06940860215053762), 'environment/azk_step_deckbuild/main_cost_share/6_plus': np.float64(0.06940860215053762), 'environment/deckbuild/leader_card/AZK01-119': np.float64(1.0), 'environment/azk_step_deckbuild/leader_card/AZK01-119': np.float64(1.0), 'environment/deckbuild_gatecard/AZK01-120/game': np.float64(1.0), 'environment/azk_step_deckbuild_gatecard/AZK01-120/game': np.float64(1.0), 'environment/deckbuild_gatecard/AZK01-120/avg_cost': np.float64(2.857142857142857), 'environment/azk_step_deckbuild_gatecard/AZK01-120/avg_cost': np.float64(2.857142857142857), 'environment/deckbuild_gatecard/AZK01-120/main_unique': np.float64(37.857142857142854), 'environment/azk_step_deckbuild_gatecard/AZK01-120/main_unique': np.float64(37.857142857142854), 'environment/deckbuild_gatecard/AZK01-120/copy_entropy_norm': np.float64(0.9788192771537588), 'environment/azk_step_deckbuild_gatecard/AZK01-120/copy_entropy_norm': np.float64(0.9788192771537588), 'environment/deckbuild_gatecard/AZK01-120/gate_element_share': np.float64(0.3628571428571428), 'environment/azk_step_deckbuild_gatecard/AZK01-120/gate_element_share': np.float64(0.3628571428571428), 'environment/deckbuild_gatecard/AZK01-120/type_share/ENTITY': np.float64(0.7000000000000001), 'environment/azk_step_deckbuild_gatecard/AZK01-120/type_share/ENTITY': np.float64(0.7000000000000001), 'environment/deckbuild_gatecard/AZK01-120/type_share/SPELL': np.float64(0.15142857142857144), 'environment/azk_step_deckbuild_gatecard/AZK01-120/type_share/SPELL': np.float64(0.15142857142857144), 'environment/deckbuild_gatecard/AZK01-120/type_share/WEAPON': np.float64(0.14857142857142858), 'environment/azk_step_deckbuild_gatecard/AZK01-120/type_share/WEAPON': np.float64(0.14857142857142858), 'environment/deckbuild_gatecard/AZK01-120/cost_share/0_1': np.float64(0.25142857142857145), 'environment/azk_step_deckbuild_gatecard/AZK01-120/cost_share/0_1': np.float64(0.25142857142857145), 'environment/deckbuild_gatecard/AZK01-120/cost_share/2_3': np.float64(0.39714285714285713), 'environment/azk_step_deckbuild_gatecard/AZK01-120/cost_share/2_3': np.float64(0.39714285714285713), 'environment/deckbuild_gatecard/AZK01-120/cost_share/4_5': np.float64(0.3), 'environment/azk_step_deckbuild_gatecard/AZK01-120/cost_share/4_5': np.float64(0.3), 'environment/deckbuild_gatecard/AZK01-120/cost_share/6_plus': np.float64(0.05142857142857143), 'environment/azk_step_deckbuild_gatecard/AZK01-120/cost_share/6_plus': np.float64(0.05142857142857143), 'environment/deckbuild_gatecard/AZK01-120/leader/AZK01-119': np.float64(1.0), 'environment/azk_step_deckbuild_gatecard/AZK01-120/leader/AZK01-119': np.float64(1.0), 'environment/deckbuild_result/game': np.float64(1.0), 'environment/deckbuild_result/win': np.float64(0.5), 'environment/deckbuild_result/gate_match': np.float64(0.5161290322580645), 'environment/deckbuild_result/gate_match_win_joint': np.float64(0.25806451612903225), 'environment/deckbuild_result/gate_mismatch': np.float64(0.4838709677419355), 'environment/deckbuild_result/gate_mismatch_win_joint': np.float64(0.24193548387096775), 'environment/deckbuild_result/gate/LIGHTNING/game': np.float64(1.0), 'environment/deckbuild_result/gate/LIGHTNING/win': np.float64(0.5595238095238095), 'environment/deckbuild_result/gate_pair/LIGHTNING_vs_LIGHTNING/game': np.float64(1.0), 'environment/deckbuild_result/gate_pair/LIGHTNING_vs_LIGHTNING/win': np.float64(0.5), 'environment/deckbuild_result/gate_pair_unordered/LIGHTNING_vs_LIGHTNING/game': np.float64(1.0), 'environment/deckbuild_result/gate_pair_unordered/LIGHTNING_vs_LIGHTNING/win': np.float64(0.5), 'environment/deckbuild_result/gate_match/game': np.float64(1.0), 'environment/deckbuild_result/gate_match/win': np.float64(0.5), 'environment/deckbuild_result/gate_freq/EARTH': np.float64(0.07258064516129033), 'environment/deckbuild_result/gate_win_joint/EARTH': np.float64(0.04838709677419355), 'environment/deckbuild_result/gate_freq/FIRE': np.float64(0.47311827956989244), 'environment/deckbuild_result/gate_win_joint/FIRE': np.float64(0.1881720430107527), 'environment/deckbuild_result/gate_freq/LIGHTNING': np.float64(0.26881720430107525), 'environment/deckbuild_result/gate_win_joint/LIGHTNING': np.float64(0.14247311827956988), 'environment/deckbuild_result/gate_freq/WATER': np.float64(0.18548387096774194), 'environment/deckbuild_result/gate_win_joint/WATER': np.float64(0.12096774193548387), 'environment/deckbuild_result/gate_pair_freq/EARTH_vs_EARTH': np.float64(0.0), 'environment/deckbuild_result/gate_pair_win_joint/EARTH_vs_EARTH': np.float64(0.0), 'environment/deckbuild_result/gate_pair_freq/EARTH_vs_FIRE': np.float64(0.056451612903225805), 'environment/deckbuild_result/gate_pair_win_joint/EARTH_vs_FIRE': np.float64(0.04032258064516129), 'environment/deckbuild_result/gate_pair_freq/EARTH_vs_LIGHTNING': np.float64(0.008064516129032258), 'environment/deckbuild_result/gate_pair_win_joint/EARTH_vs_LIGHTNING': np.float64(0.008064516129032258), 'environment/deckbuild_result/gate_pair_freq/EARTH_vs_WATER': np.float64(0.008064516129032258), 'environment/deckbuild_result/gate_pair_win_joint/EARTH_vs_WATER': np.float64(0.0), 'environment/deckbuild_result/gate_pair_freq/FIRE_vs_EARTH': np.float64(0.056451612903225805), 'environment/deckbuild_result/gate_pair_win_joint/FIRE_vs_EARTH': np.float64(0.016129032258064516), 'environment/deckbuild_result/gate_pair_freq/FIRE_vs_FIRE': np.float64(0.3440860215053763), 'environment/deckbuild_result/gate_pair_win_joint/FIRE_vs_FIRE': np.float64(0.17204301075268816), 'environment/deckbuild_result/gate_pair_freq/FIRE_vs_LIGHTNING': np.float64(0.024193548387096774), 'environment/deckbuild_result/gate_pair_win_joint/FIRE_vs_LIGHTNING': np.float64(0.0), 'environment/deckbuild_result/gate_pair_freq/FIRE_vs_WATER': np.float64(0.04838709677419355), 'environment/deckbuild_result/gate_pair_win_joint/FIRE_vs_WATER': np.float64(0.0), 'environment/deckbuild_result/gate_pair_freq/LIGHTNING_vs_EARTH': np.float64(0.008064516129032258), 'environment/deckbuild_result/gate_pair_win_joint/LIGHTNING_vs_EARTH': np.float64(0.0), 'environment/deckbuild_result/gate_pair_freq/LIGHTNING_vs_FIRE': np.float64(0.024193548387096774), 'environment/deckbuild_result/gate_pair_win_joint/LIGHTNING_vs_FIRE': np.float64(0.024193548387096774), 'environment/deckbuild_result/gate_pair_freq/LIGHTNING_vs_LIGHTNING': np.float64(0.13978494623655913), 'environment/deckbuild_result/gate_pair_win_joint/LIGHTNING_vs_LIGHTNING': np.float64(0.06989247311827956), 'environment/deckbuild_result/gate_pair_freq/LIGHTNING_vs_WATER': np.float64(0.0967741935483871), 'environment/deckbuild_result/gate_pair_win_joint/LIGHTNING_vs_WATER': np.float64(0.04838709677419355), 'environment/deckbuild_result/gate_pair_freq/WATER_vs_EARTH': np.float64(0.008064516129032258), 'environment/deckbuild_result/gate_pair_win_joint/WATER_vs_EARTH': np.float64(0.008064516129032258), 'environment/deckbuild_result/gate_pair_freq/WATER_vs_FIRE': np.float64(0.04838709677419355), 'environment/deckbuild_result/gate_pair_win_joint/WATER_vs_FIRE': np.float64(0.04838709677419355), 'environment/deckbuild_result/gate_pair_freq/WATER_vs_LIGHTNING': np.float64(0.0967741935483871), 'environment/deckbuild_result/gate_pair_win_joint/WATER_vs_LIGHTNING': np.float64(0.04838709677419355), 'environment/deckbuild_result/gate_pair_freq/WATER_vs_WATER': np.float64(0.03225806451612903), 'environment/deckbuild_result/gate_pair_win_joint/WATER_vs_WATER': np.float64(0.016129032258064516), 'environment/deckbuild_result/gate_pair_unordered_freq/EARTH_vs_EARTH': np.float64(0.0), 'environment/deckbuild_result/gate_pair_unordered_win_joint/EARTH_vs_EARTH': np.float64(0.0), 'environment/deckbuild_result/gate_pair_unordered_freq/EARTH_vs_FIRE': np.float64(0.11290322580645161), 'environment/deckbuild_result/gate_pair_unordered_win_joint/EARTH_vs_FIRE': np.float64(0.056451612903225805), 'environment/deckbuild_result/gate_pair_unordered_freq/EARTH_vs_LIGHTNING': np.float64(0.016129032258064516), 'environment/deckbuild_result/gate_pair_unordered_win_joint/EARTH_vs_LIGHTNING': np.float64(0.008064516129032258), 'environment/deckbuild_result/gate_pair_unordered_freq/EARTH_vs_WATER': np.float64(0.016129032258064516), 'environment/deckbuild_result/gate_pair_unordered_win_joint/EARTH_vs_WATER': np.float64(0.008064516129032258), 'environment/deckbuild_result/gate_pair_unordered_freq/FIRE_vs_FIRE': np.float64(0.3440860215053763), 'environment/deckbuild_result/gate_pair_unordered_win_joint/FIRE_vs_FIRE': np.float64(0.17204301075268816), 'environment/deckbuild_result/gate_pair_unordered_freq/FIRE_vs_LIGHTNING': np.float64(0.04838709677419355), 'environment/deckbuild_result/gate_pair_unordered_win_joint/FIRE_vs_LIGHTNING': np.float64(0.024193548387096774), 'environment/deckbuild_result/gate_pair_unordered_freq/FIRE_vs_WATER': np.float64(0.0967741935483871), 'environment/deckbuild_result/gate_pair_unordered_win_joint/FIRE_vs_WATER': np.float64(0.04838709677419355), 'environment/deckbuild_result/gate_pair_unordered_freq/LIGHTNING_vs_LIGHTNING': np.float64(0.13978494623655913), 'environment/deckbuild_result/gate_pair_unordered_win_joint/LIGHTNING_vs_LIGHTNING': np.float64(0.06989247311827956), 'environment/deckbuild_result/gate_pair_unordered_freq/LIGHTNING_vs_WATER': np.float64(0.1935483870967742), 'environment/deckbuild_result/gate_pair_unordered_win_joint/LIGHTNING_vs_WATER': np.float64(0.0967741935483871), 'environment/deckbuild_result/gate_pair_unordered_freq/WATER_vs_WATER': np.float64(0.03225806451612903), 'environment/deckbuild_result/gate_pair_unordered_win_joint/WATER_vs_WATER': np.float64(0.016129032258064516), 'environment/deckbuild_result/gatecard/AZK01-120/game': np.float64(1.0), 'environment/deckbuild_result/gatecard/AZK01-120/win': np.float64(0.5714285714285714), 'environment/deckbuild_result/gatecard/AZK01-120/attack_rate': np.float64(0.2211205938032695), 'environment/deckbuild_result/gatecard/AZK01-120/spell_rate': np.float64(0.036433699407747815), 'environment/deckbuild_result/gatecard/AZK01-120/weapon_rate': np.float64(0.055287375513996394), 'environment/deckbuild_result/gatecard/AZK01-120/portal_rate': np.float64(0.09772057352321488), 'environment/deckbuild_result/gatecard/AZK01-120/play_entity_rate': np.float64(0.4025175656591143), 'environment/deckbuild_result/gatecard/AZK01-120/noop_rate': np.float64(0.22209920840603964), 'environment/deckbuild_result/gatecard/AZK01-120/episode_length': np.float64(79.42857142857143), 'environment/deckbuild_result/gatecard/AZK01-120/leader_health': np.float64(0.39285714285714285), 'environment/deckbuild_result/gatecard/AZK01-120/ability_rate': np.float64(0.0), 'environment/deckbuild_gatecard/STT01-002/game': np.float64(1.0), 'environment/azk_step_deckbuild_gatecard/STT01-002/game': np.float64(1.0), 'environment/deckbuild_gatecard/STT01-002/avg_cost': np.float64(2.873333333333333), 'environment/azk_step_deckbuild_gatecard/STT01-002/avg_cost': np.float64(2.873333333333333), 'environment/deckbuild_gatecard/STT01-002/main_unique': np.float64(37.375), 'environment/azk_step_deckbuild_gatecard/STT01-002/main_unique': np.float64(37.375), 'environment/deckbuild_gatecard/STT01-002/copy_entropy_norm': np.float64(0.9764223943849353), 'environment/azk_step_deckbuild_gatecard/STT01-002/copy_entropy_norm': np.float64(0.9764223943849353), 'environment/deckbuild_gatecard/STT01-002/gate_element_share': np.float64(0.37333333333333335), 'environment/azk_step_deckbuild_gatecard/STT01-002/gate_element_share': np.float64(0.37333333333333335), 'environment/deckbuild_gatecard/STT01-002/type_share/ENTITY': np.float64(0.6583333333333333), 'environment/azk_step_deckbuild_gatecard/STT01-002/type_share/ENTITY': np.float64(0.6583333333333333), 'environment/deckbuild_gatecard/STT01-002/type_share/SPELL': np.float64(0.19166666666666668), 'environment/azk_step_deckbuild_gatecard/STT01-002/type_share/SPELL': np.float64(0.19166666666666668), 'environment/deckbuild_gatecard/STT01-002/type_share/WEAPON': np.float64(0.15), 'environment/azk_step_deckbuild_gatecard/STT01-002/type_share/WEAPON': np.float64(0.15), 'environment/deckbuild_gatecard/STT01-002/cost_share/0_1': np.float64(0.24750000000000005), 'environment/azk_step_deckbuild_gatecard/STT01-002/cost_share/0_1': np.float64(0.24750000000000005), 'environment/deckbuild_gatecard/STT01-002/cost_share/2_3': np.float64(0.4116666666666667), 'environment/azk_step_deckbuild_gatecard/STT01-002/cost_share/2_3': np.float64(0.4116666666666667), 'environment/deckbuild_gatecard/STT01-002/cost_share/4_5': np.float64(0.295), 'environment/azk_step_deckbuild_gatecard/STT01-002/cost_share/4_5': np.float64(0.295), 'environment/deckbuild_gatecard/STT01-002/cost_share/6_plus': np.float64(0.04583333333333334), 'environment/azk_step_deckbuild_gatecard/STT01-002/cost_share/6_plus': np.float64(0.04583333333333334), 'environment/deckbuild_gatecard/STT01-002/leader/AZK01-119': np.float64(1.0), 'environment/azk_step_deckbuild_gatecard/STT01-002/leader/AZK01-119': np.float64(1.0), 'environment/deckbuild_result/gatecard/STT01-002/game': np.float64(1.0), 'environment/deckbuild_result/gatecard/STT01-002/win': np.float64(0.5), 'environment/deckbuild_result/gatecard/STT01-002/attack_rate': np.float64(0.21335144340991974), 'environment/deckbuild_result/gatecard/STT01-002/spell_rate': np.float64(0.027267164317891), 'environment/deckbuild_result/gatecard/STT01-002/weapon_rate': np.float64(0.04166693279209236), 'environment/deckbuild_result/gatecard/STT01-002/portal_rate': np.float64(0.10509114743520816), 'environment/deckbuild_result/gatecard/STT01-002/play_entity_rate': np.float64(0.3803999324639638), 'environment/deckbuild_result/gatecard/STT01-002/noop_rate': np.float64(0.24986395798623562), 'environment/deckbuild_result/gatecard/STT01-002/episode_length': np.float64(80.16666666666667), 'environment/deckbuild_result/gatecard/STT01-002/leader_health': np.float64(0.3020833308498065), 'environment/deckbuild_result/gatecard/STT01-002/ability_rate': np.float64(0.00879779962512354), 'environment/ref_seat_rate': np.float64(0.0), 'environment/deckbuild/leader_card/AZK01-121': np.float64(1.0), 'environment/azk_step_deckbuild/leader_card/AZK01-121': np.float64(1.0), 'environment/deckbuild_gatecard/STT04-002/game': np.float64(1.0), 'environment/azk_step_deckbuild_gatecard/STT04-002/game': np.float64(1.0), 'environment/deckbuild_gatecard/STT04-002/avg_cost': np.float64(2.8721052631578945), 'environment/azk_step_deckbuild_gatecard/STT04-002/avg_cost': np.float64(2.8721052631578945), 'environment/deckbuild_gatecard/STT04-002/main_unique': np.float64(36.973684210526315), 'environment/azk_step_deckbuild_gatecard/STT04-002/main_unique': np.float64(36.973684210526315), 'environment/deckbuild_gatecard/STT04-002/copy_entropy_norm': np.float64(0.9771180064590667), 'environment/azk_step_deckbuild_gatecard/STT04-002/copy_entropy_norm': np.float64(0.9771180064590667), 'environment/deckbuild_gatecard/STT04-002/gate_element_share': np.float64(0.43736842105263163), 'environment/azk_step_deckbuild_gatecard/STT04-002/gate_element_share': np.float64(0.43736842105263163), 'environment/deckbuild_gatecard/STT04-002/type_share/ENTITY': np.float64(0.781578947368421), 'environment/azk_step_deckbuild_gatecard/STT04-002/type_share/ENTITY': np.float64(0.781578947368421), 'environment/deckbuild_gatecard/STT04-002/type_share/SPELL': np.float64(0.1605263157894737), 'environment/azk_step_deckbuild_gatecard/STT04-002/type_share/SPELL': np.float64(0.1605263157894737), 'environment/deckbuild_gatecard/STT04-002/type_share/WEAPON': np.float64(0.05789473684210527), 'environment/azk_step_deckbuild_gatecard/STT04-002/type_share/WEAPON': np.float64(0.05789473684210527), 'environment/deckbuild_gatecard/STT04-002/cost_share/0_1': np.float64(0.26263157894736844), 'environment/azk_step_deckbuild_gatecard/STT04-002/cost_share/0_1': np.float64(0.26263157894736844), 'environment/deckbuild_gatecard/STT04-002/cost_share/2_3': np.float64(0.41), 'environment/azk_step_deckbuild_gatecard/STT04-002/cost_share/2_3': np.float64(0.41), 'environment/deckbuild_gatecard/STT04-002/cost_share/4_5': np.float64(0.25947368421052636), 'environment/azk_step_deckbuild_gatecard/STT04-002/cost_share/4_5': np.float64(0.25947368421052636), 'environment/deckbuild_gatecard/STT04-002/cost_share/6_plus': np.float64(0.06789473684210527), 'environment/azk_step_deckbuild_gatecard/STT04-002/cost_share/6_plus': np.float64(0.06789473684210527), 'environment/deckbuild_gatecard/STT04-002/leader/AZK01-121': np.float64(1.0), 'environment/azk_step_deckbuild_gatecard/STT04-002/leader/AZK01-121': np.float64(1.0), 'environment/deckbuild_result/gate/FIRE/game': np.float64(1.0), 'environment/deckbuild_result/gate/FIRE/win': np.float64(0.3583333333333333), 'environment/deckbuild_result/gate_pair/FIRE_vs_FIRE/game': np.float64(1.0), 'environment/deckbuild_result/gate_pair/FIRE_vs_FIRE/win': np.float64(0.5), 'environment/deckbuild_result/gate_pair_unordered/FIRE_vs_FIRE/game': np.float64(1.0), 'environment/deckbuild_result/gate_pair_unordered/FIRE_vs_FIRE/win': np.float64(0.5), 'environment/deckbuild_result/gatecard/STT04-002/game': np.float64(1.0), 'environment/deckbuild_result/gatecard/STT04-002/win': np.float64(0.18421052631578946), 'environment/deckbuild_result/gatecard/STT04-002/attack_rate': np.float64(0.1595622633436793), 'environment/deckbuild_result/gatecard/STT04-002/spell_rate': np.float64(0.03034823819210655), 'environment/deckbuild_result/gatecard/STT04-002/weapon_rate': np.float64(0.008922463773112548), 'environment/deckbuild_result/gatecard/STT04-002/portal_rate': np.float64(0.09230186466715838), 'environment/deckbuild_result/gatecard/STT04-002/play_entity_rate': np.float64(0.3464970306346291), 'environment/deckbuild_result/gatecard/STT04-002/noop_rate': np.float64(0.20685576804374395), 'environment/deckbuild_result/gatecard/STT04-002/episode_length': np.float64(83.57894736842105), 'environment/deckbuild_result/gatecard/STT04-002/leader_health': np.float64(0.09605263095153005), 'environment/deckbuild_result/gatecard/STT04-002/ability_rate': np.float64(0.06784692333128892), 'environment/deckbuild/leader_card/STT04-001': np.float64(1.0), 'environment/azk_step_deckbuild/leader_card/STT04-001': np.float64(1.0), 'environment/deckbuild_gatecard/STT04-002/leader/STT04-001': np.float64(1.0), 'environment/azk_step_deckbuild_gatecard/STT04-002/leader/STT04-001': np.float64(1.0), 'environment/deckbuild_result/gate_pair/FIRE_vs_WATER/game': np.float64(1.0), 'environment/deckbuild_result/gate_pair/FIRE_vs_WATER/win': np.float64(0.0), 'environment/deckbuild_result/gate_pair_unordered/FIRE_vs_WATER/game': np.float64(1.0), 'environment/deckbuild_result/gate_pair_unordered/FIRE_vs_WATER/win': np.float64(0.5), 'environment/deckbuild_result/gate_mismatch/game': np.float64(1.0), 'environment/deckbuild_result/gate_mismatch/win': np.float64(0.5), 'environment/deckbuild/leader_card/AZK01-125': np.float64(1.0), 'environment/azk_step_deckbuild/leader_card/AZK01-125': np.float64(1.0), 'environment/deckbuild_gatecard/STT02-002/game': np.float64(1.0), 'environment/azk_step_deckbuild_gatecard/STT02-002/game': np.float64(1.0), 'environment/deckbuild_gatecard/STT02-002/avg_cost': np.float64(2.8674999999999997), 'environment/azk_step_deckbuild_gatecard/STT02-002/avg_cost': np.float64(2.8674999999999997), 'environment/deckbuild_gatecard/STT02-002/main_unique': np.float64(37.375), 'environment/azk_step_deckbuild_gatecard/STT02-002/main_unique': np.float64(37.375), 'environment/deckbuild_gatecard/STT02-002/copy_entropy_norm': np.float64(0.9774947755072032), 'environment/azk_step_deckbuild_gatecard/STT02-002/copy_entropy_norm': np.float64(0.9774947755072032), 'environment/deckbuild_gatecard/STT02-002/gate_element_share': np.float64(0.405), 'environment/azk_step_deckbuild_gatecard/STT02-002/gate_element_share': np.float64(0.405), 'environment/deckbuild_gatecard/STT02-002/type_share/ENTITY': np.float64(0.695), 'environment/azk_step_deckbuild_gatecard/STT02-002/type_share/ENTITY': np.float64(0.695), 'environment/deckbuild_gatecard/STT02-002/type_share/SPELL': np.float64(0.23750000000000002), 'environment/azk_step_deckbuild_gatecard/STT02-002/type_share/SPELL': np.float64(0.23750000000000002), 'environment/deckbuild_gatecard/STT02-002/type_share/WEAPON': np.float64(0.0675), 'environment/azk_step_deckbuild_gatecard/STT02-002/type_share/WEAPON': np.float64(0.0675), 'environment/deckbuild_gatecard/STT02-002/cost_share/0_1': np.float64(0.3075), 'environment/azk_step_deckbuild_gatecard/STT02-002/cost_share/0_1': np.float64(0.3075), 'environment/deckbuild_gatecard/STT02-002/cost_share/2_3': np.float64(0.375), 'environment/azk_step_deckbuild_gatecard/STT02-002/cost_share/2_3': np.float64(0.375), 'environment/deckbuild_gatecard/STT02-002/cost_share/4_5': np.float64(0.2125), 'environment/azk_step_deckbuild_gatecard/STT02-002/cost_share/4_5': np.float64(0.2125), 'environment/deckbuild_gatecard/STT02-002/cost_share/6_plus': np.float64(0.10500000000000001), 'environment/azk_step_deckbuild_gatecard/STT02-002/cost_share/6_plus': np.float64(0.10500000000000001), 'environment/deckbuild_gatecard/STT02-002/leader/AZK01-125': np.float64(1.0), 'environment/azk_step_deckbuild_gatecard/STT02-002/leader/AZK01-125': np.float64(1.0), 'environment/deckbuild_result/gate/WATER/game': np.float64(1.0), 'environment/deckbuild_result/gate/WATER/win': np.float64(0.6818181818181818), 'environment/deckbuild_result/gate_pair/WATER_vs_FIRE/game': np.float64(1.0), 'environment/deckbuild_result/gate_pair/WATER_vs_FIRE/win': np.float64(1.0), 'environment/deckbuild_result/gatecard/STT02-002/game': np.float64(1.0), 'environment/deckbuild_result/gatecard/STT02-002/win': np.float64(0.625), 'environment/deckbuild_result/gatecard/STT02-002/attack_rate': np.float64(0.20739540737122297), 'environment/deckbuild_result/gatecard/STT02-002/spell_rate': np.float64(0.029611902311444283), 'environment/deckbuild_result/gatecard/STT02-002/weapon_rate': np.float64(0.014312163926661015), 'environment/deckbuild_result/gatecard/STT02-002/portal_rate': np.float64(0.08924718061462045), 'environment/deckbuild_result/gatecard/STT02-002/play_entity_rate': np.float64(0.32545047253370285), 'environment/deckbuild_result/gatecard/STT02-002/noop_rate': np.float64(0.2399158962070942), 'environment/deckbuild_result/gatecard/STT02-002/episode_length': np.float64(83.375), 'environment/deckbuild_result/gatecard/STT02-002/leader_health': np.float64(0.45000000298023224), 'environment/deckbuild_result/gatecard/STT02-002/ability_rate': np.float64(0.03640020382590592), 'environment/deckbuild/leader_card/STT01-001': np.float64(1.0), 'environment/azk_step_deckbuild/leader_card/STT01-001': np.float64(1.0), 'environment/deckbuild_gatecard/AZK01-120/leader/STT01-001': np.float64(1.0), 'environment/azk_step_deckbuild_gatecard/AZK01-120/leader/STT01-001': np.float64(1.0), 'environment/deckbuild_result/gate_pair/LIGHTNING_vs_EARTH/game': np.float64(1.0), 'environment/deckbuild_result/gate_pair/LIGHTNING_vs_EARTH/win': np.float64(0.0), 'environment/deckbuild_result/gate_pair_unordered/EARTH_vs_LIGHTNING/game': np.float64(1.0), 'environment/deckbuild_result/gate_pair_unordered/EARTH_vs_LIGHTNING/win': np.float64(0.5), 'environment/deckbuild/leader_card/AZK01-123': np.float64(1.0), 'environment/azk_step_deckbuild/leader_card/AZK01-123': np.float64(1.0), 'environment/deckbuild_gatecard/AZK01-124/game': np.float64(1.0), 'environment/azk_step_deckbuild_gatecard/AZK01-124/game': np.float64(1.0), 'environment/deckbuild_gatecard/AZK01-124/avg_cost': np.float64(3.21), 'environment/azk_step_deckbuild_gatecard/AZK01-124/avg_cost': np.float64(3.21), 'environment/deckbuild_gatecard/AZK01-124/main_unique': np.float64(35.25), 'environment/azk_step_deckbuild_gatecard/AZK01-124/main_unique': np.float64(35.25), 'environment/deckbuild_gatecard/AZK01-124/copy_entropy_norm': np.float64(0.969795670493601), 'environment/azk_step_deckbuild_gatecard/AZK01-124/copy_entropy_norm': np.float64(0.969795670493601), 'environment/deckbuild_gatecard/AZK01-124/gate_element_share': np.float64(0.43), 'environment/azk_step_deckbuild_gatecard/AZK01-124/gate_element_share': np.float64(0.43), 'environment/deckbuild_gatecard/AZK01-124/type_share/ENTITY': np.float64(0.75), 'environment/azk_step_deckbuild_gatecard/AZK01-124/type_share/ENTITY': np.float64(0.75), 'environment/deckbuild_gatecard/AZK01-124/type_share/SPELL': np.float64(0.18), 'environment/azk_step_deckbuild_gatecard/AZK01-124/type_share/SPELL': np.float64(0.18), 'environment/deckbuild_gatecard/AZK01-124/type_share/WEAPON': np.float64(0.07), 'environment/azk_step_deckbuild_gatecard/AZK01-124/type_share/WEAPON': np.float64(0.07), 'environment/deckbuild_gatecard/AZK01-124/cost_share/0_1': np.float64(0.24), 'environment/azk_step_deckbuild_gatecard/AZK01-124/cost_share/0_1': np.float64(0.24), 'environment/deckbuild_gatecard/AZK01-124/cost_share/2_3': np.float64(0.355), 'environment/azk_step_deckbuild_gatecard/AZK01-124/cost_share/2_3': np.float64(0.355), 'environment/deckbuild_gatecard/AZK01-124/cost_share/4_5': np.float64(0.3), 'environment/azk_step_deckbuild_gatecard/AZK01-124/cost_share/4_5': np.float64(0.3), 'environment/deckbuild_gatecard/AZK01-124/cost_share/6_plus': np.float64(0.10500000000000001), 'environment/azk_step_deckbuild_gatecard/AZK01-124/cost_share/6_plus': np.float64(0.10500000000000001), 'environment/deckbuild_gatecard/AZK01-124/leader/AZK01-123': np.float64(1.0), 'environment/azk_step_deckbuild_gatecard/AZK01-124/leader/AZK01-123': np.float64(1.0), 'environment/deckbuild_result/gate/EARTH/game': np.float64(1.0), 'environment/deckbuild_result/gate/EARTH/win': np.float64(0.6666666666666666), 'environment/deckbuild_result/gate_pair/EARTH_vs_LIGHTNING/game': np.float64(1.0), 'environment/deckbuild_result/gate_pair/EARTH_vs_LIGHTNING/win': np.float64(1.0), 'environment/deckbuild_result/gatecard/AZK01-124/game': np.float64(1.0), 'environment/deckbuild_result/gatecard/AZK01-124/win': np.float64(0.5), 'environment/deckbuild_result/gatecard/AZK01-124/attack_rate': np.float64(0.18858414888381958), 'environment/deckbuild_result/gatecard/AZK01-124/spell_rate': np.float64(0.018855958711355925), 'environment/deckbuild_result/gatecard/AZK01-124/weapon_rate': np.float64(0.02479480253532529), 'environment/deckbuild_result/gatecard/AZK01-124/portal_rate': np.float64(0.057668476831167936), 'environment/deckbuild_result/gatecard/AZK01-124/play_entity_rate': np.float64(0.3105819448828697), 'environment/deckbuild_result/gatecard/AZK01-124/noop_rate': np.float64(0.23349422588944435), 'environment/deckbuild_result/gatecard/AZK01-124/episode_length': np.float64(85.0), 'environment/deckbuild_result/gatecard/AZK01-124/leader_health': np.float64(0.22500000894069672), 'environment/deckbuild_result/gatecard/AZK01-124/ability_rate': np.float64(0.05383189860731363), 'environment/deckbuild_gatecard/STT01-002/leader/STT01-001': np.float64(1.0), 'environment/azk_step_deckbuild_gatecard/STT01-002/leader/STT01-001': np.float64(1.0), 'environment/deckbuild_gatecard/AZK01-122/game': np.float64(1.0), 'environment/azk_step_deckbuild_gatecard/AZK01-122/game': np.float64(1.0), 'environment/deckbuild_gatecard/AZK01-122/avg_cost': np.float64(2.91875), 'environment/azk_step_deckbuild_gatecard/AZK01-122/avg_cost': np.float64(2.91875), 'environment/deckbuild_gatecard/AZK01-122/main_unique': np.float64(37.9375), 'environment/azk_step_deckbuild_gatecard/AZK01-122/main_unique': np.float64(37.9375), 'environment/deckbuild_gatecard/AZK01-122/copy_entropy_norm': np.float64(0.9797012974555153), 'environment/azk_step_deckbuild_gatecard/AZK01-122/copy_entropy_norm': np.float64(0.9797012974555153), 'environment/deckbuild_gatecard/AZK01-122/gate_element_share': np.float64(0.4575), 'environment/azk_step_deckbuild_gatecard/AZK01-122/gate_element_share': np.float64(0.4575), 'environment/deckbuild_gatecard/AZK01-122/type_share/ENTITY': np.float64(0.79125), 'environment/azk_step_deckbuild_gatecard/AZK01-122/type_share/ENTITY': np.float64(0.79125), 'environment/deckbuild_gatecard/AZK01-122/type_share/SPELL': np.float64(0.14375), 'environment/azk_step_deckbuild_gatecard/AZK01-122/type_share/SPELL': np.float64(0.14375), 'environment/deckbuild_gatecard/AZK01-122/type_share/WEAPON': np.float64(0.065), 'environment/azk_step_deckbuild_gatecard/AZK01-122/type_share/WEAPON': np.float64(0.065), 'environment/deckbuild_gatecard/AZK01-122/cost_share/0_1': np.float64(0.2575), 'environment/azk_step_deckbuild_gatecard/AZK01-122/cost_share/0_1': np.float64(0.2575), 'environment/deckbuild_gatecard/AZK01-122/cost_share/2_3': np.float64(0.39625), 'environment/azk_step_deckbuild_gatecard/AZK01-122/cost_share/2_3': np.float64(0.39625), 'environment/deckbuild_gatecard/AZK01-122/cost_share/4_5': np.float64(0.28125), 'environment/azk_step_deckbuild_gatecard/AZK01-122/cost_share/4_5': np.float64(0.28125), 'environment/deckbuild_gatecard/AZK01-122/cost_share/6_plus': np.float64(0.065), 'environment/azk_step_deckbuild_gatecard/AZK01-122/cost_share/6_plus': np.float64(0.065), 'environment/deckbuild_gatecard/AZK01-122/leader/STT04-001': np.float64(1.0), 'environment/azk_step_deckbuild_gatecard/AZK01-122/leader/STT04-001': np.float64(1.0), 'environment/deckbuild_result/gatecard/AZK01-122/game': np.float64(1.0), 'environment/deckbuild_result/gatecard/AZK01-122/win': np.float64(0.8125), 'environment/deckbuild_result/gatecard/AZK01-122/attack_rate': np.float64(0.2274346947669983), 'environment/deckbuild_result/gatecard/AZK01-122/spell_rate': np.float64(0.02291253174189478), 'environment/deckbuild_result/gatecard/AZK01-122/weapon_rate': np.float64(0.009537380537949502), 'environment/deckbuild_result/gatecard/AZK01-122/portal_rate': np.float64(0.09929926274344325), 'environment/deckbuild_result/gatecard/AZK01-122/play_entity_rate': np.float64(0.32053131703287363), 'environment/deckbuild_result/gatecard/AZK01-122/noop_rate': np.float64(0.203922632150352), 'environment/deckbuild_result/gatecard/AZK01-122/episode_length': np.float64(84.25), 'environment/deckbuild_result/gatecard/AZK01-122/leader_health': np.float64(0.4468750033993274), 'environment/deckbuild_result/gatecard/AZK01-122/ability_rate': np.float64(0.06451104849111289), 'environment/deckbuild_gatecard/AZK01-122/leader/AZK01-121': np.float64(1.0), 'environment/azk_step_deckbuild_gatecard/AZK01-122/leader/AZK01-121': np.float64(1.0), 'environment/deckbuild_gatecard/STT03-002/game': np.float64(1.0), 'environment/azk_step_deckbuild_gatecard/STT03-002/game': np.float64(1.0), 'environment/deckbuild_gatecard/STT03-002/avg_cost': np.float64(3.18), 'environment/azk_step_deckbuild_gatecard/STT03-002/avg_cost': np.float64(3.18), 'environment/deckbuild_gatecard/STT03-002/main_unique': np.float64(39.5), 'environment/azk_step_deckbuild_gatecard/STT03-002/main_unique': np.float64(39.5), 'environment/deckbuild_gatecard/STT03-002/copy_entropy_norm': np.float64(0.9822648299732539), 'environment/azk_step_deckbuild_gatecard/STT03-002/copy_entropy_norm': np.float64(0.9822648299732539), 'environment/deckbuild_gatecard/STT03-002/gate_element_share': np.float64(0.36), 'environment/azk_step_deckbuild_gatecard/STT03-002/gate_element_share': np.float64(0.36), 'environment/deckbuild_gatecard/STT03-002/type_share/ENTITY': np.float64(0.75), 'environment/azk_step_deckbuild_gatecard/STT03-002/type_share/ENTITY': np.float64(0.75), 'environment/deckbuild_gatecard/STT03-002/type_share/SPELL': np.float64(0.22000000000000003), 'environment/azk_step_deckbuild_gatecard/STT03-002/type_share/SPELL': np.float64(0.22000000000000003), 'environment/deckbuild_gatecard/STT03-002/type_share/WEAPON': np.float64(0.03), 'environment/azk_step_deckbuild_gatecard/STT03-002/type_share/WEAPON': np.float64(0.03), 'environment/deckbuild_gatecard/STT03-002/cost_share/0_1': np.float64(0.18), 'environment/azk_step_deckbuild_gatecard/STT03-002/cost_share/0_1': np.float64(0.18), 'environment/deckbuild_gatecard/STT03-002/cost_share/2_3': np.float64(0.42000000000000004), 'environment/azk_step_deckbuild_gatecard/STT03-002/cost_share/2_3': np.float64(0.42000000000000004), 'environment/deckbuild_gatecard/STT03-002/cost_share/4_5': np.float64(0.30000000000000004), 'environment/azk_step_deckbuild_gatecard/STT03-002/cost_share/4_5': np.float64(0.30000000000000004), 'environment/deckbuild_gatecard/STT03-002/cost_share/6_plus': np.float64(0.1), 'environment/azk_step_deckbuild_gatecard/STT03-002/cost_share/6_plus': np.float64(0.1), 'environment/deckbuild_gatecard/STT03-002/leader/AZK01-123': np.float64(1.0), 'environment/azk_step_deckbuild_gatecard/STT03-002/leader/AZK01-123': np.float64(1.0), 'environment/deckbuild_result/gate_pair/EARTH_vs_FIRE/game': np.float64(1.0), 'environment/deckbuild_result/gate_pair/EARTH_vs_FIRE/win': np.float64(0.75), 'environment/deckbuild_result/gate_pair_unordered/EARTH_vs_FIRE/game': np.float64(1.0), 'environment/deckbuild_result/gate_pair_unordered/EARTH_vs_FIRE/win': np.float64(0.5), 'environment/deckbuild_result/gatecard/STT03-002/game': np.float64(1.0), 'environment/deckbuild_result/gatecard/STT03-002/win': np.float64(1.0), 'environment/deckbuild_result/gatecard/STT03-002/attack_rate': np.float64(0.23859649896621704), 'environment/deckbuild_result/gatecard/STT03-002/spell_rate': np.float64(0.037426901049911976), 'environment/deckbuild_result/gatecard/STT03-002/weapon_rate': np.float64(0.0), 'environment/deckbuild_result/gatecard/STT03-002/portal_rate': np.float64(0.08391812816262245), 'environment/deckbuild_result/gatecard/STT03-002/play_entity_rate': np.float64(0.3154970854520798), 'environment/deckbuild_result/gatecard/STT03-002/noop_rate': np.float64(0.22046784311532974), 'environment/deckbuild_result/gatecard/STT03-002/episode_length': np.float64(81.5), 'environment/deckbuild_result/gatecard/STT03-002/leader_health': np.float64(0.75), 'environment/deckbuild_result/gatecard/STT03-002/ability_rate': np.float64(0.02222222276031971), 'environment/deckbuild_result/gate_pair/FIRE_vs_EARTH/game': np.float64(1.0), 'environment/deckbuild_result/gate_pair/FIRE_vs_EARTH/win': np.float64(0.25), 'environment/deckbuild_gatecard/AZK01-126/game': np.float64(1.0), 'environment/azk_step_deckbuild_gatecard/AZK01-126/game': np.float64(1.0), 'environment/deckbuild_gatecard/AZK01-126/avg_cost': np.float64(2.936666666666667), 'environment/azk_step_deckbuild_gatecard/AZK01-126/avg_cost': np.float64(2.936666666666667), 'environment/deckbuild_gatecard/AZK01-126/main_unique': np.float64(37.666666666666664), 'environment/azk_step_deckbuild_gatecard/AZK01-126/main_unique': np.float64(37.666666666666664), 'environment/deckbuild_gatecard/AZK01-126/copy_entropy_norm': np.float64(0.9794179835566815), 'environment/azk_step_deckbuild_gatecard/AZK01-126/copy_entropy_norm': np.float64(0.9794179835566815), 'environment/deckbuild_gatecard/AZK01-126/gate_element_share': np.float64(0.3866666666666667), 'environment/azk_step_deckbuild_gatecard/AZK01-126/gate_element_share': np.float64(0.3866666666666667), 'environment/deckbuild_gatecard/AZK01-126/type_share/ENTITY': np.float64(0.7266666666666666), 'environment/azk_step_deckbuild_gatecard/AZK01-126/type_share/ENTITY': np.float64(0.7266666666666666), 'environment/deckbuild_gatecard/AZK01-126/type_share/SPELL': np.float64(0.20666666666666667), 'environment/azk_step_deckbuild_gatecard/AZK01-126/type_share/SPELL': np.float64(0.20666666666666667), 'environment/deckbuild_gatecard/AZK01-126/type_share/WEAPON': np.float64(0.06666666666666667), 'environment/azk_step_deckbuild_gatecard/AZK01-126/type_share/WEAPON': np.float64(0.06666666666666667), 'environment/deckbuild_gatecard/AZK01-126/cost_share/0_1': np.float64(0.2466666666666667), 'environment/azk_step_deckbuild_gatecard/AZK01-126/cost_share/0_1': np.float64(0.2466666666666667), 'environment/deckbuild_gatecard/AZK01-126/cost_share/2_3': np.float64(0.4366666666666667), 'environment/azk_step_deckbuild_gatecard/AZK01-126/cost_share/2_3': np.float64(0.4366666666666667), 'environment/deckbuild_gatecard/AZK01-126/cost_share/4_5': np.float64(0.22), 'environment/azk_step_deckbuild_gatecard/AZK01-126/cost_share/4_5': np.float64(0.22), 'environment/deckbuild_gatecard/AZK01-126/cost_share/6_plus': np.float64(0.09666666666666668), 'environment/azk_step_deckbuild_gatecard/AZK01-126/cost_share/6_plus': np.float64(0.09666666666666668), 'environment/deckbuild_gatecard/AZK01-126/leader/AZK01-125': np.float64(1.0), 'environment/azk_step_deckbuild_gatecard/AZK01-126/leader/AZK01-125': np.float64(1.0), 'environment/deckbuild_result/gate_pair/WATER_vs_LIGHTNING/game': np.float64(1.0), 'environment/deckbuild_result/gate_pair/WATER_vs_LIGHTNING/win': np.float64(0.5), 'environment/deckbuild_result/gate_pair_unordered/LIGHTNING_vs_WATER/game': np.float64(1.0), 'environment/deckbuild_result/gate_pair_unordered/LIGHTNING_vs_WATER/win': np.float64(0.5), 'environment/deckbuild_result/gatecard/AZK01-126/game': np.float64(1.0), 'environment/deckbuild_result/gatecard/AZK01-126/win': np.float64(0.8333333333333334), 'environment/deckbuild_result/gatecard/AZK01-126/attack_rate': np.float64(0.2623971626162529), 'environment/deckbuild_result/gatecard/AZK01-126/spell_rate': np.float64(0.03865071882804235), 'environment/deckbuild_result/gatecard/AZK01-126/weapon_rate': np.float64(0.022925487409035366), 'environment/deckbuild_result/gatecard/AZK01-126/portal_rate': np.float64(0.0767396129667759), 'environment/deckbuild_result/gatecard/AZK01-126/play_entity_rate': np.float64(0.322824830810229), 'environment/deckbuild_result/gatecard/AZK01-126/noop_rate': np.float64(0.22953099260727564), 'environment/deckbuild_result/gatecard/AZK01-126/episode_length': np.float64(82.66666666666667), 'environment/deckbuild_result/gatecard/AZK01-126/leader_health': np.float64(0.6833333273728689), 'environment/deckbuild_result/gatecard/AZK01-126/ability_rate': np.float64(0.026006386304895084), 'environment/deckbuild_result/gate_pair/LIGHTNING_vs_WATER/game': np.float64(1.0), 'environment/deckbuild_result/gate_pair/LIGHTNING_vs_WATER/win': np.float64(0.5), 'environment/deckbuild/leader_card/STT02-001': np.float64(1.0), 'environment/azk_step_deckbuild/leader_card/STT02-001': np.float64(1.0), 'environment/deckbuild_gatecard/STT02-002/leader/STT02-001': np.float64(1.0), 'environment/azk_step_deckbuild_gatecard/STT02-002/leader/STT02-001': np.float64(1.0), 'environment/deckbuild_result/gate_pair/LIGHTNING_vs_FIRE/game': np.float64(1.0), 'environment/deckbuild_result/gate_pair/LIGHTNING_vs_FIRE/win': np.float64(1.0), 'environment/deckbuild_result/gate_pair_unordered/FIRE_vs_LIGHTNING/game': np.float64(1.0), 'environment/deckbuild_result/gate_pair_unordered/FIRE_vs_LIGHTNING/win': np.float64(0.5), 'environment/deckbuild_result/gate_pair/FIRE_vs_LIGHTNING/game': np.float64(1.0), 'environment/deckbuild_result/gate_pair/FIRE_vs_LIGHTNING/win': np.float64(0.0), 'environment/deckbuild_gatecard/AZK01-126/leader/STT02-001': np.float64(1.0), 'environment/azk_step_deckbuild_gatecard/AZK01-126/leader/STT02-001': np.float64(1.0), 'environment/deckbuild_result/gate_pair/WATER_vs_WATER/game': np.float64(1.0), 'environment/deckbuild_result/gate_pair/WATER_vs_WATER/win': np.float64(0.5), 'environment/deckbuild_result/gate_pair_unordered/WATER_vs_WATER/game': np.float64(1.0), 'environment/deckbuild_result/gate_pair_unordered/WATER_vs_WATER/win': np.float64(0.5), 'environment/deckbuild/leader_card/STT03-001': np.float64(1.0), 'environment/azk_step_deckbuild/leader_card/STT03-001': np.float64(1.0), 'environment/deckbuild_gatecard/AZK01-124/leader/STT03-001': np.float64(1.0), 'environment/azk_step_deckbuild_gatecard/AZK01-124/leader/STT03-001': np.float64(1.0), 'environment/deckbuild_result/gate_pair/EARTH_vs_WATER/game': np.float64(1.0), 'environment/deckbuild_result/gate_pair/EARTH_vs_WATER/win': np.float64(0.0), 'environment/deckbuild_result/gate_pair_unordered/EARTH_vs_WATER/game': np.float64(1.0), 'environment/deckbuild_result/gate_pair_unordered/EARTH_vs_WATER/win': np.float64(0.5), 'environment/deckbuild_result/gate_pair/WATER_vs_EARTH/game': np.float64(1.0), 'environment/deckbuild_result/gate_pair/WATER_vs_EARTH/win': np.float64(1.0), 'losses/policy_loss': -0.0031311879865825176, 'losses/value_loss': 0.0354311540722847, 'losses/value_loss_total': 0.0354311540722847, 'losses/entropy': 0.9518639445304871, 'losses/old_approx_kl': 0.00011408827413106337, 'losses/approx_kl': 2.02441806322895e-05, 'losses/clipfrac': 0.0, 'losses/importance': 0.9999061822891235, 'losses/win_prob_aux_loss': 0.69140625, 'losses/win_prob_aux_labeled_frac': 0.0302734375, 'losses/explained_variance': 0.03314942121505737, 'losses/win_prob_aux_accuracy': 0.51171875, 'losses/win_prob_aux_brier': 0.2490234375, 'losses/win_prob_aux_pred_mean': 0.494140625, 'losses/win_prob_aux_target_mean': 0.498046875, 'performance/eval': 15.233420133590698, 'performance/train': 15.897681713104248, 'performance/eval_forward': 14.90054726600647, 'performance/env': 0.02954840660095215, 'performance/eval_copy': 0.29045939445495605, 'performance/eval_misc': 0.012774467468261719, 'performance/train_forward': 3.2697975635528564, 'performance/learn_backward': 6.158890724182129, 'performance/learn_opt': 6.369037628173828, 'performance/train_copy': 0.004994869232177734, 'performance/train_misc': 0.09488224983215332}
[EnvProfile] steps=4000 avg_step_us=224.44 avg_tick_us=82.64 avg_refresh_us=134.41 avg_auto_ticks=2.00 tick_share=0.368 refresh_share=0.599
[EnvProfile] steps=4000 avg_step_us=225.15 avg_tick_us=82.32 avg_refresh_us=135.48 avg_auto_ticks=2.03 tick_share=0.366 refresh_share=0.602
[EnvProfile] steps=4000 avg_step_us=244.32 avg_tick_us=86.97 avg_refresh_us=149.17 avg_auto_ticks=1.97 tick_share=0.356 refresh_share=0.611
[EnvProfile] steps=4000 avg_step_us=226.53 avg_tick_us=81.13 avg_refresh_us=137.72 avg_auto_ticks=1.99 tick_share=0.358 refresh_share=0.608
[EnvProfile] steps=4000 avg_step_us=241.73 avg_tick_us=88.18 avg_refresh_us=145.45 avg_auto_ticks=2.02 tick_share=0.365 refresh_[EnvProfile] steps=4000 avg_step_us=231.13 avg_tick_us=84.37 avg_refresh_us=139.05 avg_auto_ticks=2.03 tick_share=0.365 refresh_share=0.602
share=0.602
[EnvProfile] steps=4000 avg_step_us=237.26 avg_tick_us=87.08 avg_refresh_us=142.19 avg_auto_ticks=2.02 tick_share=0.367 refresh_share=0.599
[EnvProfile] steps=4000 avg_step_us=228.98 avg_tick_us=83.81 avg_refresh_us=137.58 avg_auto_ticks=2.01 tick_share=0.366 refresh_share=0.601
[EnvProfile] steps=4000 avg_step_us=229.29 avg_tick_us=84.47 avg_refresh_us=137.07 avg_auto_ticks=2.00 tick_share=0.368 refresh_share=0.598
[EnvProfile] steps=4000 avg_step_us=222.91 avg_tick_us=81.62 avg_refresh_us=133.82 avg_auto_ticks=2.02 tick_share=0.366 refresh_share=0.600
[EnvProfile] steps=4000 avg_step_us=248.08 avg_tick_us=90.86 avg_refresh_us=148.89 avg_auto_ticks=2.05 tick_share=0.366 refresh_share=0.600
[0;0H╭──────────────────────────────────────────────────────────────────────────────╮
│  PufferLib 4.0        🐡        CPU:     GPU: 0.0%  DRAM: 8.4%   VRAM: 0.0%  │
│                                151.3%                                        │
│                                                                              │
│  Summary          Value    Evaluate     15s  48%    Losses            Value  │
│  Env        azuki_local      Forwa…     14s  47%    policy_loss       0.007  │
│  Params           90.2M      Env         0s   0%    value_loss        0.074  │
│  Steps           199.7K      Copy        0s   0%    value_loss_to…    0.074  │
│  SPS               5.2K      Misc        0s   0%    entropy           0.971  │
│  Epoch               13    Train        15s  51%    old_approx_kl    -0.000  │
│  Uptime          1m 24s      Forwa…      3s  10%    approx_kl         0.000  │
│  Remaini…           20s      Backw…      6s  20%    clipfrac          0.000  │
│                              Optim…      6s  20%    importance        1.000  │
│                              Copy        0s   0%    win_prob_aux_…    0.691  │
│                              Misc        0s   0%    win_prob_aux_…    0.156  │
│                                                     explained_var…    0.038  │
│                                                     win_prob_aux_…    0.602  │
│                                                     win_prob_aux_…    0.249  │
│                                                     win_prob_aux_…    0.498  │
│                                                     win_prob_aux_…    0.523  │
│                                                                              │
│  User Stats                    Value    User Stats                    Value  │
│  league/active                 1.000    sampler/subaction_tem…        1.200  │
│  sampler/smoothing_eps         0.050    anneal/ent_coef               0.010  │
│  perf                          0.000    score                         0.000  │
│  episode_return                1.345    episode_length               98.647  │
│  p0_episode_return             1.345    p1_episode_return            -1.345  │
│  p0_winrate                    0.611    p1_winrate                    0.389  │
│  p0_start_rate                 0.408    p1_start_rate                 0.592  │
│  draw_rate                     0.000    timeout_truncation_ra…        0.000  │
│  auto_tick_truncation_…        0.000    zero_legal_action_tru…        0.000  │
│  gameover_terminal_rate        1.000    winner_terminal_rate          1.000  │
│  curriculum_episode_cap        0.000    reward_shaping_scale          1.000  │
│  completed_episodes            1.000    p0_noop_selected_rate         0.219  │
│  p1_noop_selected_rate         0.220    p0_attack_selected_ra…        0.202  │
│  p1_attack_selected_ra…        0.190    p0_attach_weapon_from…        0.022  │
│  p1_attach_weapon_from…        0.021    p0_play_spell_from_ha…        0.025  │
╰──────────────────────────────────────────────────────────────────────────────╯

[epoch 13] {'SPS': 5161.384064216519, 'agent_steps': 199680, 'uptime': 84.56142044067383, 'epoch': 13, 'learning_rate': 0.0008190142503906803, 'environment/league/active': np.float64(1.0), 'environment/sampler/subaction_temperature': np.float64(1.2), 'environment/sampler/smoothing_eps': np.float64(0.05), 'environment/anneal/ent_coef': np.float64(0.01), 'environment/perf': np.float64(0.0), 'environment/score': np.float64(0.0), 'environment/episode_return': np.float64(1.3449839166566437), 'environment/episode_length': np.float64(98.6470588235294), 'environment/p0_episode_return': np.float64(1.3449839166566437), 'environment/p1_episode_return': np.float64(-1.3449839166566437), 'environment/p0_winrate': np.float64(0.611111111500684), 'environment/p1_winrate': np.float64(0.3888888896680346), 'environment/p0_start_rate': np.float64(0.4084967328052895), 'environment/p1_start_rate': np.float64(0.591503268363429), 'environment/draw_rate': np.float64(0.0), 'environment/timeout_truncation_rate': np.float64(0.0), 'environment/auto_tick_truncation_rate': np.float64(0.0), 'environment/zero_legal_action_truncation_rate': np.float64(0.0), 'environment/gameover_terminal_rate': np.float64(1.0), 'environment/winner_terminal_rate': np.float64(1.0), 'environment/curriculum_episode_cap': np.float64(0.0), 'environment/reward_shaping_scale': np.float64(1.0), 'environment/completed_episodes': np.float64(1.0), 'environment/p0_noop_selected_rate': np.float64(0.2194669442433937), 'environment/p1_noop_selected_rate': np.float64(0.2196137861293905), 'environment/p0_attack_selected_rate': np.float64(0.20248370924416711), 'environment/p1_attack_selected_rate': np.float64(0.18986215245197802), 'environment/p0_attach_weapon_from_hand_selected_rate': np.float64(0.021534735994303927), 'environment/p1_attach_weapon_from_hand_selected_rate': np.float64(0.020898534678945355), 'environment/p0_play_spell_from_hand_selected_rate': np.float64(0.024677008499993998), 'environment/p1_play_spell_from_hand_selected_rate': np.float64(0.03362251759744158), 'environment/p0_activate_garden_or_leader_ability_selected_rate': np.float64(0.0422682144186076), 'environment/p1_activate_garden_or_leader_ability_selected_rate': np.float64(0.03168347390259013), 'environment/p0_activate_alley_ability_selected_rate': np.float64(0.002650048328088779), 'environment/p1_activate_alley_ability_selected_rate': np.float64(0.00033806625972775855), 'environment/p0_gate_portal_selected_rate': np.float64(0.09704856406532082), 'environment/p1_gate_portal_selected_rate': np.float64(0.09476706918840315), 'environment/p0_play_entity_to_alley_selected_rate': np.float64(0.12177291665883626), 'environment/p1_play_entity_to_alley_selected_rate': np.float64(0.1181569290803928), 'environment/p0_play_entity_to_garden_selected_rate': np.float64(0.08152810790959526), 'environment/p1_play_entity_to_garden_selected_rate': np.float64(0.0838016262460573), 'environment/p0_play_selected_rate': np.float64(0.34656133137497247), 'environment/p1_play_selected_rate': np.float64(0.3512466766086279), 'environment/p0_ability_selected_rate': np.float64(0.0596703360697218), 'environment/p1_ability_selected_rate': np.float64(0.0514257087500072), 'environment/p0_target_selected_rate': np.float64(0.17048338526750312), 'environment/p1_target_selected_rate': np.float64(0.18638392472091844), 'environment/p0_avg_leader_health': np.float64(0.34460784348787044), 'environment/p1_avg_leader_health': np.float64(0.21209150216743058), 'environment/p0_entity_damage_dealt': np.float64(0.0), 'environment/p1_entity_damage_dealt': np.float64(0.0), 'environment/p0_entity_damage_taken': np.float64(0.0), 'environment/p1_entity_damage_taken': np.float64(0.0), 'environment/p0_generated_ikz_created': np.float64(0.0), 'environment/p1_generated_ikz_created': np.float64(0.0), 'environment/p0_generated_ikz_converted': np.float64(0.0), 'environment/p1_generated_ikz_converted': np.float64(0.0), 'environment/p0_generated_ikz_conversion_rate': np.float64(0.0), 'environment/p1_generated_ikz_conversion_rate': np.float64(0.0), 'environment/p0_temporary_charge_realized': np.float64(0.0), 'environment/p1_temporary_charge_realized': np.float64(0.0), 'environment/p0_temporary_attack_damage_realized': np.float64(0.0), 'environment/p1_temporary_attack_damage_realized': np.float64(0.0), 'environment/p0_contextual_response_reserve_opportunities': np.float64(0.0), 'environment/p1_contextual_response_reserve_opportunities': np.float64(0.0), 'environment/n': np.float64(1.1568627450980393), 'environment/deckbuild/completed': np.float64(1.0), 'environment/azk_step_deckbuild/completed': np.float64(1.0), 'environment/deckbuild/picks': np.float64(51.0), 'environment/azk_step_deckbuild/picks': np.float64(51.0), 'environment/deckbuild/main_count': np.float64(50.0), 'environment/azk_step_deckbuild/main_count': np.float64(50.0), 'environment/deckbuild/main_unique': np.float64(37.46078431372549), 'environment/azk_step_deckbuild/main_unique': np.float64(37.46078431372549), 'environment/deckbuild/main_unique_share': np.float64(0.7492156862745099), 'environment/azk_step_deckbuild/main_unique_share': np.float64(0.7492156862745099), 'environment/deckbuild/main_avg_copies_per_unique': np.float64(1.3400719428862413), 'environment/azk_step_deckbuild/main_avg_copies_per_unique': np.float64(1.3400719428862413), 'environment/deckbuild/main_max_copy_count': np.float64(3.0261437908496727), 'environment/azk_step_deckbuild/main_max_copy_count': np.float64(3.0261437908496727), 'environment/deckbuild/main_copy_entropy': np.float64(3.5411558415127966), 'environment/azk_step_deckbuild/main_copy_entropy': np.float64(3.5411558415127966), 'environment/deckbuild/main_copy_entropy_norm': np.float64(0.977791060768011), 'environment/azk_step_deckbuild/main_copy_entropy_norm': np.float64(0.977791060768011), 'environment/deckbuild/main_singleton_count': np.float64(27.003267973856207), 'environment/azk_step_deckbuild/main_singleton_count': np.float64(27.003267973856207), 'environment/deckbuild/main_pair_count': np.float64(8.58496732026144), 'environment/azk_step_deckbuild/main_pair_count': np.float64(8.58496732026144), 'environment/deckbuild/main_triplet_count': np.float64(1.6633986928104574), 'environment/azk_step_deckbuild/main_triplet_count': np.float64(1.6633986928104574), 'environment/deckbuild/main_quad_count': np.float64(0.2091503267973856), 'environment/azk_step_deckbuild/main_quad_count': np.float64(0.2091503267973856), 'environment/deckbuild/main_singleton_slot_share': np.float64(0.5400653594771242), 'environment/azk_step_deckbuild/main_singleton_slot_share': np.float64(0.5400653594771242), 'environment/deckbuild/main_pair_slot_share': np.float64(0.34339869281045754), 'environment/azk_step_deckbuild/main_pair_slot_share': np.float64(0.34339869281045754), 'environment/deckbuild/main_triplet_slot_share': np.float64(0.09980392156862745), 'environment/azk_step_deckbuild/main_triplet_slot_share': np.float64(0.09980392156862745), 'environment/deckbuild/main_quad_slot_share': np.float64(0.01673202614379085), 'environment/azk_step_deckbuild/main_quad_slot_share': np.float64(0.01673202614379085), 'environment/deckbuild/main_normal_share': np.float64(0.5961764705882352), 'environment/azk_step_deckbuild/main_normal_share': np.float64(0.5961764705882352), 'environment/deckbuild/main_gate_element_share': np.float64(0.40382352941176475), 'environment/azk_step_deckbuild/main_gate_element_share': np.float64(0.40382352941176475), 'environment/deckbuild/gate_match': np.float64(0.4738562091503267), 'environment/azk_step_deckbuild/gate_match': np.float64(0.4738562091503267), 'environment/deckbuild/gate/EARTH': np.float64(0.16176470588235295), 'environment/azk_step_deckbuild/gate/EARTH': np.float64(0.16176470588235295), 'environment/deckbuild/opponent_gate/EARTH': np.float64(0.16176470588235295), 'environment/azk_step_deckbuild/opponent_gate/EARTH': np.float64(0.16176470588235295), 'environment/deckbuild/leader/EARTH': np.float64(0.16176470588235295), 'environment/azk_step_deckbuild/leader/EARTH': np.float64(0.16176470588235295), 'environment/deckbuild/gate/FIRE': np.float64(0.3316993464052288), 'environment/azk_step_deckbuild/gate/FIRE': np.float64(0.3316993464052288), 'environment/deckbuild/opponent_gate/FIRE': np.float64(0.3316993464052288), 'environment/azk_step_deckbuild/opponent_gate/FIRE': np.float64(0.3316993464052288), 'environment/deckbuild/leader/FIRE': np.float64(0.3316993464052288), 'environment/azk_step_deckbuild/leader/FIRE': np.float64(0.3316993464052288), 'environment/deckbuild/gate/LIGHTNING': np.float64(0.369281045751634), 'environment/azk_step_deckbuild/gate/LIGHTNING': np.float64(0.369281045751634), 'environment/deckbuild/opponent_gate/LIGHTNING': np.float64(0.369281045751634), 'environment/azk_step_deckbuild/opponent_gate/LIGHTNING': np.float64(0.369281045751634), 'environment/deckbuild/leader/LIGHTNING': np.float64(0.369281045751634), 'environment/azk_step_deckbuild/leader/LIGHTNING': np.float64(0.369281045751634), 'environment/deckbuild/gate/WATER': np.float64(0.13725490196078433), 'environment/azk_step_deckbuild/gate/WATER': np.float64(0.13725490196078433), 'environment/deckbuild/opponent_gate/WATER': np.float64(0.13725490196078433), 'environment/azk_step_deckbuild/opponent_gate/WATER': np.float64(0.13725490196078433), 'environment/deckbuild/leader/WATER': np.float64(0.13725490196078433), 'environment/azk_step_deckbuild/leader/WATER': np.float64(0.13725490196078433), 'environment/deckbuild/main_type_count/ENTITY': np.float64(36.94117647058823), 'environment/azk_step_deckbuild/main_type_count/ENTITY': np.float64(36.94117647058823), 'environment/deckbuild/main_type_share/ENTITY': np.float64(0.7388235294117649), 'environment/azk_step_deckbuild/main_type_share/ENTITY': np.float64(0.7388235294117649), 'environment/deckbuild/main_type_count/SPELL': np.float64(9.032679738562091), 'environment/azk_step_deckbuild/main_type_count/SPELL': np.float64(9.032679738562091), 'environment/deckbuild/main_type_share/SPELL': np.float64(0.1806535947712418), 'environment/azk_step_deckbuild/main_type_share/SPELL': np.float64(0.1806535947712418), 'environment/deckbuild/main_type_count/WEAPON': np.float64(4.026143790849673), 'environment/azk_step_deckbuild/main_type_count/WEAPON': np.float64(4.026143790849673), 'environment/deckbuild/main_type_share/WEAPON': np.float64(0.08052287581699348), 'environment/azk_step_deckbuild/main_type_share/WEAPON': np.float64(0.08052287581699348), 'environment/deckbuild/main_element_count/EARTH': np.float64(3.0833333333333335), 'environment/azk_step_deckbuild/main_element_count/EARTH': np.float64(3.0833333333333335), 'environment/deckbuild/main_element_share/EARTH': np.float64(0.06166666666666667), 'environment/azk_step_deckbuild/main_element_share/EARTH': np.float64(0.06166666666666667), 'environment/deckbuild/main_element_count/FIRE': np.float64(7.155228758169934), 'environment/azk_step_deckbuild/main_element_count/FIRE': np.float64(7.155228758169934), 'environment/deckbuild/main_element_share/FIRE': np.float64(0.1431045751633987), 'environment/azk_step_deckbuild/main_element_share/FIRE': np.float64(0.1431045751633987), 'environment/deckbuild/main_element_count/LIGHTNING': np.float64(7.021241830065359), 'environment/azk_step_deckbuild/main_element_count/LIGHTNING': np.float64(7.021241830065359), 'environment/deckbuild/main_element_share/LIGHTNING': np.float64(0.14042483660130722), 'environment/azk_step_deckbuild/main_element_share/LIGHTNING': np.float64(0.14042483660130722), 'environment/deckbuild/main_element_count/NORMAL': np.float64(29.808823529411764), 'environment/azk_step_deckbuild/main_element_count/NORMAL': np.float64(29.808823529411764), 'environment/deckbuild/main_element_share/NORMAL': np.float64(0.5961764705882352), 'environment/azk_step_deckbuild/main_element_share/NORMAL': np.float64(0.5961764705882352), 'environment/deckbuild/main_element_count/WATER': np.float64(2.9313725490196076), 'environment/azk_step_deckbuild/main_element_count/WATER': np.float64(2.9313725490196076), 'environment/deckbuild/main_element_share/WATER': np.float64(0.05862745098039216), 'environment/azk_step_deckbuild/main_element_share/WATER': np.float64(0.05862745098039216), 'environment/deckbuild/main_avg_cost': np.float64(2.884444444444444), 'environment/azk_step_deckbuild/main_avg_cost': np.float64(2.884444444444444), 'environment/deckbuild/main_cost_share/0_1': np.float64(0.2457516339869281), 'environment/azk_step_deckbuild/main_cost_share/0_1': np.float64(0.2457516339869281), 'environment/deckbuild/main_cost_share/2_3': np.float64(0.4215686274509804), 'environment/azk_step_deckbuild/main_cost_share/2_3': np.float64(0.4215686274509804), 'environment/deckbuild/main_cost_share/4_5': np.float64(0.2708169934640523), 'environment/azk_step_deckbuild/main_cost_share/4_5': np.float64(0.2708169934640523), 'environment/deckbuild/main_cost_share/6_plus': np.float64(0.06186274509803921), 'environment/azk_step_deckbuild/main_cost_share/6_plus': np.float64(0.06186274509803921), 'environment/deckbuild/leader_card/AZK01-119': np.float64(1.0), 'environment/azk_step_deckbuild/leader_card/AZK01-119': np.float64(1.0), 'environment/deckbuild_gatecard/STT01-002/game': np.float64(1.0), 'environment/azk_step_deckbuild_gatecard/STT01-002/game': np.float64(1.0), 'environment/deckbuild_gatecard/STT01-002/avg_cost': np.float64(2.7743478260869567), 'environment/azk_step_deckbuild_gatecard/STT01-002/avg_cost': np.float64(2.7743478260869567), 'environment/deckbuild_gatecard/STT01-002/main_unique': np.float64(36.84782608695652), 'environment/azk_step_deckbuild_gatecard/STT01-002/main_unique': np.float64(36.84782608695652), 'environment/deckbuild_gatecard/STT01-002/copy_entropy_norm': np.float64(0.976474966147238), 'environment/azk_step_deckbuild_gatecard/STT01-002/copy_entropy_norm': np.float64(0.976474966147238), 'environment/deckbuild_gatecard/STT01-002/gate_element_share': np.float64(0.3660869565217392), 'environment/azk_step_deckbuild_gatecard/STT01-002/gate_element_share': np.float64(0.3660869565217392), 'environment/deckbuild_gatecard/STT01-002/type_share/ENTITY': np.float64(0.7052173913043478), 'environment/azk_step_deckbuild_gatecard/STT01-002/type_share/ENTITY': np.float64(0.7052173913043478), 'environment/deckbuild_gatecard/STT01-002/type_share/SPELL': np.float64(0.16478260869565223), 'environment/azk_step_deckbuild_gatecard/STT01-002/type_share/SPELL': np.float64(0.16478260869565223), 'environment/deckbuild_gatecard/STT01-002/type_share/WEAPON': np.float64(0.13000000000000003), 'environment/azk_step_deckbuild_gatecard/STT01-002/type_share/WEAPON': np.float64(0.13000000000000003), 'environment/deckbuild_gatecard/STT01-002/cost_share/0_1': np.float64(0.2543478260869565), 'environment/azk_step_deckbuild_gatecard/STT01-002/cost_share/0_1': np.float64(0.2543478260869565), 'environment/deckbuild_gatecard/STT01-002/cost_share/2_3': np.float64(0.43173913043478257), 'environment/azk_step_deckbuild_gatecard/STT01-002/cost_share/2_3': np.float64(0.43173913043478257), 'environment/deckbuild_gatecard/STT01-002/cost_share/4_5': np.float64(0.28086956521739126), 'environment/azk_step_deckbuild_gatecard/STT01-002/cost_share/4_5': np.float64(0.28086956521739126), 'environment/deckbuild_gatecard/STT01-002/cost_share/6_plus': np.float64(0.03304347826086958), 'environment/azk_step_deckbuild_gatecard/STT01-002/cost_share/6_plus': np.float64(0.03304347826086958), 'environment/deckbuild_gatecard/STT01-002/leader/AZK01-119': np.float64(1.0), 'environment/azk_step_deckbuild_gatecard/STT01-002/leader/AZK01-119': np.float64(1.0), 'environment/deckbuild_result/game': np.float64(1.0), 'environment/deckbuild_result/win': np.float64(0.5), 'environment/deckbuild_result/gate_match': np.float64(0.4738562091503267), 'environment/deckbuild_result/gate_match_win_joint': np.float64(0.23692810457516336), 'environment/deckbuild_result/gate_mismatch': np.float64(0.5261437908496732), 'environment/deckbuild_result/gate_mismatch_win_joint': np.float64(0.2630718954248366), 'environment/deckbuild_result/gate/LIGHTNING/game': np.float64(1.0), 'environment/deckbuild_result/gate/LIGHTNING/win': np.float64(0.5833333333333334), 'environment/deckbuild_result/gate_pair/LIGHTNING_vs_LIGHTNING/game': np.float64(1.0), 'environment/deckbuild_result/gate_pair/LIGHTNING_vs_LIGHTNING/win': np.float64(0.5), 'environment/deckbuild_result/gate_pair_unordered/LIGHTNING_vs_LIGHTNING/game': np.float64(1.0), 'environment/deckbuild_result/gate_pair_unordered/LIGHTNING_vs_LIGHTNING/win': np.float64(0.5), 'environment/deckbuild_result/gate_match/game': np.float64(1.0), 'environment/deckbuild_result/gate_match/win': np.float64(0.5), 'environment/deckbuild_result/gate_freq/EARTH': np.float64(0.16176470588235295), 'environment/deckbuild_result/gate_win_joint/EARTH': np.float64(0.10784313725490197), 'environment/deckbuild_result/gate_freq/FIRE': np.float64(0.3316993464052288), 'environment/deckbuild_result/gate_win_joint/FIRE': np.float64(0.1323529411764706), 'environment/deckbuild_result/gate_freq/LIGHTNING': np.float64(0.369281045751634), 'environment/deckbuild_result/gate_win_joint/LIGHTNING': np.float64(0.20098039215686275), 'environment/deckbuild_result/gate_freq/WATER': np.float64(0.13725490196078433), 'environment/deckbuild_result/gate_win_joint/WATER': np.float64(0.058823529411764705), 'environment/deckbuild_result/gate_pair_freq/EARTH_vs_EARTH': np.float64(0.058823529411764705), 'environment/deckbuild_result/gate_pair_win_joint/EARTH_vs_EARTH': np.float64(0.029411764705882353), 'environment/deckbuild_result/gate_pair_freq/EARTH_vs_FIRE': np.float64(0.05392156862745098), 'environment/deckbuild_result/gate_pair_win_joint/EARTH_vs_FIRE': np.float64(0.0392156862745098), 'environment/deckbuild_result/gate_pair_freq/EARTH_vs_LIGHTNING': np.float64(0.0392156862745098), 'environment/deckbuild_result/gate_pair_win_joint/EARTH_vs_LIGHTNING': np.float64(0.0392156862745098), 'environment/deckbuild_result/gate_pair_freq/EARTH_vs_WATER': np.float64(0.00980392156862745), 'environment/deckbuild_result/gate_pair_win_joint/EARTH_vs_WATER': np.float64(0.0), 'environment/deckbuild_result/gate_pair_freq/FIRE_vs_EARTH': np.float64(0.05392156862745098), 'environment/deckbuild_result/gate_pair_win_joint/FIRE_vs_EARTH': np.float64(0.014705882352941176), 'environment/deckbuild_result/gate_pair_freq/FIRE_vs_FIRE': np.float64(0.17647058823529413), 'environment/deckbuild_result/gate_pair_win_joint/FIRE_vs_FIRE': np.float64(0.08823529411764706), 'environment/deckbuild_result/gate_pair_freq/FIRE_vs_LIGHTNING': np.float64(0.0718954248366013), 'environment/deckbuild_result/gate_pair_win_joint/FIRE_vs_LIGHTNING': np.float64(0.0196078431372549), 'environment/deckbuild_result/gate_pair_freq/FIRE_vs_WATER': np.float64(0.029411764705882353), 'environment/deckbuild_result/gate_pair_win_joint/FIRE_vs_WATER': np.float64(0.00980392156862745), 'environment/deckbuild_result/gate_pair_freq/LIGHTNING_vs_EARTH': np.float64(0.0392156862745098), 'environment/deckbuild_result/gate_pair_win_joint/LIGHTNING_vs_EARTH': np.float64(0.0), 'environment/deckbuild_result/gate_pair_freq/LIGHTNING_vs_FIRE': np.float64(0.0718954248366013), 'environment/deckbuild_result/gate_pair_win_joint/LIGHTNING_vs_FIRE': np.float64(0.0522875816993464), 'environment/deckbuild_result/gate_pair_freq/LIGHTNING_vs_LIGHTNING': np.float64(0.19934640522875816), 'environment/deckbuild_result/gate_pair_win_joint/LIGHTNING_vs_LIGHTNING': np.float64(0.09967320261437908), 'environment/deckbuild_result/gate_pair_freq/LIGHTNING_vs_WATER': np.float64(0.058823529411764705), 'environment/deckbuild_result/gate_pair_win_joint/LIGHTNING_vs_WATER': np.float64(0.049019607843137254), 'environment/deckbuild_result/gate_pair_freq/WATER_vs_EARTH': np.float64(0.00980392156862745), 'environment/deckbuild_result/gate_pair_win_joint/WATER_vs_EARTH': np.float64(0.00980392156862745), 'environment/deckbuild_result/gate_pair_freq/WATER_vs_FIRE': np.float64(0.029411764705882353), 'environment/deckbuild_result/gate_pair_win_joint/WATER_vs_FIRE': np.float64(0.0196078431372549), 'environment/deckbuild_result/gate_pair_freq/WATER_vs_LIGHTNING': np.float64(0.058823529411764705), 'environment/deckbuild_result/gate_pair_win_joint/WATER_vs_LIGHTNING': np.float64(0.00980392156862745), 'environment/deckbuild_result/gate_pair_freq/WATER_vs_WATER': np.float64(0.0392156862745098), 'environment/deckbuild_result/gate_pair_win_joint/WATER_vs_WATER': np.float64(0.0196078431372549), 'environment/deckbuild_result/gate_pair_unordered_freq/EARTH_vs_EARTH': np.float64(0.058823529411764705), 'environment/deckbuild_result/gate_pair_unordered_win_joint/EARTH_vs_EARTH': np.float64(0.029411764705882353), 'environment/deckbuild_result/gate_pair_unordered_freq/EARTH_vs_FIRE': np.float64(0.10784313725490197), 'environment/deckbuild_result/gate_pair_unordered_win_joint/EARTH_vs_FIRE': np.float64(0.05392156862745098), 'environment/deckbuild_result/gate_pair_unordered_freq/EARTH_vs_LIGHTNING': np.float64(0.0784313725490196), 'environment/deckbuild_result/gate_pair_unordered_win_joint/EARTH_vs_LIGHTNING': np.float64(0.0392156862745098), 'environment/deckbuild_result/gate_pair_unordered_freq/EARTH_vs_WATER': np.float64(0.0196078431372549), 'environment/deckbuild_result/gate_pair_unordered_win_joint/EARTH_vs_WATER': np.float64(0.00980392156862745), 'environment/deckbuild_result/gate_pair_unordered_freq/FIRE_vs_FIRE': np.float64(0.17647058823529413), 'environment/deckbuild_result/gate_pair_unordered_win_joint/FIRE_vs_FIRE': np.float64(0.08823529411764706), 'environment/deckbuild_result/gate_pair_unordered_freq/FIRE_vs_LIGHTNING': np.float64(0.1437908496732026), 'environment/deckbuild_result/gate_pair_unordered_win_joint/FIRE_vs_LIGHTNING': np.float64(0.0718954248366013), 'environment/deckbuild_result/gate_pair_unordered_freq/FIRE_vs_WATER': np.float64(0.058823529411764705), 'environment/deckbuild_result/gate_pair_unordered_win_joint/FIRE_vs_WATER': np.float64(0.029411764705882353), 'environment/deckbuild_result/gate_pair_unordered_freq/LIGHTNING_vs_LIGHTNING': np.float64(0.19934640522875816), 'environment/deckbuild_result/gate_pair_unordered_win_joint/LIGHTNING_vs_LIGHTNING': np.float64(0.09967320261437908), 'environment/deckbuild_result/gate_pair_unordered_freq/LIGHTNING_vs_WATER': np.float64(0.11764705882352941), 'environment/deckbuild_result/gate_pair_unordered_win_joint/LIGHTNING_vs_WATER': np.float64(0.058823529411764705), 'environment/deckbuild_result/gate_pair_unordered_freq/WATER_vs_WATER': np.float64(0.0392156862745098), 'environment/deckbuild_result/gate_pair_unordered_win_joint/WATER_vs_WATER': np.float64(0.0196078431372549), 'environment/deckbuild_result/gatecard/STT01-002/game': np.float64(1.0), 'environment/deckbuild_result/gatecard/STT01-002/win': np.float64(0.5652173913043478), 'environment/deckbuild_result/gatecard/STT01-002/attack_rate': np.float64(0.2241092599604441), 'environment/deckbuild_result/gatecard/STT01-002/spell_rate': np.float64(0.02279022672092137), 'environment/deckbuild_result/gatecard/STT01-002/weapon_rate': np.float64(0.034385845915454884), 'environment/deckbuild_result/gatecard/STT01-002/portal_rate': np.float64(0.10612811844633974), 'environment/deckbuild_result/gatecard/STT01-002/play_entity_rate': np.float64(0.37316616333049274), 'environment/deckbuild_result/gatecard/STT01-002/noop_rate': np.float64(0.2298508785341097), 'environment/deckbuild_result/gatecard/STT01-002/episode_length': np.float64(97.91304347826087), 'environment/deckbuild_result/gatecard/STT01-002/leader_health': np.float64(0.34021739013817), 'environment/deckbuild_result/gatecard/STT01-002/ability_rate': np.float64(0.006568390754577907), 'environment/deckbuild_gatecard/AZK01-120/game': np.float64(1.0), 'environment/azk_step_deckbuild_gatecard/AZK01-120/game': np.float64(1.0), 'environment/deckbuild_gatecard/AZK01-120/avg_cost': np.float64(2.8499999999999996), 'environment/azk_step_deckbuild_gatecard/AZK01-120/avg_cost': np.float64(2.8499999999999996), 'environment/deckbuild_gatecard/AZK01-120/main_unique': np.float64(37.3), 'environment/azk_step_deckbuild_gatecard/AZK01-120/main_unique': np.float64(37.3), 'environment/deckbuild_gatecard/AZK01-120/copy_entropy_norm': np.float64(0.9770129587376107), 'environment/azk_step_deckbuild_gatecard/AZK01-120/copy_entropy_norm': np.float64(0.9770129587376107), 'environment/deckbuild_gatecard/AZK01-120/gate_element_share': np.float64(0.4073333333333334), 'environment/azk_step_deckbuild_gatecard/AZK01-120/gate_element_share': np.float64(0.4073333333333334), 'environment/deckbuild_gatecard/AZK01-120/type_share/ENTITY': np.float64(0.6873333333333334), 'environment/azk_step_deckbuild_gatecard/AZK01-120/type_share/ENTITY': np.float64(0.6873333333333334), 'environment/deckbuild_gatecard/AZK01-120/type_share/SPELL': np.float64(0.17333333333333334), 'environment/azk_step_deckbuild_gatecard/AZK01-120/type_share/SPELL': np.float64(0.17333333333333334), 'environment/deckbuild_gatecard/AZK01-120/type_share/WEAPON': np.float64(0.13933333333333336), 'environment/azk_step_deckbuild_gatecard/AZK01-120/type_share/WEAPON': np.float64(0.13933333333333336), 'environment/deckbuild_gatecard/AZK01-120/cost_share/0_1': np.float64(0.24866666666666673), 'environment/azk_step_deckbuild_gatecard/AZK01-120/cost_share/0_1': np.float64(0.24866666666666673), 'environment/deckbuild_gatecard/AZK01-120/cost_share/2_3': np.float64(0.412), 'environment/azk_step_deckbuild_gatecard/AZK01-120/cost_share/2_3': np.float64(0.412), 'environment/deckbuild_gatecard/AZK01-120/cost_share/4_5': np.float64(0.2933333333333333), 'environment/azk_step_deckbuild_gatecard/AZK01-120/cost_share/4_5': np.float64(0.2933333333333333), 'environment/deckbuild_gatecard/AZK01-120/cost_share/6_plus': np.float64(0.046), 'environment/azk_step_deckbuild_gatecard/AZK01-120/cost_share/6_plus': np.float64(0.046), 'environment/deckbuild_gatecard/AZK01-120/leader/AZK01-119': np.float64(1.0), 'environment/azk_step_deckbuild_gatecard/AZK01-120/leader/AZK01-119': np.float64(1.0), 'environment/deckbuild_result/gatecard/AZK01-120/game': np.float64(1.0), 'environment/deckbuild_result/gatecard/AZK01-120/win': np.float64(0.5666666666666667), 'environment/deckbuild_result/gatecard/AZK01-120/attack_rate': np.float64(0.2215976471702258), 'environment/deckbuild_result/gatecard/AZK01-120/spell_rate': np.float64(0.03746521845459938), 'environment/deckbuild_result/gatecard/AZK01-120/weapon_rate': np.float64(0.03872705524166425), 'environment/deckbuild_result/gatecard/AZK01-120/portal_rate': np.float64(0.09010118146737417), 'environment/deckbuild_result/gatecard/AZK01-120/play_entity_rate': np.float64(0.357975447177887), 'environment/deckbuild_result/gatecard/AZK01-120/noop_rate': np.float64(0.22280031442642212), 'environment/deckbuild_result/gatecard/AZK01-120/episode_length': np.float64(95.66666666666667), 'environment/deckbuild_result/gatecard/AZK01-120/leader_health': np.float64(0.3050000011920929), 'environment/deckbuild_result/gatecard/AZK01-120/ability_rate': np.float64(0.006674774611989657), 'environment/ref_seat_rate': np.float64(0.0), 'environment/deckbuild/leader_card/STT01-001': np.float64(1.0), 'environment/azk_step_deckbuild/leader_card/STT01-001': np.float64(1.0), 'environment/deckbuild_gatecard/STT01-002/leader/STT01-001': np.float64(1.0), 'environment/azk_step_deckbuild_gatecard/STT01-002/leader/STT01-001': np.float64(1.0), 'environment/deckbuild/leader_card/STT02-001': np.float64(1.0), 'environment/azk_step_deckbuild/leader_card/STT02-001': np.float64(1.0), 'environment/deckbuild_gatecard/AZK01-126/game': np.float64(1.0), 'environment/azk_step_deckbuild_gatecard/AZK01-126/game': np.float64(1.0), 'environment/deckbuild_gatecard/AZK01-126/avg_cost': np.float64(2.856666666666667), 'environment/azk_step_deckbuild_gatecard/AZK01-126/avg_cost': np.float64(2.856666666666667), 'environment/deckbuild_gatecard/AZK01-126/main_unique': np.float64(38.0), 'environment/azk_step_deckbuild_gatecard/AZK01-126/main_unique': np.float64(38.0), 'environment/deckbuild_gatecard/AZK01-126/copy_entropy_norm': np.float64(0.9786513902289732), 'environment/azk_step_deckbuild_gatecard/AZK01-126/copy_entropy_norm': np.float64(0.9786513902289732), 'environment/deckbuild_gatecard/AZK01-126/gate_element_share': np.float64(0.4066666666666667), 'environment/azk_step_deckbuild_gatecard/AZK01-126/gate_element_share': np.float64(0.4066666666666667), 'environment/deckbuild_gatecard/AZK01-126/type_share/ENTITY': np.float64(0.73), 'environment/azk_step_deckbuild_gatecard/AZK01-126/type_share/ENTITY': np.float64(0.73), 'environment/deckbuild_gatecard/AZK01-126/type_share/SPELL': np.float64(0.21666666666666667), 'environment/azk_step_deckbuild_gatecard/AZK01-126/type_share/SPELL': np.float64(0.21666666666666667), 'environment/deckbuild_gatecard/AZK01-126/type_share/WEAPON': np.float64(0.05333333333333334), 'environment/azk_step_deckbuild_gatecard/AZK01-126/type_share/WEAPON': np.float64(0.05333333333333334), 'environment/deckbuild_gatecard/AZK01-126/cost_share/0_1': np.float64(0.2833333333333334), 'environment/azk_step_deckbuild_gatecard/AZK01-126/cost_share/0_1': np.float64(0.2833333333333334), 'environment/deckbuild_gatecard/AZK01-126/cost_share/2_3': np.float64(0.38999999999999996), 'environment/azk_step_deckbuild_gatecard/AZK01-126/cost_share/2_3': np.float64(0.38999999999999996), 'environment/deckbuild_gatecard/AZK01-126/cost_share/4_5': np.float64(0.24), 'environment/azk_step_deckbuild_gatecard/AZK01-126/cost_share/4_5': np.float64(0.24), 'environment/deckbuild_gatecard/AZK01-126/cost_share/6_plus': np.float64(0.08666666666666667), 'environment/azk_step_deckbuild_gatecard/AZK01-126/cost_share/6_plus': np.float64(0.08666666666666667), 'environment/deckbuild_gatecard/AZK01-126/leader/STT02-001': np.float64(1.0), 'environment/azk_step_deckbuild_gatecard/AZK01-126/leader/STT02-001': np.float64(1.0), 'environment/deckbuild_result/gate/WATER/game': np.float64(1.0), 'environment/deckbuild_result/gate/WATER/win': np.float64(0.4166666666666667), 'environment/deckbuild_result/gate_pair/WATER_vs_LIGHTNING/game': np.float64(1.0), 'environment/deckbuild_result/gate_pair/WATER_vs_LIGHTNING/win': np.float64(0.16666666666666666), 'environment/deckbuild_result/gate_pair_unordered/LIGHTNING_vs_WATER/game': np.float64(1.0), 'environment/deckbuild_result/gate_pair_unordered/LIGHTNING_vs_WATER/win': np.float64(0.5), 'environment/deckbuild_result/gate_mismatch/game': np.float64(1.0), 'environment/deckbuild_result/gate_mismatch/win': np.float64(0.5), 'environment/deckbuild_result/gatecard/AZK01-126/game': np.float64(1.0), 'environment/deckbuild_result/gatecard/AZK01-126/win': np.float64(0.5), 'environment/deckbuild_result/gatecard/AZK01-126/attack_rate': np.float64(0.1707411011060079), 'environment/deckbuild_result/gatecard/AZK01-126/spell_rate': np.float64(0.03138620561609665), 'environment/deckbuild_result/gatecard/AZK01-126/weapon_rate': np.float64(0.011517725884914398), 'environment/deckbuild_result/gatecard/AZK01-126/portal_rate': np.float64(0.10281743481755257), 'environment/deckbuild_result/gatecard/AZK01-126/play_entity_rate': np.float64(0.3284584730863571), 'environment/deckbuild_result/gatecard/AZK01-126/noop_rate': np.float64(0.20853758851687113), 'environment/deckbuild_result/gatecard/AZK01-126/episode_length': np.float64(100.16666666666667), 'environment/deckbuild_result/gatecard/AZK01-126/leader_health': np.float64(0.32499999304612476), 'environment/deckbuild_result/gatecard/AZK01-126/ability_rate': np.float64(0.055818471436699234), 'environment/deckbuild_gatecard/AZK01-120/leader/STT01-001': np.float64(1.0), 'environment/azk_step_deckbuild_gatecard/AZK01-120/leader/STT01-001': np.float64(1.0), 'environment/deckbuild_result/gate_pair/LIGHTNING_vs_WATER/game': np.float64(1.0), 'environment/deckbuild_result/gate_pair/LIGHTNING_vs_WATER/win': np.float64(0.8333333333333334), 'environment/deckbuild/leader_card/AZK01-121': np.float64(1.0), 'environment/azk_step_deckbuild/leader_card/AZK01-121': np.float64(1.0), 'environment/deckbuild_gatecard/AZK01-122/game': np.float64(1.0), 'environment/azk_step_deckbuild_gatecard/AZK01-122/game': np.float64(1.0), 'environment/deckbuild_gatecard/AZK01-122/avg_cost': np.float64(2.889365079365079), 'environment/azk_step_deckbuild_gatecard/AZK01-122/avg_cost': np.float64(2.889365079365079), 'environment/deckbuild_gatecard/AZK01-122/main_unique': np.float64(37.32539682539683), 'environment/azk_step_deckbuild_gatecard/AZK01-122/main_unique': np.float64(37.32539682539683), 'environment/deckbuild_gatecard/AZK01-122/copy_entropy_norm': np.float64(0.9783513820013024), 'environment/azk_step_deckbuild_gatecard/AZK01-122/copy_entropy_norm': np.float64(0.9783513820013024), 'environment/deckbuild_gatecard/AZK01-122/gate_element_share': np.float64(0.4450793650793652), 'environment/azk_step_deckbuild_gatecard/AZK01-122/gate_element_share': np.float64(0.4450793650793652), 'environment/deckbuild_gatecard/AZK01-122/type_share/ENTITY': np.float64(0.7844444444444446), 'environment/azk_step_deckbuild_gatecard/AZK01-122/type_share/ENTITY': np.float64(0.7844444444444446), 'environment/deckbuild_gatecard/AZK01-122/type_share/SPELL': np.float64(0.16206349206349208), 'environment/azk_step_deckbuild_gatecard/AZK01-122/type_share/SPELL': np.float64(0.16206349206349208), 'environment/deckbuild_gatecard/AZK01-122/type_share/WEAPON': np.float64(0.053492063492063494), 'environment/azk_step_deckbuild_gatecard/AZK01-122/type_share/WEAPON': np.float64(0.053492063492063494), 'environment/deckbuild_gatecard/AZK01-122/cost_share/0_1': np.float64(0.22999999999999995), 'environment/azk_step_deckbuild_gatecard/AZK01-122/cost_share/0_1': np.float64(0.22999999999999995), 'environment/deckbuild_gatecard/AZK01-122/cost_share/2_3': np.float64(0.45428571428571435), 'environment/azk_step_deckbuild_gatecard/AZK01-122/cost_share/2_3': np.float64(0.45428571428571435), 'environment/deckbuild_gatecard/AZK01-122/cost_share/4_5': np.float64(0.25619047619047625), 'environment/azk_step_deckbuild_gatecard/AZK01-122/cost_share/4_5': np.float64(0.25619047619047625), 'environment/deckbuild_gatecard/AZK01-122/cost_share/6_plus': np.float64(0.059523809523809534), 'environment/azk_step_deckbuild_gatecard/AZK01-122/cost_share/6_plus': np.float64(0.059523809523809534), 'environment/deckbuild_gatecard/AZK01-122/leader/AZK01-121': np.float64(1.0), 'environment/azk_step_deckbuild_gatecard/AZK01-122/leader/AZK01-121': np.float64(1.0), 'environment/deckbuild_result/gate/FIRE/game': np.float64(1.0), 'environment/deckbuild_result/gate/FIRE/win': np.float64(0.3743589743589744), 'environment/deckbuild_result/gate_pair/FIRE_vs_LIGHTNING/game': np.float64(1.0), 'environment/deckbuild_result/gate_pair/FIRE_vs_LIGHTNING/win': np.float64(0.2222222222222222), 'environment/deckbuild_result/gate_pair_unordered/FIRE_vs_LIGHTNING/game': np.float64(1.0), 'environment/deckbuild_result/gate_pair_unordered/FIRE_vs_LIGHTNING/win': np.float64(0.5), 'environment/deckbuild_result/gatecard/AZK01-122/game': np.float64(1.0), 'environment/deckbuild_result/gatecard/AZK01-122/win': np.float64(0.5158730158730159), 'environment/deckbuild_result/gatecard/AZK01-122/attack_rate': np.float64(0.21246492295038133), 'environment/deckbuild_result/gatecard/AZK01-122/spell_rate': np.float64(0.02240321273723292), 'environment/deckbuild_result/gatecard/AZK01-122/weapon_rate': np.float64(0.010794135978415845), 'environment/deckbuild_result/gatecard/AZK01-122/portal_rate': np.float64(0.09521358075832563), 'environment/deckbuild_result/gatecard/AZK01-122/play_entity_rate': np.float64(0.33288381804549505), 'environment/deckbuild_result/gatecard/AZK01-122/noop_rate': np.float64(0.19383490404912404), 'environment/deckbuild_result/gatecard/AZK01-122/episode_length': np.float64(99.47619047619048), 'environment/deckbuild_result/gatecard/AZK01-122/leader_health': np.float64(0.25952381309535766), 'environment/deckbuild_result/gatecard/AZK01-122/ability_rate': np.float64(0.05642424065560576), 'environment/deckbuild_result/gate_pair/LIGHTNING_vs_FIRE/game': np.float64(1.0), 'environment/deckbuild_result/gate_pair/LIGHTNING_vs_FIRE/win': np.float64(0.7777777777777778), 'environment/deckbuild/leader_card/STT04-001': np.float64(1.0), 'environment/azk_step_deckbuild/leader_card/STT04-001': np.float64(1.0), 'environment/deckbuild_gatecard/STT04-002/game': np.float64(1.0), 'environment/azk_step_deckbuild_gatecard/STT04-002/game': np.float64(1.0), 'environment/deckbuild_gatecard/STT04-002/avg_cost': np.float64(2.7931250000000003), 'environment/azk_step_deckbuild_gatecard/STT04-002/avg_cost': np.float64(2.7931250000000003), 'environment/deckbuild_gatecard/STT04-002/main_unique': np.float64(38.583333333333336), 'environment/azk_step_deckbuild_gatecard/STT04-002/main_unique': np.float64(38.583333333333336), 'environment/deckbuild_gatecard/STT04-002/copy_entropy_norm': np.float64(0.980909426318347), 'environment/azk_step_deckbuild_gatecard/STT04-002/copy_entropy_norm': np.float64(0.980909426318347), 'environment/deckbuild_gatecard/STT04-002/gate_element_share': np.float64(0.4195833333333333), 'environment/azk_step_deckbuild_gatecard/STT04-002/gate_element_share': np.float64(0.4195833333333333), 'environment/deckbuild_gatecard/STT04-002/type_share/ENTITY': np.float64(0.7895833333333333), 'environment/azk_step_deckbuild_gatecard/STT04-002/type_share/ENTITY': np.float64(0.7895833333333333), 'environment/deckbuild_gatecard/STT04-002/type_share/SPELL': np.float64(0.16333333333333336), 'environment/azk_step_deckbuild_gatecard/STT04-002/type_share/SPELL': np.float64(0.16333333333333336), 'environment/deckbuild_gatecard/STT04-002/type_share/WEAPON': np.float64(0.04708333333333334), 'environment/azk_step_deckbuild_gatecard/STT04-002/type_share/WEAPON': np.float64(0.04708333333333334), 'environment/deckbuild_gatecard/STT04-002/cost_share/0_1': np.float64(0.24791666666666667), 'environment/azk_step_deckbuild_gatecard/STT04-002/cost_share/0_1': np.float64(0.24791666666666667), 'environment/deckbuild_gatecard/STT04-002/cost_share/2_3': np.float64(0.45), 'environment/azk_step_deckbuild_gatecard/STT04-002/cost_share/2_3': np.float64(0.45), 'environment/deckbuild_gatecard/STT04-002/cost_share/4_5': np.float64(0.25125), 'environment/azk_step_deckbuild_gatecard/STT04-002/cost_share/4_5': np.float64(0.25125), 'environment/deckbuild_gatecard/STT04-002/cost_share/6_plus': np.float64(0.05083333333333333), 'environment/azk_step_deckbuild_gatecard/STT04-002/cost_share/6_plus': np.float64(0.05083333333333333), 'environment/deckbuild_gatecard/STT04-002/leader/STT04-001': np.float64(1.0), 'environment/azk_step_deckbuild_gatecard/STT04-002/leader/STT04-001': np.float64(1.0), 'environment/deckbuild_result/gate_pair/FIRE_vs_FIRE/game': np.float64(1.0), 'environment/deckbuild_result/gate_pair/FIRE_vs_FIRE/win': np.float64(0.5), 'environment/deckbuild_result/gate_pair_unordered/FIRE_vs_FIRE/game': np.float64(1.0), 'environment/deckbuild_result/gate_pair_unordered/FIRE_vs_FIRE/win': np.float64(0.5), 'environment/deckbuild_result/gatecard/STT04-002/game': np.float64(1.0), 'environment/deckbuild_result/gatecard/STT04-002/win': np.float64(0.3020833333333333), 'environment/deckbuild_result/gatecard/STT04-002/attack_rate': np.float64(0.15869181184098125), 'environment/deckbuild_result/gatecard/STT04-002/spell_rate': np.float64(0.028110747050959617), 'environment/deckbuild_result/gatecard/STT04-002/weapon_rate': np.float64(0.012551740044727921), 'environment/deckbuild_result/gatecard/STT04-002/portal_rate': np.float64(0.09001435455866158), 'environment/deckbuild_result/gatecard/STT04-002/play_entity_rate': np.float64(0.3503277770554026), 'environment/deckbuild_result/gatecard/STT04-002/noop_rate': np.float64(0.22384485059107342), 'environment/deckbuild_result/gatecard/STT04-002/episode_length': np.float64(99.25), 'environment/deckbuild_result/gatecard/STT04-002/leader_health': np.float64(0.1088541658439984), 'environment/deckbuild_result/gatecard/STT04-002/ability_rate': np.float64(0.05627646887054046), 'environment/deckbuild_gatecard/AZK01-122/leader/STT04-001': np.float64(1.0), 'environment/azk_step_deckbuild_gatecard/AZK01-122/leader/STT04-001': np.float64(1.0), 'environment/deckbuild/leader_card/AZK01-125': np.float64(1.0), 'environment/azk_step_deckbuild/leader_card/AZK01-125': np.float64(1.0), 'environment/deckbuild_gatecard/STT02-002/game': np.float64(1.0), 'environment/azk_step_deckbuild_gatecard/STT02-002/game': np.float64(1.0), 'environment/deckbuild_gatecard/STT02-002/avg_cost': np.float64(2.95), 'environment/azk_step_deckbuild_gatecard/STT02-002/avg_cost': np.float64(2.95), 'environment/deckbuild_gatecard/STT02-002/main_unique': np.float64(37.25), 'environment/azk_step_deckbuild_gatecard/STT02-002/main_unique': np.float64(37.25), 'environment/deckbuild_gatecard/STT02-002/copy_entropy_norm': np.float64(0.9783125155388191), 'environment/azk_step_deckbuild_gatecard/STT02-002/copy_entropy_norm': np.float64(0.9783125155388191), 'environment/deckbuild_gatecard/STT02-002/gate_element_share': np.float64(0.4425), 'environment/azk_step_deckbuild_gatecard/STT02-002/gate_element_share': np.float64(0.4425), 'environment/deckbuild_gatecard/STT02-002/type_share/ENTITY': np.float64(0.73), 'environment/azk_step_deckbuild_gatecard/STT02-002/type_share/ENTITY': np.float64(0.73), 'environment/deckbuild_gatecard/STT02-002/type_share/SPELL': np.float64(0.24250000000000002), 'environment/azk_step_deckbuild_gatecard/STT02-002/type_share/SPELL': np.float64(0.24250000000000002), 'environment/deckbuild_gatecard/STT02-002/type_share/WEAPON': np.float64(0.0275), 'environment/azk_step_deckbuild_gatecard/STT02-002/type_share/WEAPON': np.float64(0.0275), 'environment/deckbuild_gatecard/STT02-002/cost_share/0_1': np.float64(0.26), 'environment/azk_step_deckbuild_gatecard/STT02-002/cost_share/0_1': np.float64(0.26), 'environment/deckbuild_gatecard/STT02-002/cost_share/2_3': np.float64(0.41500000000000004), 'environment/azk_step_deckbuild_gatecard/STT02-002/cost_share/2_3': np.float64(0.41500000000000004), 'environment/deckbuild_gatecard/STT02-002/cost_share/4_5': np.float64(0.22750000000000004), 'environment/azk_step_deckbuild_gatecard/STT02-002/cost_share/4_5': np.float64(0.22750000000000004), 'environment/deckbuild_gatecard/STT02-002/cost_share/6_plus': np.float64(0.0975), 'environment/azk_step_deckbuild_gatecard/STT02-002/cost_share/6_plus': np.float64(0.0975), 'environment/deckbuild_gatecard/STT02-002/leader/AZK01-125': np.float64(1.0), 'environment/azk_step_deckbuild_gatecard/STT02-002/leader/AZK01-125': np.float64(1.0), 'environment/deckbuild_result/gatecard/STT02-002/game': np.float64(1.0), 'environment/deckbuild_result/gatecard/STT02-002/win': np.float64(0.375), 'environment/deckbuild_result/gatecard/STT02-002/attack_rate': np.float64(0.1691929278895259), 'environment/deckbuild_result/gatecard/STT02-002/spell_rate': np.float64(0.04273160733282566), 'environment/deckbuild_result/gatecard/STT02-002/weapon_rate': np.float64(0.004166666883975267), 'environment/deckbuild_result/gatecard/STT02-002/portal_rate': np.float64(0.08723956299945712), 'environment/deckbuild_result/gatecard/STT02-002/play_entity_rate': np.float64(0.3486272729933262), 'environment/deckbuild_result/gatecard/STT02-002/noop_rate': np.float64(0.23211793787777424), 'environment/deckbuild_result/gatecard/STT02-002/episode_length': np.float64(100.75), 'environment/deckbuild_result/gatecard/STT02-002/leader_health': np.float64(0.3125), 'environment/deckbuild_result/gatecard/STT02-002/ability_rate': np.float64(0.05740054603666067), 'environment/deckbuild_gatecard/STT04-002/leader/AZK01-121': np.float64(1.0), 'environment/azk_step_deckbuild_gatecard/STT04-002/leader/AZK01-121': np.float64(1.0), 'environment/deckbuild_gatecard/STT02-002/leader/STT02-001': np.float64(1.0), 'environment/azk_step_deckbuild_gatecard/STT02-002/leader/STT02-001': np.float64(1.0), 'environment/deckbuild_result/gate_pair/WATER_vs_EARTH/game': np.float64(1.0), 'environment/deckbuild_result/gate_pair/WATER_vs_EARTH/win': np.float64(1.0), 'environment/deckbuild_result/gate_pair_unordered/EARTH_vs_WATER/game': np.float64(1.0), 'environment/deckbuild_result/gate_pair_unordered/EARTH_vs_WATER/win': np.float64(0.5), 'environment/deckbuild/leader_card/STT03-001': np.float64(1.0), 'environment/azk_step_deckbuild/leader_card/STT03-001': np.float64(1.0), 'environment/deckbuild_gatecard/AZK01-124/game': np.float64(1.0), 'environment/azk_step_deckbuild_gatecard/AZK01-124/game': np.float64(1.0), 'environment/deckbuild_gatecard/AZK01-124/avg_cost': np.float64(3.183636363636364), 'environment/azk_step_deckbuild_gatecard/AZK01-124/avg_cost': np.float64(3.183636363636364), 'environment/deckbuild_gatecard/AZK01-124/main_unique': np.float64(37.81818181818182), 'environment/azk_step_deckbuild_gatecard/AZK01-124/main_unique': np.float64(37.81818181818182), 'environment/deckbuild_gatecard/AZK01-124/copy_entropy_norm': np.float64(0.9776474276904392), 'environment/azk_step_deckbuild_gatecard/AZK01-124/copy_entropy_norm': np.float64(0.9776474276904392), 'environment/deckbuild_gatecard/AZK01-124/gate_element_share': np.float64(0.3727272727272727), 'environment/azk_step_deckbuild_gatecard/AZK01-124/gate_element_share': np.float64(0.3727272727272727), 'environment/deckbuild_gatecard/AZK01-124/type_share/ENTITY': np.float64(0.7636363636363637), 'environment/azk_step_deckbuild_gatecard/AZK01-124/type_share/ENTITY': np.float64(0.7636363636363637), 'environment/deckbuild_gatecard/AZK01-124/type_share/SPELL': np.float64(0.19272727272727275), 'environment/azk_step_deckbuild_gatecard/AZK01-124/type_share/SPELL': np.float64(0.19272727272727275), 'environment/deckbuild_gatecard/AZK01-124/type_share/WEAPON': np.float64(0.04363636363636364), 'environment/azk_step_deckbuild_gatecard/AZK01-124/type_share/WEAPON': np.float64(0.04363636363636364), 'environment/deckbuild_gatecard/AZK01-124/cost_share/0_1': np.float64(0.2254545454545455), 'environment/azk_step_deckbuild_gatecard/AZK01-124/cost_share/0_1': np.float64(0.2254545454545455), 'environment/deckbuild_gatecard/AZK01-124/cost_share/2_3': np.float64(0.3709090909090909), 'environment/azk_step_deckbuild_gatecard/AZK01-124/cost_share/2_3': np.float64(0.3709090909090909), 'environment/deckbuild_gatecard/AZK01-124/cost_share/4_5': np.float64(0.2854545454545455), 'environment/azk_step_deckbuild_gatecard/AZK01-124/cost_share/4_5': np.float64(0.2854545454545455), 'environment/deckbuild_gatecard/AZK01-124/cost_share/6_plus': np.float64(0.11818181818181818), 'environment/azk_step_deckbuild_gatecard/AZK01-124/cost_share/6_plus': np.float64(0.11818181818181818), 'environment/deckbuild_gatecard/AZK01-124/leader/STT03-001': np.float64(1.0), 'environment/azk_step_deckbuild_gatecard/AZK01-124/leader/STT03-001': np.float64(1.0), 'environment/deckbuild_result/gate/EARTH/game': np.float64(1.0), 'environment/deckbuild_result/gate/EARTH/win': np.float64(0.6785714285714286), 'environment/deckbuild_result/gate_pair/EARTH_vs_WATER/game': np.float64(1.0), 'environment/deckbuild_result/gate_pair/EARTH_vs_WATER/win': np.float64(0.0), 'environment/deckbuild_result/gatecard/AZK01-124/game': np.float64(1.0), 'environment/deckbuild_result/gatecard/AZK01-124/win': np.float64(0.7272727272727273), 'environment/deckbuild_result/gatecard/AZK01-124/attack_rate': np.float64(0.17140720716931604), 'environment/deckbuild_result/gatecard/AZK01-124/spell_rate': np.float64(0.036463175476952034), 'environment/deckbuild_result/gatecard/AZK01-124/weapon_rate': np.float64(0.013382028957659548), 'environment/deckbuild_result/gatecard/AZK01-124/portal_rate': np.float64(0.09827261553569273), 'environment/deckbuild_result/gatecard/AZK01-124/play_entity_rate': np.float64(0.3525126305493442), 'environment/deckbuild_result/gatecard/AZK01-124/noop_rate': np.float64(0.2391189621253447), 'environment/deckbuild_result/gatecard/AZK01-124/episode_length': np.float64(100.45454545454545), 'environment/deckbuild_result/gatecard/AZK01-124/leader_health': np.float64(0.32727272605354135), 'environment/deckbuild_result/gatecard/AZK01-124/ability_rate': np.float64(0.051880727437409485), 'environment/deckbuild_result/gate_pair/EARTH_vs_EARTH/game': np.float64(1.0), 'environment/deckbuild_result/gate_pair/EARTH_vs_EARTH/win': np.float64(0.5), 'environment/deckbuild_result/gate_pair_unordered/EARTH_vs_EARTH/game': np.float64(1.0), 'environment/deckbuild_result/gate_pair_unordered/EARTH_vs_EARTH/win': np.float64(0.5), 'environment/deckbuild/leader_card/AZK01-123': np.float64(1.0), 'environment/azk_step_deckbuild/leader_card/AZK01-123': np.float64(1.0), 'environment/deckbuild_gatecard/STT03-002/game': np.float64(1.0), 'environment/azk_step_deckbuild_gatecard/STT03-002/game': np.float64(1.0), 'environment/deckbuild_gatecard/STT03-002/avg_cost': np.float64(3.01), 'environment/azk_step_deckbuild_gatecard/STT03-002/avg_cost': np.float64(3.01), 'environment/deckbuild_gatecard/STT03-002/main_unique': np.float64(37.333333333333336), 'environment/azk_step_deckbuild_gatecard/STT03-002/main_unique': np.float64(37.333333333333336), 'environment/deckbuild_gatecard/STT03-002/copy_entropy_norm': np.float64(0.9778710424381941), 'environment/azk_step_deckbuild_gatecard/STT03-002/copy_entropy_norm': np.float64(0.9778710424381941), 'environment/deckbuild_gatecard/STT03-002/gate_element_share': np.float64(0.4000000000000001), 'environment/azk_step_deckbuild_gatecard/STT03-002/gate_element_share': np.float64(0.4000000000000001), 'environment/deckbuild_gatecard/STT03-002/type_share/ENTITY': np.float64(0.7166666666666667), 'environment/azk_step_deckbuild_gatecard/STT03-002/type_share/ENTITY': np.float64(0.7166666666666667), 'environment/deckbuild_gatecard/STT03-002/type_share/SPELL': np.float64(0.2333333333333333), 'environment/azk_step_deckbuild_gatecard/STT03-002/type_share/SPELL': np.float64(0.2333333333333333), 'environment/deckbuild_gatecard/STT03-002/type_share/WEAPON': np.float64(0.049999999999999996), 'environment/azk_step_deckbuild_gatecard/STT03-002/type_share/WEAPON': np.float64(0.049999999999999996), 'environment/deckbuild_gatecard/STT03-002/cost_share/0_1': np.float64(0.24), 'environment/azk_step_deckbuild_gatecard/STT03-002/cost_share/0_1': np.float64(0.24), 'environment/deckbuild_gatecard/STT03-002/cost_share/2_3': np.float64(0.36000000000000004), 'environment/azk_step_deckbuild_gatecard/STT03-002/cost_share/2_3': np.float64(0.36000000000000004), 'environment/deckbuild_gatecard/STT03-002/cost_share/4_5': np.float64(0.32666666666666666), 'environment/azk_step_deckbuild_gatecard/STT03-002/cost_share/4_5': np.float64(0.32666666666666666), 'environment/deckbuild_gatecard/STT03-002/cost_share/6_plus': np.float64(0.07333333333333332), 'environment/azk_step_deckbuild_gatecard/STT03-002/cost_share/6_plus': np.float64(0.07333333333333332), 'environment/deckbuild_gatecard/STT03-002/leader/AZK01-123': np.float64(1.0), 'environment/azk_step_deckbuild_gatecard/STT03-002/leader/AZK01-123': np.float64(1.0), 'environment/deckbuild_result/gatecard/STT03-002/game': np.float64(1.0), 'environment/deckbuild_result/gatecard/STT03-002/win': np.float64(0.5), 'environment/deckbuild_result/gatecard/STT03-002/attack_rate': np.float64(0.16245949268341064), 'environment/deckbuild_result/gatecard/STT03-002/spell_rate': np.float64(0.0183218556145827), 'environment/deckbuild_result/gatecard/STT03-002/weapon_rate': np.float64(0.015910339541733265), 'environment/deckbuild_result/gatecard/STT03-002/portal_rate': np.float64(0.07796604310472806), 'environment/deckbuild_result/gatecard/STT03-002/play_entity_rate': np.float64(0.2935904711484909), 'environment/deckbuild_result/gatecard/STT03-002/noop_rate': np.float64(0.2203418811162313), 'environment/deckbuild_result/gatecard/STT03-002/episode_length': np.float64(99.16666666666667), 'environment/deckbuild_result/gatecard/STT03-002/leader_health': np.float64(0.35833332935969037), 'environment/deckbuild_result/gatecard/STT03-002/ability_rate': np.float64(0.08498378284275532), 'environment/deckbuild_gatecard/AZK01-124/leader/AZK01-123': np.float64(1.0), 'environment/azk_step_deckbuild_gatecard/AZK01-124/leader/AZK01-123': np.float64(1.0), 'environment/deckbuild_result/gate_pair/EARTH_vs_FIRE/game': np.float64(1.0), 'environment/deckbuild_result/gate_pair/EARTH_vs_FIRE/win': np.float64(0.6666666666666666), 'environment/deckbuild_result/gate_pair_unordered/EARTH_vs_FIRE/game': np.float64(1.0), 'environment/deckbuild_result/gate_pair_unordered/EARTH_vs_FIRE/win': np.float64(0.5), 'environment/deckbuild_result/gate_pair/FIRE_vs_EARTH/game': np.float64(1.0), 'environment/deckbuild_result/gate_pair/FIRE_vs_EARTH/win': np.float64(0.3333333333333333), 'environment/deckbuild_result/gate_pair/EARTH_vs_LIGHTNING/game': np.float64(1.0), 'environment/deckbuild_result/gate_pair/EARTH_vs_LIGHTNING/win': np.float64(1.0), 'environment/deckbuild_result/gate_pair_unordered/EARTH_vs_LIGHTNING/game': np.float64(1.0), 'environment/deckbuild_result/gate_pair_unordered/EARTH_vs_LIGHTNING/win': np.float64(0.5), 'environment/deckbuild_result/gate_pair/LIGHTNING_vs_EARTH/game': np.float64(1.0), 'environment/deckbuild_result/gate_pair/LIGHTNING_vs_EARTH/win': np.float64(0.0), 'environment/deckbuild_gatecard/STT03-002/leader/STT03-001': np.float64(1.0), 'environment/azk_step_deckbuild_gatecard/STT03-002/leader/STT03-001': np.float64(1.0), 'environment/deckbuild_result/gate_pair/WATER_vs_FIRE/game': np.float64(1.0), 'environment/deckbuild_result/gate_pair/WATER_vs_FIRE/win': np.float64(0.6666666666666666), 'environment/deckbuild_result/gate_pair_unordered/FIRE_vs_WATER/game': np.float64(1.0), 'environment/deckbuild_result/gate_pair_unordered/FIRE_vs_WATER/win': np.float64(0.5), 'environment/deckbuild_result/gate_pair/FIRE_vs_WATER/game': np.float64(1.0), 'environment/deckbuild_result/gate_pair/FIRE_vs_WATER/win': np.float64(0.3333333333333333), 'environment/deckbuild_gatecard/AZK01-126/leader/AZK01-125': np.float64(1.0), 'environment/azk_step_deckbuild_gatecard/AZK01-126/leader/AZK01-125': np.float64(1.0), 'environment/deckbuild_result/gate_pair/WATER_vs_WATER/game': np.float64(1.0), 'environment/deckbuild_result/gate_pair/WATER_vs_WATER/win': np.float64(0.5), 'environment/deckbuild_result/gate_pair_unordered/WATER_vs_WATER/game': np.float64(1.0), 'environment/deckbuild_result/gate_pair_unordered/WATER_vs_WATER/win': np.float64(0.5), 'losses/policy_loss': 0.0008669388480484486, 'losses/value_loss': 0.06292836368083954, 'losses/value_loss_total': 0.06292836368083954, 'losses/entropy': 0.9790371656417847, 'losses/old_approx_kl': -2.958453114842996e-05, 'losses/approx_kl': 1.3715985915041529e-05, 'losses/clipfrac': 0.0, 'losses/importance': 1.0000433921813965, 'losses/win_prob_aux_loss': 0.69140625, 'losses/win_prob_aux_labeled_frac': 0.0966796875, 'losses/explained_variance': 0.038134634494781494, 'losses/win_prob_aux_accuracy': 0.58203125, 'losses/win_prob_aux_brier': 0.248046875, 'losses/win_prob_aux_pred_mean': 0.49609375, 'losses/win_prob_aux_target_mean': 0.490234375, 'performance/eval': 15.233420133590698, 'performance/train': 15.897681713104248, 'performance/eval_forward': 14.90054726600647, 'performance/env': 0.02954840660095215, 'performance/eval_copy': 0.29045939445495605, 'performance/eval_misc': 0.012774467468261719, 'performance/train_forward': 3.2697975635528564, 'performance/learn_backward': 6.158890724182129, 'performance/learn_opt': 6.369037628173828, 'performance/train_copy': 0.004994869232177734, 'performance/train_misc': 0.09488224983215332}
[EnvProfile] steps=4000 avg_step_us=255.52 avg_tick_us=92.25 avg_refresh_us=154.78 avg_auto_ticks=1.99 tick_share=0.361 refresh_share=0.606
[0;0H╭──────────────────────────────────────────────────────────────────────────────╮
│  PufferLib 4.0       🐡         CPU:     GPU: 0.0%  DRAM: 8.5%   VRAM: 0.0%  │
│                                151.3%                                        │
│                                                                              │
│  Summary          Value    Evaluate     15s  48%    Losses            Value  │
│  Env        azuki_local      Forwa…     14s  47%    policy_loss       0.001  │
│  Params           90.2M      Env         0s   0%    value_loss        0.102  │
│  Steps           215.0K      Copy        0s   0%    value_loss_to…    0.102  │
│  SPS               5.0K      Misc        0s   0%    entropy           1.004  │
│  Epoch               14    Train        15s  51%    old_approx_kl    -0.000  │
│  Uptime          1m 27s      Forwa…      3s  10%    approx_kl         0.000  │
│  Remaini…           18s      Backw…      6s  20%    clipfrac          0.000  │
│                              Optim…      6s  20%    importance        1.000  │
│                              Copy        0s   0%    win_prob_aux_…    0.691  │
│                              Misc        0s   0%    win_prob_aux_…    0.224  │
│                                                     explained_var…    0.032  │
│                                                     win_prob_aux_…    0.594  │
│                                                     win_prob_aux_…    0.250  │
│                                                     win_prob_aux_…    0.500  │
│                                                     win_prob_aux_…    0.504  │
│                                                                              │
│  User Stats                    Value    User Stats                    Value  │
│  league/active                 1.000    sampler/subaction_tem…        1.200  │
│  sampler/smoothing_eps         0.050    anneal/ent_coef               0.009  │
│  perf                          0.000    score                         0.000  │
│  episode_return               -0.035    episode_length              113.493  │
│  p0_episode_return            -0.035    p1_episode_return             0.035  │
│  p0_winrate                    0.495    p1_winrate                    0.505  │
│  p0_start_rate                 0.458    p1_start_rate                 0.542  │
│  draw_rate                     0.000    timeout_truncation_ra…        0.000  │
│  auto_tick_truncation_…        0.000    zero_legal_action_tru…        0.000  │
│  gameover_terminal_rate        1.000    winner_terminal_rate          1.000  │
│  curriculum_episode_cap        0.000    reward_shaping_scale          1.000  │
│  completed_episodes            1.000    p0_noop_selected_rate         0.211  │
│  p1_noop_selected_rate         0.216    p0_attack_selected_ra…        0.200  │
│  p1_attack_selected_ra…        0.206    p0_attach_weapon_from…        0.019  │
│  p1_attach_weapon_from…        0.021    p0_play_spell_from_ha…        0.033  │
╰──────────────────────────────────────────────────────────────────────────────╯

[epoch 14] {'SPS': 5028.57583169609, 'agent_steps': 215040, 'uptime': 87.62864708900452, 'epoch': 14, 'learning_rate': 0.0006183221215612908, 'environment/league/active': np.float64(1.0), 'environment/sampler/subaction_temperature': np.float64(1.2), 'environment/sampler/smoothing_eps': np.float64(0.05), 'environment/anneal/ent_coef': np.float64(0.008666666666666666), 'environment/perf': np.float64(0.0), 'environment/score': np.float64(0.0), 'environment/episode_return': np.float64(-0.03468126859237899), 'environment/episode_length': np.float64(113.49253731343283), 'environment/p0_episode_return': np.float64(-0.03468126859237899), 'environment/p1_episode_return': np.float64(0.03468126859237899), 'environment/p0_winrate': np.float64(0.4950248759184311), 'environment/p1_winrate': np.float64(0.5049751245263797), 'environment/p0_start_rate': np.float64(0.4577114430826102), 'environment/p1_start_rate': np.float64(0.5422885573622006), 'environment/draw_rate': np.float64(0.0), 'environment/timeout_truncation_rate': np.float64(0.0), 'environment/auto_tick_truncation_rate': np.float64(0.0), 'environment/zero_legal_action_truncation_rate': np.float64(0.0), 'environment/gameover_terminal_rate': np.float64(1.0), 'environment/winner_terminal_rate': np.float64(1.0), 'environment/curriculum_episode_cap': np.float64(0.0), 'environment/reward_shaping_scale': np.float64(1.0), 'environment/completed_episodes': np.float64(1.0), 'environment/p0_noop_selected_rate': np.float64(0.21065916476854638), 'environment/p1_noop_selected_rate': np.float64(0.21586509582711688), 'environment/p0_attack_selected_rate': np.float64(0.19977957154832668), 'environment/p1_attack_selected_rate': np.float64(0.20570952534230788), 'environment/p0_attach_weapon_from_hand_selected_rate': np.float64(0.01933565546772373), 'environment/p1_attach_weapon_from_hand_selected_rate': np.float64(0.02083333295339079), 'environment/p0_play_spell_from_hand_selected_rate': np.float64(0.03292913333888152), 'environment/p1_play_spell_from_hand_selected_rate': np.float64(0.03377399415667377), 'environment/p0_activate_garden_or_leader_ability_selected_rate': np.float64(0.04579385026677776), 'environment/p1_activate_garden_or_leader_ability_selected_rate': np.float64(0.033101186670585356), 'environment/p0_activate_alley_ability_selected_rate': np.float64(0.0016201742883048841), 'environment/p1_activate_alley_ability_selected_rate': np.float64(0.0021406041263644375), 'environment/p0_gate_portal_selected_rate': np.float64(0.08845552985570324), 'environment/p1_gate_portal_selected_rate': np.float64(0.09422869079593402), 'environment/p0_play_entity_to_alley_selected_rate': np.float64(0.11314651914941731), 'environment/p1_play_entity_to_alley_selected_rate': np.float64(0.1176946339989776), 'environment/p0_play_entity_to_garden_selected_rate': np.float64(0.08291390643858199), 'environment/p1_play_entity_to_garden_selected_rate': np.float64(0.07715969157419098), 'environment/p0_play_selected_rate': np.float64(0.33678074181079865), 'environment/p1_play_selected_rate': np.float64(0.3436903439795793), 'environment/p0_ability_selected_rate': np.float64(0.06339867461695155), 'environment/p1_ability_selected_rate': np.float64(0.048651406346862), 'environment/p0_target_selected_rate': np.float64(0.18735087629574448), 'environment/p1_target_selected_rate': np.float64(0.18483474038874925), 'environment/p0_avg_leader_health': np.float64(0.24017413027250945), 'environment/p1_avg_leader_health': np.float64(0.22182836011052132), 'environment/p0_entity_damage_dealt': np.float64(0.0), 'environment/p1_entity_damage_dealt': np.float64(0.0), 'environment/p0_entity_damage_taken': np.float64(0.0), 'environment/p1_entity_damage_taken': np.float64(0.0), 'environment/p0_generated_ikz_created': np.float64(0.0), 'environment/p1_generated_ikz_created': np.float64(0.0), 'environment/p0_generated_ikz_converted': np.float64(0.0), 'environment/p1_generated_ikz_converted': np.float64(0.0), 'environment/p0_generated_ikz_conversion_rate': np.float64(0.0), 'environment/p1_generated_ikz_conversion_rate': np.float64(0.0), 'environment/p0_temporary_charge_realized': np.float64(0.0), 'environment/p1_temporary_charge_realized': np.float64(0.0), 'environment/p0_temporary_attack_damage_realized': np.float64(0.0), 'environment/p1_temporary_attack_damage_realized': np.float64(0.0), 'environment/p0_contextual_response_reserve_opportunities': np.float64(0.0), 'environment/p1_contextual_response_reserve_opportunities': np.float64(0.0), 'environment/n': np.float64(1.3880597014925373), 'environment/deckbuild/completed': np.float64(1.0), 'environment/azk_step_deckbuild/completed': np.float64(1.0), 'environment/deckbuild/picks': np.float64(51.0), 'environment/azk_step_deckbuild/picks': np.float64(51.0), 'environment/deckbuild/main_count': np.float64(50.0), 'environment/azk_step_deckbuild/main_count': np.float64(50.0), 'environment/deckbuild/main_unique': np.float64(37.49689054726368), 'environment/azk_step_deckbuild/main_unique': np.float64(37.49689054726368), 'environment/deckbuild/main_unique_share': np.float64(0.7499378109452737), 'environment/azk_step_deckbuild/main_unique_share': np.float64(0.7499378109452737), 'environment/deckbuild/main_avg_copies_per_unique': np.float64(1.3388127467207651), 'environment/azk_step_deckbuild/main_avg_copies_per_unique': np.float64(1.3388127467207651), 'environment/deckbuild/main_max_copy_count': np.float64(3.1610696517412933), 'environment/azk_step_deckbuild/main_max_copy_count': np.float64(3.1610696517412933), 'environment/deckbuild/main_copy_entropy': np.float64(3.541108257163658), 'environment/azk_step_deckbuild/main_copy_entropy': np.float64(3.541108257163658), 'environment/deckbuild/main_copy_entropy_norm': np.float64(0.9775400642567706), 'environment/azk_step_deckbuild/main_copy_entropy_norm': np.float64(0.9775400642567706), 'environment/deckbuild/main_singleton_count': np.float64(27.114427860696516), 'environment/azk_step_deckbuild/main_singleton_count': np.float64(27.114427860696516), 'environment/deckbuild/main_pair_count': np.float64(8.565298507462687), 'environment/azk_step_deckbuild/main_pair_count': np.float64(8.565298507462687), 'environment/deckbuild/main_triplet_count': np.float64(1.5136815920398008), 'environment/azk_step_deckbuild/main_triplet_count': np.float64(1.5136815920398008), 'environment/deckbuild/main_quad_count': np.float64(0.3034825870646766), 'environment/azk_step_deckbuild/main_quad_count': np.float64(0.3034825870646766), 'environment/deckbuild/main_singleton_slot_share': np.float64(0.5422885572139304), 'environment/azk_step_deckbuild/main_singleton_slot_share': np.float64(0.5422885572139304), 'environment/deckbuild/main_pair_slot_share': np.float64(0.34261194029850744), 'environment/azk_step_deckbuild/main_pair_slot_share': np.float64(0.34261194029850744), 'environment/deckbuild/main_triplet_slot_share': np.float64(0.09082089552238806), 'environment/azk_step_deckbuild/main_triplet_slot_share': np.float64(0.09082089552238806), 'environment/deckbuild/main_quad_slot_share': np.float64(0.024278606965174133), 'environment/azk_step_deckbuild/main_quad_slot_share': np.float64(0.024278606965174133), 'environment/deckbuild/main_normal_share': np.float64(0.582450248756219), 'environment/azk_step_deckbuild/main_normal_share': np.float64(0.582450248756219), 'environment/deckbuild/main_gate_element_share': np.float64(0.4175497512437811), 'environment/azk_step_deckbuild/main_gate_element_share': np.float64(0.4175497512437811), 'environment/deckbuild/gate_match': np.float64(0.5273631840796019), 'environment/azk_step_deckbuild/gate_match': np.float64(0.5273631840796019), 'environment/deckbuild/gate/EARTH': np.float64(0.17164179104477612), 'environment/azk_step_deckbuild/gate/EARTH': np.float64(0.17164179104477612), 'environment/deckbuild/opponent_gate/EARTH': np.float64(0.17164179104477612), 'environment/azk_step_deckbuild/opponent_gate/EARTH': np.float64(0.17164179104477612), 'environment/deckbuild/leader/EARTH': np.float64(0.17164179104477612), 'environment/azk_step_deckbuild/leader/EARTH': np.float64(0.17164179104477612), 'environment/deckbuild/gate/FIRE': np.float64(0.390547263681592), 'environment/azk_step_deckbuild/gate/FIRE': np.float64(0.390547263681592), 'environment/deckbuild/opponent_gate/FIRE': np.float64(0.390547263681592), 'environment/azk_step_deckbuild/opponent_gate/FIRE': np.float64(0.390547263681592), 'environment/deckbuild/leader/FIRE': np.float64(0.390547263681592), 'environment/azk_step_deckbuild/leader/FIRE': np.float64(0.390547263681592), 'environment/deckbuild/gate/LIGHTNING': np.float64(0.30099502487562185), 'environment/azk_step_deckbuild/gate/LIGHTNING': np.float64(0.30099502487562185), 'environment/deckbuild/opponent_gate/LIGHTNING': np.float64(0.30099502487562185), 'environment/azk_step_deckbuild/opponent_gate/LIGHTNING': np.float64(0.30099502487562185), 'environment/deckbuild/leader/LIGHTNING': np.float64(0.30099502487562185), 'environment/azk_step_deckbuild/leader/LIGHTNING': np.float64(0.30099502487562185), 'environment/deckbuild/gate/WATER': np.float64(0.13681592039800994), 'environment/azk_step_deckbuild/gate/WATER': np.float64(0.13681592039800994), 'environment/deckbuild/opponent_gate/WATER': np.float64(0.13681592039800994), 'environment/azk_step_deckbuild/opponent_gate/WATER': np.float64(0.13681592039800994), 'environment/deckbuild/leader/WATER': np.float64(0.13681592039800994), 'environment/azk_step_deckbuild/leader/WATER': np.float64(0.13681592039800994), 'environment/deckbuild/main_type_count/ENTITY': np.float64(36.85945273631841), 'environment/azk_step_deckbuild/main_type_count/ENTITY': np.float64(36.85945273631841), 'environment/deckbuild/main_type_share/ENTITY': np.float64(0.7371890547263682), 'environment/azk_step_deckbuild/main_type_share/ENTITY': np.float64(0.7371890547263682), 'environment/deckbuild/main_type_count/SPELL': np.float64(9.34639303482587), 'environment/azk_step_deckbuild/main_type_count/SPELL': np.float64(9.34639303482587), 'environment/deckbuild/main_type_share/SPELL': np.float64(0.18692786069651743), 'environment/azk_step_deckbuild/main_type_share/SPELL': np.float64(0.18692786069651743), 'environment/deckbuild/main_type_count/WEAPON': np.float64(3.7941542288557217), 'environment/azk_step_deckbuild/main_type_count/WEAPON': np.float64(3.7941542288557217), 'environment/deckbuild/main_type_share/WEAPON': np.float64(0.07588308457711442), 'environment/azk_step_deckbuild/main_type_share/WEAPON': np.float64(0.07588308457711442), 'environment/deckbuild/main_element_count/EARTH': np.float64(3.8407960199004982), 'environment/azk_step_deckbuild/main_element_count/EARTH': np.float64(3.8407960199004982), 'environment/deckbuild/main_element_share/EARTH': np.float64(0.07681592039800995), 'environment/azk_step_deckbuild/main_element_share/EARTH': np.float64(0.07681592039800995), 'environment/deckbuild/main_element_count/FIRE': np.float64(8.326492537313433), 'environment/azk_step_deckbuild/main_element_count/FIRE': np.float64(8.326492537313433), 'environment/deckbuild/main_element_share/FIRE': np.float64(0.1665298507462687), 'environment/azk_step_deckbuild/main_element_share/FIRE': np.float64(0.1665298507462687), 'environment/deckbuild/main_element_count/LIGHTNING': np.float64(5.7997512437810945), 'environment/azk_step_deckbuild/main_element_count/LIGHTNING': np.float64(5.7997512437810945), 'environment/deckbuild/main_element_share/LIGHTNING': np.float64(0.11599502487562188), 'environment/azk_step_deckbuild/main_element_share/LIGHTNING': np.float64(0.11599502487562188), 'environment/deckbuild/main_element_count/NORMAL': np.float64(29.122512437810947), 'environment/azk_step_deckbuild/main_element_count/NORMAL': np.float64(29.122512437810947), 'environment/deckbuild/main_element_share/NORMAL': np.float64(0.582450248756219), 'environment/azk_step_deckbuild/main_element_share/NORMAL': np.float64(0.582450248756219), 'environment/deckbuild/main_element_count/WATER': np.float64(2.91044776119403), 'environment/azk_step_deckbuild/main_element_count/WATER': np.float64(2.91044776119403), 'environment/deckbuild/main_element_share/WATER': np.float64(0.0582089552238806), 'environment/azk_step_deckbuild/main_element_share/WATER': np.float64(0.0582089552238806), 'environment/deckbuild/main_avg_cost': np.float64(2.920199004975125), 'environment/azk_step_deckbuild/main_avg_cost': np.float64(2.920199004975125), 'environment/deckbuild/main_cost_share/0_1': np.float64(0.2535696517412936), 'environment/azk_step_deckbuild/main_cost_share/0_1': np.float64(0.2535696517412936), 'environment/deckbuild/main_cost_share/2_3': np.float64(0.4077238805970149), 'environment/azk_step_deckbuild/main_cost_share/2_3': np.float64(0.4077238805970149), 'environment/deckbuild/main_cost_share/4_5': np.float64(0.26672885572139304), 'environment/azk_step_deckbuild/main_cost_share/4_5': np.float64(0.26672885572139304), 'environment/deckbuild/main_cost_share/6_plus': np.float64(0.07197761194029852), 'environment/azk_step_deckbuild/main_cost_share/6_plus': np.float64(0.07197761194029852), 'environment/deckbuild/leader_card/AZK01-123': np.float64(1.0), 'environment/azk_step_deckbuild/leader_card/AZK01-123': np.float64(1.0), 'environment/deckbuild_gatecard/AZK01-124/game': np.float64(1.0), 'environment/azk_step_deckbuild_gatecard/AZK01-124/game': np.float64(1.0), 'environment/deckbuild_gatecard/AZK01-124/avg_cost': np.float64(3.323125), 'environment/azk_step_deckbuild_gatecard/AZK01-124/avg_cost': np.float64(3.323125), 'environment/deckbuild_gatecard/AZK01-124/main_unique': np.float64(37.75), 'environment/azk_step_deckbuild_gatecard/AZK01-124/main_unique': np.float64(37.75), 'environment/deckbuild_gatecard/AZK01-124/copy_entropy_norm': np.float64(0.9773457705906113), 'environment/azk_step_deckbuild_gatecard/AZK01-124/copy_entropy_norm': np.float64(0.9773457705906113), 'environment/deckbuild_gatecard/AZK01-124/gate_element_share': np.float64(0.443125), 'environment/azk_step_deckbuild_gatecard/AZK01-124/gate_element_share': np.float64(0.443125), 'environment/deckbuild_gatecard/AZK01-124/type_share/ENTITY': np.float64(0.745625), 'environment/azk_step_deckbuild_gatecard/AZK01-124/type_share/ENTITY': np.float64(0.745625), 'environment/deckbuild_gatecard/AZK01-124/type_share/SPELL': np.float64(0.19874999999999998), 'environment/azk_step_deckbuild_gatecard/AZK01-124/type_share/SPELL': np.float64(0.19874999999999998), 'environment/deckbuild_gatecard/AZK01-124/type_share/WEAPON': np.float64(0.05562500000000001), 'environment/azk_step_deckbuild_gatecard/AZK01-124/type_share/WEAPON': np.float64(0.05562500000000001), 'environment/deckbuild_gatecard/AZK01-124/cost_share/0_1': np.float64(0.20375000000000001), 'environment/azk_step_deckbuild_gatecard/AZK01-124/cost_share/0_1': np.float64(0.20375000000000001), 'environment/deckbuild_gatecard/AZK01-124/cost_share/2_3': np.float64(0.38), 'environment/azk_step_deckbuild_gatecard/AZK01-124/cost_share/2_3': np.float64(0.38), 'environment/deckbuild_gatecard/AZK01-124/cost_share/4_5': np.float64(0.29625), 'environment/azk_step_deckbuild_gatecard/AZK01-124/cost_share/4_5': np.float64(0.29625), 'environment/deckbuild_gatecard/AZK01-124/cost_share/6_plus': np.float64(0.12000000000000001), 'environment/azk_step_deckbuild_gatecard/AZK01-124/cost_share/6_plus': np.float64(0.12000000000000001), 'environment/deckbuild_gatecard/AZK01-124/leader/AZK01-123': np.float64(1.0), 'environment/azk_step_deckbuild_gatecard/AZK01-124/leader/AZK01-123': np.float64(1.0), 'environment/deckbuild_result/game': np.float64(1.0), 'environment/deckbuild_result/win': np.float64(0.5), 'environment/deckbuild_result/gate_match': np.float64(0.5273631840796019), 'environment/deckbuild_result/gate_match_win_joint': np.float64(0.26368159203980096), 'environment/deckbuild_result/gate_mismatch': np.float64(0.47263681592039797), 'environment/deckbuild_result/gate_mismatch_win_joint': np.float64(0.23631840796019898), 'environment/deckbuild_result/gate/EARTH/game': np.float64(1.0), 'environment/deckbuild_result/gate/EARTH/win': np.float64(0.5625), 'environment/deckbuild_result/gate_pair/EARTH_vs_WATER/game': np.float64(1.0), 'environment/deckbuild_result/gate_pair/EARTH_vs_WATER/win': np.float64(0.6875), 'environment/deckbuild_result/gate_pair_unordered/EARTH_vs_WATER/game': np.float64(1.0), 'environment/deckbuild_result/gate_pair_unordered/EARTH_vs_WATER/win': np.float64(0.5), 'environment/deckbuild_result/gate_mismatch/game': np.float64(1.0), 'environment/deckbuild_result/gate_mismatch/win': np.float64(0.5), 'environment/deckbuild_result/gate_freq/EARTH': np.float64(0.17164179104477612), 'environment/deckbuild_result/gate_win_joint/EARTH': np.float64(0.0907960199004975), 'environment/deckbuild_result/gate_freq/FIRE': np.float64(0.390547263681592), 'environment/deckbuild_result/gate_win_joint/FIRE': np.float64(0.1791044776119403), 'environment/deckbuild_result/gate_freq/LIGHTNING': np.float64(0.30099502487562185), 'environment/deckbuild_result/gate_win_joint/LIGHTNING': np.float64(0.17101990049751242), 'environment/deckbuild_result/gate_freq/WATER': np.float64(0.13681592039800994), 'environment/deckbuild_result/gate_win_joint/WATER': np.float64(0.059079601990049746), 'environment/deckbuild_result/gate_pair_freq/EARTH_vs_EARTH': np.float64(0.05223880597014925), 'environment/deckbuild_result/gate_pair_win_joint/EARTH_vs_EARTH': np.float64(0.026119402985074626), 'environment/deckbuild_result/gate_pair_freq/EARTH_vs_FIRE': np.float64(0.04228855721393034), 'environment/deckbuild_result/gate_pair_win_joint/EARTH_vs_FIRE': np.float64(0.02114427860696517), 'environment/deckbuild_result/gate_pair_freq/EARTH_vs_LIGHTNING': np.float64(0.026119402985074626), 'environment/deckbuild_result/gate_pair_win_joint/EARTH_vs_LIGHTNING': np.float64(0.011194029850746268), 'environment/deckbuild_result/gate_pair_freq/EARTH_vs_WATER': np.float64(0.05099502487562189), 'environment/deckbuild_result/gate_pair_win_joint/EARTH_vs_WATER': np.float64(0.03233830845771144), 'environment/deckbuild_result/gate_pair_freq/FIRE_vs_EARTH': np.float64(0.04228855721393034), 'environment/deckbuild_result/gate_pair_win_joint/FIRE_vs_EARTH': np.float64(0.02114427860696517), 'environment/deckbuild_result/gate_pair_freq/FIRE_vs_FIRE': np.float64(0.25995024875621886), 'environment/deckbuild_result/gate_pair_win_joint/FIRE_vs_FIRE': np.float64(0.12997512437810943), 'environment/deckbuild_result/gate_pair_freq/FIRE_vs_LIGHTNING': np.float64(0.0472636815920398), 'environment/deckbuild_result/gate_pair_win_joint/FIRE_vs_LIGHTNING': np.float64(0.005597014925373134), 'environment/deckbuild_result/gate_pair_freq/FIRE_vs_WATER': np.float64(0.041044776119402986), 'environment/deckbuild_result/gate_pair_win_joint/FIRE_vs_WATER': np.float64(0.022388059701492536), 'environment/deckbuild_result/gate_pair_freq/LIGHTNING_vs_EARTH': np.float64(0.026119402985074626), 'environment/deckbuild_result/gate_pair_win_joint/LIGHTNING_vs_EARTH': np.float64(0.014925373134328358), 'environment/deckbuild_result/gate_pair_freq/LIGHTNING_vs_FIRE': np.float64(0.0472636815920398), 'environment/deckbuild_result/gate_pair_win_joint/LIGHTNING_vs_FIRE': np.float64(0.041666666666666664), 'environment/deckbuild_result/gate_pair_freq/LIGHTNING_vs_LIGHTNING': np.float64(0.1990049751243781), 'environment/deckbuild_result/gate_pair_win_joint/LIGHTNING_vs_LIGHTNING': np.float64(0.09950248756218905), 'environment/deckbuild_result/gate_pair_freq/LIGHTNING_vs_WATER': np.float64(0.02860696517412935), 'environment/deckbuild_result/gate_pair_win_joint/LIGHTNING_vs_WATER': np.float64(0.014925373134328358), 'environment/deckbuild_result/gate_pair_freq/WATER_vs_EARTH': np.float64(0.05099502487562189), 'environment/deckbuild_result/gate_pair_win_joint/WATER_vs_EARTH': np.float64(0.018656716417910446), 'environment/deckbuild_result/gate_pair_freq/WATER_vs_FIRE': np.float64(0.041044776119402986), 'environment/deckbuild_result/gate_pair_win_joint/WATER_vs_FIRE': np.float64(0.018656716417910446), 'environment/deckbuild_result/gate_pair_freq/WATER_vs_LIGHTNING': np.float64(0.02860696517412935), 'environment/deckbuild_result/gate_pair_win_joint/WATER_vs_LIGHTNING': np.float64(0.013681592039800995), 'environment/deckbuild_result/gate_pair_freq/WATER_vs_WATER': np.float64(0.01616915422885572), 'environment/deckbuild_result/gate_pair_win_joint/WATER_vs_WATER': np.float64(0.00808457711442786), 'environment/deckbuild_result/gate_pair_unordered_freq/EARTH_vs_EARTH': np.float64(0.05223880597014925), 'environment/deckbuild_result/gate_pair_unordered_win_joint/EARTH_vs_EARTH': np.float64(0.026119402985074626), 'environment/deckbuild_result/gate_pair_unordered_freq/EARTH_vs_FIRE': np.float64(0.08457711442786069), 'environment/deckbuild_result/gate_pair_unordered_win_joint/EARTH_vs_FIRE': np.float64(0.04228855721393034), 'environment/deckbuild_result/gate_pair_unordered_freq/EARTH_vs_LIGHTNING': np.float64(0.05223880597014925), 'environment/deckbuild_result/gate_pair_unordered_win_joint/EARTH_vs_LIGHTNING': np.float64(0.026119402985074626), 'environment/deckbuild_result/gate_pair_unordered_freq/EARTH_vs_WATER': np.float64(0.10199004975124377), 'environment/deckbuild_result/gate_pair_unordered_win_joint/EARTH_vs_WATER': np.float64(0.05099502487562189), 'environment/deckbuild_result/gate_pair_unordered_freq/FIRE_vs_FIRE': np.float64(0.25995024875621886), 'environment/deckbuild_result/gate_pair_unordered_win_joint/FIRE_vs_FIRE': np.float64(0.12997512437810943), 'environment/deckbuild_result/gate_pair_unordered_freq/FIRE_vs_LIGHTNING': np.float64(0.0945273631840796), 'environment/deckbuild_result/gate_pair_unordered_win_joint/FIRE_vs_LIGHTNING': np.float64(0.0472636815920398), 'environment/deckbuild_result/gate_pair_unordered_freq/FIRE_vs_WATER': np.float64(0.08208955223880597), 'environment/deckbuild_result/gate_pair_unordered_win_joint/FIRE_vs_WATER': np.float64(0.041044776119402986), 'environment/deckbuild_result/gate_pair_unordered_freq/LIGHTNING_vs_LIGHTNING': np.float64(0.1990049751243781), 'environment/deckbuild_result/gate_pair_unordered_win_joint/LIGHTNING_vs_LIGHTNING': np.float64(0.09950248756218905), 'environment/deckbuild_result/gate_pair_unordered_freq/LIGHTNING_vs_WATER': np.float64(0.0572139303482587), 'environment/deckbuild_result/gate_pair_unordered_win_joint/LIGHTNING_vs_WATER': np.float64(0.02860696517412935), 'environment/deckbuild_result/gate_pair_unordered_freq/WATER_vs_WATER': np.float64(0.01616915422885572), 'environment/deckbuild_result/gate_pair_unordered_win_joint/WATER_vs_WATER': np.float64(0.00808457711442786), 'environment/deckbuild_result/gatecard/AZK01-124/game': np.float64(1.0), 'environment/deckbuild_result/gatecard/AZK01-124/win': np.float64(0.53125), 'environment/deckbuild_result/gatecard/AZK01-124/attack_rate': np.float64(0.17486434010788798), 'environment/deckbuild_result/gatecard/AZK01-124/spell_rate': np.float64(0.03421517452807166), 'environment/deckbuild_result/gatecard/AZK01-124/weapon_rate': np.float64(0.01473160000750795), 'environment/deckbuild_result/gatecard/AZK01-124/portal_rate': np.float64(0.09576600836589932), 'environment/deckbuild_result/gatecard/AZK01-124/play_entity_rate': np.float64(0.3313319319859147), 'environment/deckbuild_result/gatecard/AZK01-124/noop_rate': np.float64(0.20805095694959164), 'environment/deckbuild_result/gatecard/AZK01-124/episode_length': np.float64(113.5), 'environment/deckbuild_result/gatecard/AZK01-124/leader_health': np.float64(0.3171875039115548), 'environment/deckbuild_result/gatecard/AZK01-124/ability_rate': np.float64(0.051437318325042725), 'environment/deckbuild/leader_card/AZK01-125': np.float64(1.0), 'environment/azk_step_deckbuild/leader_card/AZK01-125': np.float64(1.0), 'environment/deckbuild_gatecard/STT02-002/game': np.float64(1.0), 'environment/azk_step_deckbuild_gatecard/STT02-002/game': np.float64(1.0), 'environment/deckbuild_gatecard/STT02-002/avg_cost': np.float64(2.91875), 'environment/azk_step_deckbuild_gatecard/STT02-002/avg_cost': np.float64(2.91875), 'environment/deckbuild_gatecard/STT02-002/main_unique': np.float64(38.46875), 'environment/azk_step_deckbuild_gatecard/STT02-002/main_unique': np.float64(38.46875), 'environment/deckbuild_gatecard/STT02-002/copy_entropy_norm': np.float64(0.979681667784629), 'environment/azk_step_deckbuild_gatecard/STT02-002/copy_entropy_norm': np.float64(0.979681667784629), 'environment/deckbuild_gatecard/STT02-002/gate_element_share': np.float64(0.42125), 'environment/azk_step_deckbuild_gatecard/STT02-002/gate_element_share': np.float64(0.42125), 'environment/deckbuild_gatecard/STT02-002/type_share/ENTITY': np.float64(0.6956249999999999), 'environment/azk_step_deckbuild_gatecard/STT02-002/type_share/ENTITY': np.float64(0.6956249999999999), 'environment/deckbuild_gatecard/STT02-002/type_share/SPELL': np.float64(0.2525), 'environment/azk_step_deckbuild_gatecard/STT02-002/type_share/SPELL': np.float64(0.2525), 'environment/deckbuild_gatecard/STT02-002/type_share/WEAPON': np.float64(0.051875000000000004), 'environment/azk_step_deckbuild_gatecard/STT02-002/type_share/WEAPON': np.float64(0.051875000000000004), 'environment/deckbuild_gatecard/STT02-002/cost_share/0_1': np.float64(0.259375), 'environment/azk_step_deckbuild_gatecard/STT02-002/cost_share/0_1': np.float64(0.259375), 'environment/deckbuild_gatecard/STT02-002/cost_share/2_3': np.float64(0.420625), 'environment/azk_step_deckbuild_gatecard/STT02-002/cost_share/2_3': np.float64(0.420625), 'environment/deckbuild_gatecard/STT02-002/cost_share/4_5': np.float64(0.224375), 'environment/azk_step_deckbuild_gatecard/STT02-002/cost_share/4_5': np.float64(0.224375), 'environment/deckbuild_gatecard/STT02-002/cost_share/6_plus': np.float64(0.095625), 'environment/azk_step_deckbuild_gatecard/STT02-002/cost_share/6_plus': np.float64(0.095625), 'environment/deckbuild_gatecard/STT02-002/leader/AZK01-125': np.float64(1.0), 'environment/azk_step_deckbuild_gatecard/STT02-002/leader/AZK01-125': np.float64(1.0), 'environment/deckbuild_result/gate/WATER/game': np.float64(1.0), 'environment/deckbuild_result/gate/WATER/win': np.float64(0.41304347826086957), 'environment/deckbuild_result/gate_pair/WATER_vs_EARTH/game': np.float64(1.0), 'environment/deckbuild_result/gate_pair/WATER_vs_EARTH/win': np.float64(0.3125), 'environment/deckbuild_result/gatecard/STT02-002/game': np.float64(1.0), 'environment/deckbuild_result/gatecard/STT02-002/win': np.float64(0.46875), 'environment/deckbuild_result/gatecard/STT02-002/attack_rate': np.float64(0.18735120608471334), 'environment/deckbuild_result/gatecard/STT02-002/spell_rate': np.float64(0.034978852374479175), 'environment/deckbuild_result/gatecard/STT02-002/weapon_rate': np.float64(0.01660380093380809), 'environment/deckbuild_result/gatecard/STT02-002/portal_rate': np.float64(0.08668011357076466), 'environment/deckbuild_result/gatecard/STT02-002/play_entity_rate': np.float64(0.33322147000581026), 'environment/deckbuild_result/gatecard/STT02-002/noop_rate': np.float64(0.2153040012344718), 'environment/deckbuild_result/gatecard/STT02-002/episode_length': np.float64(111.8125), 'environment/deckbuild_result/gatecard/STT02-002/leader_health': np.float64(0.2640625007916242), 'environment/deckbuild_result/gatecard/STT02-002/ability_rate': np.float64(0.03658683807589114), 'environment/ref_seat_rate': np.float64(0.0), 'environment/deckbuild/leader_card/STT04-001': np.float64(1.0), 'environment/azk_step_deckbuild/leader_card/STT04-001': np.float64(1.0), 'environment/deckbuild_gatecard/STT04-002/game': np.float64(1.0), 'environment/azk_step_deckbuild_gatecard/STT04-002/game': np.float64(1.0), 'environment/deckbuild_gatecard/STT04-002/avg_cost': np.float64(2.888271604938272), 'environment/azk_step_deckbuild_gatecard/STT04-002/avg_cost': np.float64(2.888271604938272), 'environment/deckbuild_gatecard/STT04-002/main_unique': np.float64(38.592592592592595), 'environment/azk_step_deckbuild_gatecard/STT04-002/main_unique': np.float64(38.592592592592595), 'environment/deckbuild_gatecard/STT04-002/copy_entropy_norm': np.float64(0.978319280683146), 'environment/azk_step_deckbuild_gatecard/STT04-002/copy_entropy_norm': np.float64(0.978319280683146), 'environment/deckbuild_gatecard/STT04-002/gate_element_share': np.float64(0.4161728395061729), 'environment/azk_step_deckbuild_gatecard/STT04-002/gate_element_share': np.float64(0.4161728395061729), 'environment/deckbuild_gatecard/STT04-002/type_share/ENTITY': np.float64(0.7822222222222223), 'environment/azk_step_deckbuild_gatecard/STT04-002/type_share/ENTITY': np.float64(0.7822222222222223), 'environment/deckbuild_gatecard/STT04-002/type_share/SPELL': np.float64(0.17703703703703702), 'environment/azk_step_deckbuild_gatecard/STT04-002/type_share/SPELL': np.float64(0.17703703703703702), 'environment/deckbuild_gatecard/STT04-002/type_share/WEAPON': np.float64(0.040740740740740744), 'environment/azk_step_deckbuild_gatecard/STT04-002/type_share/WEAPON': np.float64(0.040740740740740744), 'environment/deckbuild_gatecard/STT04-002/cost_share/0_1': np.float64(0.2637037037037037), 'environment/azk_step_deckbuild_gatecard/STT04-002/cost_share/0_1': np.float64(0.2637037037037037), 'environment/deckbuild_gatecard/STT04-002/cost_share/2_3': np.float64(0.4001234567901235), 'environment/azk_step_deckbuild_gatecard/STT04-002/cost_share/2_3': np.float64(0.4001234567901235), 'environment/deckbuild_gatecard/STT04-002/cost_share/4_5': np.float64(0.268641975308642), 'environment/azk_step_deckbuild_gatecard/STT04-002/cost_share/4_5': np.float64(0.268641975308642), 'environment/deckbuild_gatecard/STT04-002/cost_share/6_plus': np.float64(0.06753086419753088), 'environment/azk_step_deckbuild_gatecard/STT04-002/cost_share/6_plus': np.float64(0.06753086419753088), 'environment/deckbuild_gatecard/STT04-002/leader/STT04-001': np.float64(1.0), 'environment/azk_step_deckbuild_gatecard/STT04-002/leader/STT04-001': np.float64(1.0), 'environment/deckbuild_result/gate/FIRE/game': np.float64(1.0), 'environment/deckbuild_result/gate/FIRE/win': np.float64(0.4291666666666666), 'environment/deckbuild_result/gate_pair/FIRE_vs_FIRE/game': np.float64(1.0), 'environment/deckbuild_result/gate_pair/FIRE_vs_FIRE/win': np.float64(0.5), 'environment/deckbuild_result/gate_pair_unordered/FIRE_vs_FIRE/game': np.float64(1.0), 'environment/deckbuild_result/gate_pair_unordered/FIRE_vs_FIRE/win': np.float64(0.5), 'environment/deckbuild_result/gate_match/game': np.float64(1.0), 'environment/deckbuild_result/gate_match/win': np.float64(0.5), 'environment/deckbuild_result/gatecard/STT04-002/game': np.float64(1.0), 'environment/deckbuild_result/gatecard/STT04-002/win': np.float64(0.43209876543209874), 'environment/deckbuild_result/gatecard/STT04-002/attack_rate': np.float64(0.19777696211764842), 'environment/deckbuild_result/gatecard/STT04-002/spell_rate': np.float64(0.03174721048340017), 'environment/deckbuild_result/gatecard/STT04-002/weapon_rate': np.float64(0.010117709780410853), 'environment/deckbuild_result/gatecard/STT04-002/portal_rate': np.float64(0.08326853751952266), 'environment/deckbuild_result/gatecard/STT04-002/play_entity_rate': np.float64(0.3342051033252551), 'environment/deckbuild_result/gatecard/STT04-002/noop_rate': np.float64(0.21651722647157717), 'environment/deckbuild_result/gatecard/STT04-002/episode_length': np.float64(112.70370370370371), 'environment/deckbuild_result/gatecard/STT04-002/leader_health': np.float64(0.1287037034369545), 'environment/deckbuild_result/gatecard/STT04-002/ability_rate': np.float64(0.05275868529016957), 'environment/deckbuild/leader_card/AZK01-121': np.float64(1.0), 'environment/azk_step_deckbuild/leader_card/AZK01-121': np.float64(1.0), 'environment/deckbuild_gatecard/AZK01-122/game': np.float64(1.0), 'environment/azk_step_deckbuild_gatecard/AZK01-122/game': np.float64(1.0), 'environment/deckbuild_gatecard/AZK01-122/avg_cost': np.float64(2.8475), 'environment/azk_step_deckbuild_gatecard/AZK01-122/avg_cost': np.float64(2.8475), 'environment/deckbuild_gatecard/AZK01-122/main_unique': np.float64(37.732142857142854), 'environment/azk_step_deckbuild_gatecard/AZK01-122/main_unique': np.float64(37.732142857142854), 'environment/deckbuild_gatecard/AZK01-122/copy_entropy_norm': np.float64(0.9776423802012773), 'environment/azk_step_deckbuild_gatecard/AZK01-122/copy_entropy_norm': np.float64(0.9776423802012773), 'environment/deckbuild_gatecard/AZK01-122/gate_element_share': np.float64(0.43250000000000005), 'environment/azk_step_deckbuild_gatecard/AZK01-122/gate_element_share': np.float64(0.43250000000000005), 'environment/deckbuild_gatecard/AZK01-122/type_share/ENTITY': np.float64(0.7803571428571429), 'environment/azk_step_deckbuild_gatecard/AZK01-122/type_share/ENTITY': np.float64(0.7803571428571429), 'environment/deckbuild_gatecard/AZK01-122/type_share/SPELL': np.float64(0.17357142857142854), 'environment/azk_step_deckbuild_gatecard/AZK01-122/type_share/SPELL': np.float64(0.17357142857142854), 'environment/deckbuild_gatecard/AZK01-122/type_share/WEAPON': np.float64(0.04607142857142858), 'environment/azk_step_deckbuild_gatecard/AZK01-122/type_share/WEAPON': np.float64(0.04607142857142858), 'environment/deckbuild_gatecard/AZK01-122/cost_share/0_1': np.float64(0.2614285714285714), 'environment/azk_step_deckbuild_gatecard/AZK01-122/cost_share/0_1': np.float64(0.2614285714285714), 'environment/deckbuild_gatecard/AZK01-122/cost_share/2_3': np.float64(0.42071428571428576), 'environment/azk_step_deckbuild_gatecard/AZK01-122/cost_share/2_3': np.float64(0.42071428571428576), 'environment/deckbuild_gatecard/AZK01-122/cost_share/4_5': np.float64(0.2467857142857143), 'environment/azk_step_deckbuild_gatecard/AZK01-122/cost_share/4_5': np.float64(0.2467857142857143), 'environment/deckbuild_gatecard/AZK01-122/cost_share/6_plus': np.float64(0.07107142857142858), 'environment/azk_step_deckbuild_gatecard/AZK01-122/cost_share/6_plus': np.float64(0.07107142857142858), 'environment/deckbuild_gatecard/AZK01-122/leader/AZK01-121': np.float64(1.0), 'environment/azk_step_deckbuild_gatecard/AZK01-122/leader/AZK01-121': np.float64(1.0), 'environment/deckbuild_result/gatecard/AZK01-122/game': np.float64(1.0), 'environment/deckbuild_result/gatecard/AZK01-122/win': np.float64(0.44642857142857145), 'environment/deckbuild_result/gatecard/AZK01-122/attack_rate': np.float64(0.20223392226866313), 'environment/deckbuild_result/gatecard/AZK01-122/spell_rate': np.float64(0.03027053050962942), 'environment/deckbuild_result/gatecard/AZK01-122/weapon_rate': np.float64(0.01009685147021498), 'environment/deckbuild_result/gatecard/AZK01-122/portal_rate': np.float64(0.09116040595940181), 'environment/deckbuild_result/gatecard/AZK01-122/play_entity_rate': np.float64(0.3238486008984702), 'environment/deckbuild_result/gatecard/AZK01-122/noop_rate': np.float64(0.18787954401757037), 'environment/deckbuild_result/gatecard/AZK01-122/episode_length': np.float64(113.17857142857143), 'environment/deckbuild_result/gatecard/AZK01-122/leader_health': np.float64(0.13125000062531658), 'environment/deckbuild_result/gatecard/AZK01-122/ability_rate': np.float64(0.06709518769223775), 'environment/deckbuild_gatecard/AZK01-122/leader/STT04-001': np.float64(1.0), 'environment/azk_step_deckbuild_gatecard/AZK01-122/leader/STT04-001': np.float64(1.0), 'environment/deckbuild_gatecard/STT04-002/leader/AZK01-121': np.float64(1.0), 'environment/azk_step_deckbuild_gatecard/STT04-002/leader/AZK01-121': np.float64(1.0), 'environment/deckbuild/leader_card/STT02-001': np.float64(1.0), 'environment/azk_step_deckbuild/leader_card/STT02-001': np.float64(1.0), 'environment/deckbuild_gatecard/STT02-002/leader/STT02-001': np.float64(1.0), 'environment/azk_step_deckbuild_gatecard/STT02-002/leader/STT02-001': np.float64(1.0), 'environment/deckbuild_result/gate_pair/WATER_vs_FIRE/game': np.float64(1.0), 'environment/deckbuild_result/gate_pair/WATER_vs_FIRE/win': np.float64(0.42857142857142855), 'environment/deckbuild_result/gate_pair_unordered/FIRE_vs_WATER/game': np.float64(1.0), 'environment/deckbuild_result/gate_pair_unordered/FIRE_vs_WATER/win': np.float64(0.5), 'environment/deckbuild_result/gate_pair/FIRE_vs_WATER/game': np.float64(1.0), 'environment/deckbuild_result/gate_pair/FIRE_vs_WATER/win': np.float64(0.5714285714285714), 'environment/deckbuild_gatecard/STT03-002/game': np.float64(1.0), 'environment/azk_step_deckbuild_gatecard/STT03-002/game': np.float64(1.0), 'environment/deckbuild_gatecard/STT03-002/avg_cost': np.float64(3.271818181818182), 'environment/azk_step_deckbuild_gatecard/STT03-002/avg_cost': np.float64(3.271818181818182), 'environment/deckbuild_gatecard/STT03-002/main_unique': np.float64(37.18181818181818), 'environment/azk_step_deckbuild_gatecard/STT03-002/main_unique': np.float64(37.18181818181818), 'environment/deckbuild_gatecard/STT03-002/copy_entropy_norm': np.float64(0.977186817735624), 'environment/azk_step_deckbuild_gatecard/STT03-002/copy_entropy_norm': np.float64(0.977186817735624), 'environment/deckbuild_gatecard/STT03-002/gate_element_share': np.float64(0.4509090909090909), 'environment/azk_step_deckbuild_gatecard/STT03-002/gate_element_share': np.float64(0.4509090909090909), 'environment/deckbuild_gatecard/STT03-002/type_share/ENTITY': np.float64(0.7318181818181819), 'environment/azk_step_deckbuild_gatecard/STT03-002/type_share/ENTITY': np.float64(0.7318181818181819), 'environment/deckbuild_gatecard/STT03-002/type_share/SPELL': np.float64(0.22272727272727275), 'environment/azk_step_deckbuild_gatecard/STT03-002/type_share/SPELL': np.float64(0.22272727272727275), 'environment/deckbuild_gatecard/STT03-002/type_share/WEAPON': np.float64(0.045454545454545456), 'environment/azk_step_deckbuild_gatecard/STT03-002/type_share/WEAPON': np.float64(0.045454545454545456), 'environment/deckbuild_gatecard/STT03-002/cost_share/0_1': np.float64(0.18454545454545457), 'environment/azk_step_deckbuild_gatecard/STT03-002/cost_share/0_1': np.float64(0.18454545454545457), 'environment/deckbuild_gatecard/STT03-002/cost_share/2_3': np.float64(0.39454545454545453), 'environment/azk_step_deckbuild_gatecard/STT03-002/cost_share/2_3': np.float64(0.39454545454545453), 'environment/deckbuild_gatecard/STT03-002/cost_share/4_5': np.float64(0.3190909090909091), 'environment/azk_step_deckbuild_gatecard/STT03-002/cost_share/4_5': np.float64(0.3190909090909091), 'environment/deckbuild_gatecard/STT03-002/cost_share/6_plus': np.float64(0.10181818181818182), 'environment/azk_step_deckbuild_gatecard/STT03-002/cost_share/6_plus': np.float64(0.10181818181818182), 'environment/deckbuild_gatecard/STT03-002/leader/AZK01-123': np.float64(1.0), 'environment/azk_step_deckbuild_gatecard/STT03-002/leader/AZK01-123': np.float64(1.0), 'environment/deckbuild_result/gate_pair/EARTH_vs_EARTH/game': np.float64(1.0), 'environment/deckbuild_result/gate_pair/EARTH_vs_EARTH/win': np.float64(0.5), 'environment/deckbuild_result/gate_pair_unordered/EARTH_vs_EARTH/game': np.float64(1.0), 'environment/deckbuild_result/gate_pair_unordered/EARTH_vs_EARTH/win': np.float64(0.5), 'environment/deckbuild_result/gatecard/STT03-002/game': np.float64(1.0), 'environment/deckbuild_result/gatecard/STT03-002/win': np.float64(0.5909090909090909), 'environment/deckbuild_result/gatecard/STT03-002/attack_rate': np.float64(0.1870232806964354), 'environment/deckbuild_result/gatecard/STT03-002/spell_rate': np.float64(0.025377500378950077), 'environment/deckbuild_result/gatecard/STT03-002/weapon_rate': np.float64(0.013946153731508688), 'environment/deckbuild_result/gatecard/STT03-002/portal_rate': np.float64(0.0972507738254287), 'environment/deckbuild_result/gatecard/STT03-002/play_entity_rate': np.float64(0.32377859408205206), 'environment/deckbuild_result/gatecard/STT03-002/noop_rate': np.float64(0.22705768184228378), 'environment/deckbuild_result/gatecard/STT03-002/episode_length': np.float64(112.0909090909091), 'environment/deckbuild_result/gatecard/STT03-002/leader_health': np.float64(0.46818181601437653), 'environment/deckbuild_result/gatecard/STT03-002/ability_rate': np.float64(0.06235910071568056), 'environment/deckbuild/leader_card/STT03-001': np.float64(1.0), 'environment/azk_step_deckbuild/leader_card/STT03-001': np.float64(1.0), 'environment/deckbuild_gatecard/STT03-002/leader/STT03-001': np.float64(1.0), 'environment/azk_step_deckbuild_gatecard/STT03-002/leader/STT03-001': np.float64(1.0), 'environment/deckbuild_gatecard/AZK01-126/game': np.float64(1.0), 'environment/azk_step_deckbuild_gatecard/AZK01-126/game': np.float64(1.0), 'environment/deckbuild_gatecard/AZK01-126/avg_cost': np.float64(3.0309999999999997), 'environment/azk_step_deckbuild_gatecard/AZK01-126/avg_cost': np.float64(3.0309999999999997), 'environment/deckbuild_gatecard/AZK01-126/main_unique': np.float64(37.1), 'environment/azk_step_deckbuild_gatecard/AZK01-126/main_unique': np.float64(37.1), 'environment/deckbuild_gatecard/AZK01-126/copy_entropy_norm': np.float64(0.9772961047313015), 'environment/azk_step_deckbuild_gatecard/AZK01-126/copy_entropy_norm': np.float64(0.9772961047313015), 'environment/deckbuild_gatecard/AZK01-126/gate_element_share': np.float64(0.426), 'environment/azk_step_deckbuild_gatecard/AZK01-126/gate_element_share': np.float64(0.426), 'environment/deckbuild_gatecard/AZK01-126/type_share/ENTITY': np.float64(0.7390000000000001), 'environment/azk_step_deckbuild_gatecard/AZK01-126/type_share/ENTITY': np.float64(0.7390000000000001), 'environment/deckbuild_gatecard/AZK01-126/type_share/SPELL': np.float64(0.20600000000000004), 'environment/azk_step_deckbuild_gatecard/AZK01-126/type_share/SPELL': np.float64(0.20600000000000004), 'environment/deckbuild_gatecard/AZK01-126/type_share/WEAPON': np.float64(0.05500000000000001), 'environment/azk_step_deckbuild_gatecard/AZK01-126/type_share/WEAPON': np.float64(0.05500000000000001), 'environment/deckbuild_gatecard/AZK01-126/cost_share/0_1': np.float64(0.24099999999999996), 'environment/azk_step_deckbuild_gatecard/AZK01-126/cost_share/0_1': np.float64(0.24099999999999996), 'environment/deckbuild_gatecard/AZK01-126/cost_share/2_3': np.float64(0.417), 'environment/azk_step_deckbuild_gatecard/AZK01-126/cost_share/2_3': np.float64(0.417), 'environment/deckbuild_gatecard/AZK01-126/cost_share/4_5': np.float64(0.238), 'environment/azk_step_deckbuild_gatecard/AZK01-126/cost_share/4_5': np.float64(0.238), 'environment/deckbuild_gatecard/AZK01-126/cost_share/6_plus': np.float64(0.10400000000000001), 'environment/azk_step_deckbuild_gatecard/AZK01-126/cost_share/6_plus': np.float64(0.10400000000000001), 'environment/deckbuild_gatecard/AZK01-126/leader/AZK01-125': np.float64(1.0), 'environment/azk_step_deckbuild_gatecard/AZK01-126/leader/AZK01-125': np.float64(1.0), 'environment/deckbuild_result/gatecard/AZK01-126/game': np.float64(1.0), 'environment/deckbuild_result/gatecard/AZK01-126/win': np.float64(0.35), 'environment/deckbuild_result/gatecard/AZK01-126/attack_rate': np.float64(0.14592492766678333), 'environment/deckbuild_result/gatecard/AZK01-126/spell_rate': np.float64(0.03974984288215637), 'environment/deckbuild_result/gatecard/AZK01-126/weapon_rate': np.float64(0.01206253794953227), 'environment/deckbuild_result/gatecard/AZK01-126/portal_rate': np.float64(0.07037366330623626), 'environment/deckbuild_result/gatecard/AZK01-126/play_entity_rate': np.float64(0.29567636698484423), 'environment/deckbuild_result/gatecard/AZK01-126/noop_rate': np.float64(0.22932750210165978), 'environment/deckbuild_result/gatecard/AZK01-126/episode_length': np.float64(113.5), 'environment/deckbuild_result/gatecard/AZK01-126/leader_health': np.float64(0.2749999940395355), 'environment/deckbuild_result/gatecard/AZK01-126/ability_rate': np.float64(0.0451417732052505), 'environment/deckbuild_result/gate_pair/FIRE_vs_LIGHTNING/game': np.float64(1.0), 'environment/deckbuild_result/gate_pair/FIRE_vs_LIGHTNING/win': np.float64(0.16666666666666666), 'environment/deckbuild_result/gate_pair_unordered/FIRE_vs_LIGHTNING/game': np.float64(1.0), 'environment/deckbuild_result/gate_pair_unordered/FIRE_vs_LIGHTNING/win': np.float64(0.5), 'environment/deckbuild/leader_card/STT01-001': np.float64(1.0), 'environment/azk_step_deckbuild/leader_card/STT01-001': np.float64(1.0), 'environment/deckbuild_gatecard/AZK01-120/game': np.float64(1.0), 'environment/azk_step_deckbuild_gatecard/AZK01-120/game': np.float64(1.0), 'environment/deckbuild_gatecard/AZK01-120/avg_cost': np.float64(2.7804), 'environment/azk_step_deckbuild_gatecard/AZK01-120/avg_cost': np.float64(2.7804), 'environment/deckbuild_gatecard/AZK01-120/main_unique': np.float64(36.8), 'environment/azk_step_deckbuild_gatecard/AZK01-120/main_unique': np.float64(36.8), 'environment/deckbuild_gatecard/AZK01-120/copy_entropy_norm': np.float64(0.97640322785144), 'environment/azk_step_deckbuild_gatecard/AZK01-120/copy_entropy_norm': np.float64(0.97640322785144), 'environment/deckbuild_gatecard/AZK01-120/gate_element_share': np.float64(0.38799999999999996), 'environment/azk_step_deckbuild_gatecard/AZK01-120/gate_element_share': np.float64(0.38799999999999996), 'environment/deckbuild_gatecard/AZK01-120/type_share/ENTITY': np.float64(0.6824000000000001), 'environment/azk_step_deckbuild_gatecard/AZK01-120/type_share/ENTITY': np.float64(0.6824000000000001), 'environment/deckbuild_gatecard/AZK01-120/type_share/SPELL': np.float64(0.1732), 'environment/azk_step_deckbuild_gatecard/AZK01-120/type_share/SPELL': np.float64(0.1732), 'environment/deckbuild_gatecard/AZK01-120/type_share/WEAPON': np.float64(0.1444), 'environment/azk_step_deckbuild_gatecard/AZK01-120/type_share/WEAPON': np.float64(0.1444), 'environment/deckbuild_gatecard/AZK01-120/cost_share/0_1': np.float64(0.2708), 'environment/azk_step_deckbuild_gatecard/AZK01-120/cost_share/0_1': np.float64(0.2708), 'environment/deckbuild_gatecard/AZK01-120/cost_share/2_3': np.float64(0.4004), 'environment/azk_step_deckbuild_gatecard/AZK01-120/cost_share/2_3': np.float64(0.4004), 'environment/deckbuild_gatecard/AZK01-120/cost_share/4_5': np.float64(0.2896), 'environment/azk_step_deckbuild_gatecard/AZK01-120/cost_share/4_5': np.float64(0.2896), 'environment/deckbuild_gatecard/AZK01-120/cost_share/6_plus': np.float64(0.0392), 'environment/azk_step_deckbuild_gatecard/AZK01-120/cost_share/6_plus': np.float64(0.0392), 'environment/deckbuild_gatecard/AZK01-120/leader/STT01-001': np.float64(1.0), 'environment/azk_step_deckbuild_gatecard/AZK01-120/leader/STT01-001': np.float64(1.0), 'environment/deckbuild_result/gate/LIGHTNING/game': np.float64(1.0), 'environment/deckbuild_result/gate/LIGHTNING/win': np.float64(0.5761904761904761), 'environment/deckbuild_result/gate_pair/LIGHTNING_vs_FIRE/game': np.float64(1.0), 'environment/deckbuild_result/gate_pair/LIGHTNING_vs_FIRE/win': np.float64(0.8333333333333334), 'environment/deckbuild_result/gatecard/AZK01-120/game': np.float64(1.0), 'environment/deckbuild_result/gatecard/AZK01-120/win': np.float64(0.54), 'environment/deckbuild_result/gatecard/AZK01-120/attack_rate': np.float64(0.2316449186205864), 'environment/deckbuild_result/gatecard/AZK01-120/spell_rate': np.float64(0.03193305496126413), 'environment/deckbuild_result/gatecard/AZK01-120/weapon_rate': np.float64(0.0393639950081706), 'environment/deckbuild_result/gatecard/AZK01-120/portal_rate': np.float64(0.10326738022267819), 'environment/deckbuild_result/gatecard/AZK01-120/play_entity_rate': np.float64(0.371475430727005), 'environment/deckbuild_result/gatecard/AZK01-120/noop_rate': np.float64(0.22837749421596526), 'environment/deckbuild_result/gatecard/AZK01-120/episode_length': np.float64(113.32), 'environment/deckbuild_result/gatecard/AZK01-120/leader_health': np.float64(0.23800000205636024), 'environment/deckbuild_result/gatecard/AZK01-120/ability_rate': np.float64(0.009914692752063274), 'environment/deckbuild_result/gate_pair/WATER_vs_LIGHTNING/game': np.float64(1.0), 'environment/deckbuild_result/gate_pair/WATER_vs_LIGHTNING/win': np.float64(0.5), 'environment/deckbuild_result/gate_pair_unordered/LIGHTNING_vs_WATER/game': np.float64(1.0), 'environment/deckbuild_result/gate_pair_unordered/LIGHTNING_vs_WATER/win': np.float64(0.5), 'environment/deckbuild/leader_card/AZK01-119': np.float64(1.0), 'environment/azk_step_deckbuild/leader_card/AZK01-119': np.float64(1.0), 'environment/deckbuild_gatecard/AZK01-120/leader/AZK01-119': np.float64(1.0), 'environment/azk_step_deckbuild_gatecard/AZK01-120/leader/AZK01-119': np.float64(1.0), 'environment/deckbuild_result/gate_pair/LIGHTNING_vs_WATER/game': np.float64(1.0), 'environment/deckbuild_result/gate_pair/LIGHTNING_vs_WATER/win': np.float64(0.5), 'environment/deckbuild_result/gate_pair/EARTH_vs_FIRE/game': np.float64(1.0), 'environment/deckbuild_result/gate_pair/EARTH_vs_FIRE/win': np.float64(0.5555555555555556), 'environment/deckbuild_result/gate_pair_unordered/EARTH_vs_FIRE/game': np.float64(1.0), 'environment/deckbuild_result/gate_pair_unordered/EARTH_vs_FIRE/win': np.float64(0.5), 'environment/deckbuild_result/gate_pair/FIRE_vs_EARTH/game': np.float64(1.0), 'environment/deckbuild_result/gate_pair/FIRE_vs_EARTH/win': np.float64(0.4444444444444444), 'environment/deckbuild_gatecard/STT01-002/game': np.float64(1.0), 'environment/azk_step_deckbuild_gatecard/STT01-002/game': np.float64(1.0), 'environment/deckbuild_gatecard/STT01-002/avg_cost': np.float64(2.7250666666666667), 'environment/azk_step_deckbuild_gatecard/STT01-002/avg_cost': np.float64(2.7250666666666667), 'environment/deckbuild_gatecard/STT01-002/main_unique': np.float64(36.913333333333334), 'environment/azk_step_deckbuild_gatecard/STT01-002/main_unique': np.float64(36.913333333333334), 'environment/deckbuild_gatecard/STT01-002/copy_entropy_norm': np.float64(0.976977247215368), 'environment/azk_step_deckbuild_gatecard/STT01-002/copy_entropy_norm': np.float64(0.976977247215368), 'environment/deckbuild_gatecard/STT01-002/gate_element_share': np.float64(0.38199999999999995), 'environment/azk_step_deckbuild_gatecard/STT01-002/gate_element_share': np.float64(0.38199999999999995), 'environment/deckbuild_gatecard/STT01-002/type_share/ENTITY': np.float64(0.6856), 'environment/azk_step_deckbuild_gatecard/STT01-002/type_share/ENTITY': np.float64(0.6856), 'environment/deckbuild_gatecard/STT01-002/type_share/SPELL': np.float64(0.1752), 'environment/azk_step_deckbuild_gatecard/STT01-002/type_share/SPELL': np.float64(0.1752), 'environment/deckbuild_gatecard/STT01-002/type_share/WEAPON': np.float64(0.1392), 'environment/azk_step_deckbuild_gatecard/STT01-002/type_share/WEAPON': np.float64(0.1392), 'environment/deckbuild_gatecard/STT01-002/cost_share/0_1': np.float64(0.2844), 'environment/azk_step_deckbuild_gatecard/STT01-002/cost_share/0_1': np.float64(0.2844), 'environment/deckbuild_gatecard/STT01-002/cost_share/2_3': np.float64(0.4022666666666666), 'environment/azk_step_deckbuild_gatecard/STT01-002/cost_share/2_3': np.float64(0.4022666666666666), 'environment/deckbuild_gatecard/STT01-002/cost_share/4_5': np.float64(0.272), 'environment/azk_step_deckbuild_gatecard/STT01-002/cost_share/4_5': np.float64(0.272), 'environment/deckbuild_gatecard/STT01-002/cost_share/6_plus': np.float64(0.041333333333333326), 'environment/azk_step_deckbuild_gatecard/STT01-002/cost_share/6_plus': np.float64(0.041333333333333326), 'environment/deckbuild_gatecard/STT01-002/leader/STT01-001': np.float64(1.0), 'environment/azk_step_deckbuild_gatecard/STT01-002/leader/STT01-001': np.float64(1.0), 'environment/deckbuild_result/gate_pair/LIGHTNING_vs_EARTH/game': np.float64(1.0), 'environment/deckbuild_result/gate_pair/LIGHTNING_vs_EARTH/win': np.float64(0.5), 'environment/deckbuild_result/gate_pair_unordered/EARTH_vs_LIGHTNING/game': np.float64(1.0), 'environment/deckbuild_result/gate_pair_unordered/EARTH_vs_LIGHTNING/win': np.float64(0.5), 'environment/deckbuild_result/gatecard/STT01-002/game': np.float64(1.0), 'environment/deckbuild_result/gatecard/STT01-002/win': np.float64(0.5666666666666667), 'environment/deckbuild_result/gatecard/STT01-002/attack_rate': np.float64(0.23496743321418762), 'environment/deckbuild_result/gatecard/STT01-002/spell_rate': np.float64(0.03488218496243159), 'environment/deckbuild_result/gatecard/STT01-002/weapon_rate': np.float64(0.035931370854377746), 'environment/deckbuild_result/gatecard/STT01-002/portal_rate': np.float64(0.09752692903081578), 'environment/deckbuild_result/gatecard/STT01-002/play_entity_rate': np.float64(0.36963816563288376), 'environment/deckbuild_result/gatecard/STT01-002/noop_rate': np.float64(0.21629935334126152), 'environment/deckbuild_result/gatecard/STT01-002/episode_length': np.float64(114.16), 'environment/deckbuild_result/gatecard/STT01-002/leader_health': np.float64(0.271000000834465), 'environment/deckbuild_result/gatecard/STT01-002/ability_rate': np.float64(0.012089621933797996), 'environment/deckbuild_result/gate_pair/EARTH_vs_LIGHTNING/game': np.float64(1.0), 'environment/deckbuild_result/gate_pair/EARTH_vs_LIGHTNING/win': np.float64(0.5), 'environment/deckbuild_gatecard/AZK01-124/leader/STT03-001': np.float64(1.0), 'environment/azk_step_deckbuild_gatecard/AZK01-124/leader/STT03-001': np.float64(1.0), 'environment/deckbuild_result/gate_pair/WATER_vs_WATER/game': np.float64(1.0), 'environment/deckbuild_result/gate_pair/WATER_vs_WATER/win': np.float64(0.5), 'environment/deckbuild_result/gate_pair_unordered/WATER_vs_WATER/game': np.float64(1.0), 'environment/deckbuild_result/gate_pair_unordered/WATER_vs_WATER/win': np.float64(0.5), 'environment/deckbuild_gatecard/STT01-002/leader/AZK01-119': np.float64(1.0), 'environment/azk_step_deckbuild_gatecard/STT01-002/leader/AZK01-119': np.float64(1.0), 'environment/deckbuild_result/gate_pair/LIGHTNING_vs_LIGHTNING/game': np.float64(1.0), 'environment/deckbuild_result/gate_pair/LIGHTNING_vs_LIGHTNING/win': np.float64(0.5), 'environment/deckbuild_result/gate_pair_unordered/LIGHTNING_vs_LIGHTNING/game': np.float64(1.0), 'environment/deckbuild_result/gate_pair_unordered/LIGHTNING_vs_LIGHTNING/win': np.float64(0.5), 'environment/deckbuild_gatecard/AZK01-126/leader/STT02-001': np.float64(1.0), 'environment/azk_step_deckbuild_gatecard/AZK01-126/leader/STT02-001': np.float64(1.0), 'losses/policy_loss': 0.007101214490830898, 'losses/value_loss': 0.07358333468437195, 'losses/value_loss_total': 0.07358333468437195, 'losses/entropy': 0.9708927869796753, 'losses/old_approx_kl': -7.236671081045642e-05, 'losses/approx_kl': 1.1203760550415609e-05, 'losses/clipfrac': 0.0, 'losses/importance': 1.0000836849212646, 'losses/win_prob_aux_loss': 0.69140625, 'losses/win_prob_aux_labeled_frac': 0.15625, 'losses/explained_variance': 0.0379260778427124, 'losses/win_prob_aux_accuracy': 0.6015625, 'losses/win_prob_aux_brier': 0.2490234375, 'losses/win_prob_aux_pred_mean': 0.498046875, 'losses/win_prob_aux_target_mean': 0.5234375, 'performance/eval': 15.233420133590698, 'performance/train': 15.897681713104248, 'performance/eval_forward': 14.90054726600647, 'performance/env': 0.02954840660095215, 'performance/eval_copy': 0.29045939445495605, 'performance/eval_misc': 0.012774467468261719, 'performance/train_forward': 3.2697975635528564, 'performance/learn_backward': 6.158890724182129, 'performance/learn_opt': 6.369037628173828, 'performance/train_copy': 0.004994869232177734, 'performance/train_misc': 0.09488224983215332}
[0;0H╭──────────────────────────────────────────────────────────────────────────────╮
│  PufferLib 4.0      🐡          CPU:     GPU: 0.0%  DRAM: 8.5%   VRAM: 0.0%  │
│                                151.0%                                        │
│                                                                              │
│  Summary          Value    Evaluate     22s  48%    Losses            Value  │
│  Env        azuki_local      Forwa…     21s  47%    policy_loss       0.006  │
│  Params           90.2M      Env         0s   0%    value_loss        0.113  │
│  Steps           230.4K      Copy        0s   0%    value_loss_to…    0.113  │
│  SPS               5.1K      Misc        0s   0%    entropy           1.014  │
│  Epoch               15    Train        23s  51%    old_approx_kl    -0.000  │
│  Uptime          1m 30s      Forwa…      4s  10%    approx_kl         0.000  │
│  Remaini…           15s      Backw…      9s  20%    clipfrac          0.000  │
│                              Optim…      9s  20%    importance        1.000  │
│                              Copy        0s   0%    win_prob_aux_…    0.691  │
│                              Misc        0s   0%    win_prob_aux_…    0.277  │
│                                                     explained_var…    0.041  │
│                                                     win_prob_aux_…    0.629  │
│                                                     win_prob_aux_…    0.249  │
│                                                     win_prob_aux_…    0.498  │
│                                                     win_prob_aux_…    0.498  │
│                                                                              │
│  User Stats                    Value    User Stats                    Value  │
│  league/active                 1.000    sampler/subaction_tem…        1.200  │
│  sampler/smoothing_eps         0.050    anneal/ent_coef               0.007  │
│  perf                          0.000    score                         0.000  │
│  episode_return                0.013    episode_length              129.329  │
│  p0_episode_return             0.013    p1_episode_return            -0.013  │
│  p0_winrate                    0.501    p1_winrate                    0.499  │
│  p0_start_rate                 0.464    p1_start_rate                 0.536  │
│  draw_rate                     0.000    timeout_truncation_ra…        0.000  │
│  auto_tick_truncation_…        0.000    zero_legal_action_tru…        0.000  │
│  gameover_terminal_rate        1.000    winner_terminal_rate          1.000  │
│  curriculum_episode_cap        0.000    reward_shaping_scale          1.000  │
│  completed_episodes            1.000    p0_noop_selected_rate         0.217  │
│  p1_noop_selected_rate         0.214    p0_attack_selected_ra…        0.205  │
│  p1_attack_selected_ra…        0.194    p0_attach_weapon_from…        0.020  │
│  p1_attach_weapon_from…        0.020    p0_play_spell_from_ha…        0.037  │
╰──────────────────────────────────────────────────────────────────────────────╯

[epoch 15] {'SPS': 5103.6307898032765, 'agent_steps': 230400, 'uptime': 90.64966297149658, 'epoch': 15, 'learning_rate': 0.00043933982822017903, 'environment/league/active': np.float64(1.0), 'environment/sampler/subaction_temperature': np.float64(1.2), 'environment/sampler/smoothing_eps': np.float64(0.05), 'environment/anneal/ent_coef': np.float64(0.007333333333333334), 'environment/perf': np.float64(0.0), 'environment/score': np.float64(0.0), 'environment/episode_return': np.float64(0.013285054436212853), 'environment/episode_length': np.float64(129.32911392405063), 'environment/p0_episode_return': np.float64(0.013285054436212853), 'environment/p1_episode_return': np.float64(-0.013285054436212853), 'environment/p0_winrate': np.float64(0.5010548524464233), 'environment/p1_winrate': np.float64(0.4989451479308213), 'environment/p0_start_rate': np.float64(0.4641350213485428), 'environment/p1_start_rate': np.float64(0.5358649790287018), 'environment/draw_rate': np.float64(0.0), 'environment/timeout_truncation_rate': np.float64(0.0), 'environment/auto_tick_truncation_rate': np.float64(0.0), 'environment/zero_legal_action_truncation_rate': np.float64(0.0), 'environment/gameover_terminal_rate': np.float64(1.0), 'environment/winner_terminal_rate': np.float64(1.0), 'environment/curriculum_episode_cap': np.float64(0.0), 'environment/reward_shaping_scale': np.float64(1.0), 'environment/completed_episodes': np.float64(1.0), 'environment/p0_noop_selected_rate': np.float64(0.21660204476948025), 'environment/p1_noop_selected_rate': np.float64(0.21428499002999898), 'environment/p0_attack_selected_rate': np.float64(0.20524243887843965), 'environment/p1_attack_selected_rate': np.float64(0.19415676952162875), 'environment/p0_attach_weapon_from_hand_selected_rate': np.float64(0.02043693974802766), 'environment/p1_attach_weapon_from_hand_selected_rate': np.float64(0.01974258576578732), 'environment/p0_play_spell_from_hand_selected_rate': np.float64(0.03746651114212184), 'environment/p1_play_spell_from_hand_selected_rate': np.float64(0.035589131019726584), 'environment/p0_activate_garden_or_leader_ability_selected_rate': np.float64(0.03432638585991875), 'environment/p1_activate_garden_or_leader_ability_selected_rate': np.float64(0.043053508724404284), 'environment/p0_activate_alley_ability_selected_rate': np.float64(0.0019836772964159145), 'environment/p1_activate_alley_ability_selected_rate': np.float64(0.0010760937923494775), 'environment/p0_gate_portal_selected_rate': np.float64(0.09506069420825076), 'environment/p1_gate_portal_selected_rate': np.float64(0.09370666369795799), 'environment/p0_play_entity_to_alley_selected_rate': np.float64(0.11185583448674105), 'environment/p1_play_entity_to_alley_selected_rate': np.float64(0.11019646758331528), 'environment/p0_play_entity_to_garden_selected_rate': np.float64(0.07421219611799793), 'environment/p1_play_entity_to_garden_selected_rate': np.float64(0.07931871837170064), 'environment/p0_play_selected_rate': np.float64(0.33903217409984976), 'environment/p1_play_selected_rate': np.float64(0.33855356634417666), 'environment/p0_ability_selected_rate': np.float64(0.05341756264855967), 'environment/p1_ability_selected_rate': np.float64(0.05761644194680679), 'environment/p0_target_selected_rate': np.float64(0.18383636636824546), 'environment/p1_target_selected_rate': np.float64(0.19456783663245697), 'environment/p0_avg_leader_health': np.float64(0.2304852344095707), 'environment/p1_avg_leader_health': np.float64(0.2380274255536025), 'environment/p0_entity_damage_dealt': np.float64(0.0), 'environment/p1_entity_damage_dealt': np.float64(0.0), 'environment/p0_entity_damage_taken': np.float64(0.0), 'environment/p1_entity_damage_taken': np.float64(0.0), 'environment/p0_generated_ikz_created': np.float64(0.0), 'environment/p1_generated_ikz_created': np.float64(0.0), 'environment/p0_generated_ikz_converted': np.float64(0.0), 'environment/p1_generated_ikz_converted': np.float64(0.0), 'environment/p0_generated_ikz_conversion_rate': np.float64(0.0), 'environment/p1_generated_ikz_conversion_rate': np.float64(0.0), 'environment/p0_temporary_charge_realized': np.float64(0.0), 'environment/p1_temporary_charge_realized': np.float64(0.0), 'environment/p0_temporary_attack_damage_realized': np.float64(0.0), 'environment/p1_temporary_attack_damage_realized': np.float64(0.0), 'environment/p0_contextual_response_reserve_opportunities': np.float64(0.0), 'environment/p1_contextual_response_reserve_opportunities': np.float64(0.0), 'environment/n': np.float64(1.2658227848101267), 'environment/deckbuild/completed': np.float64(1.0), 'environment/azk_step_deckbuild/completed': np.float64(1.0), 'environment/deckbuild/picks': np.float64(51.0), 'environment/azk_step_deckbuild/picks': np.float64(51.0), 'environment/deckbuild/main_count': np.float64(50.0), 'environment/azk_step_deckbuild/main_count': np.float64(50.0), 'environment/deckbuild/main_unique': np.float64(36.98786919831223), 'environment/azk_step_deckbuild/main_unique': np.float64(36.98786919831223), 'environment/deckbuild/main_unique_share': np.float64(0.7397573839662446), 'environment/azk_step_deckbuild/main_unique_share': np.float64(0.7397573839662446), 'environment/deckbuild/main_avg_copies_per_unique': np.float64(1.3576851486019081), 'environment/azk_step_deckbuild/main_avg_copies_per_unique': np.float64(1.3576851486019081), 'environment/deckbuild/main_max_copy_count': np.float64(3.1703586497890295), 'environment/azk_step_deckbuild/main_max_copy_count': np.float64(3.1703586497890295), 'environment/deckbuild/main_copy_entropy': np.float64(3.525026004038248), 'environment/azk_step_deckbuild/main_copy_entropy': np.float64(3.525026004038248), 'environment/deckbuild/main_copy_entropy_norm': np.float64(0.9768231599621121), 'environment/azk_step_deckbuild/main_copy_entropy_norm': np.float64(0.9768231599621121), 'environment/deckbuild/main_singleton_count': np.float64(26.30010548523207), 'environment/azk_step_deckbuild/main_singleton_count': np.float64(26.30010548523207), 'environment/deckbuild/main_pair_count': np.float64(8.642932489451477), 'environment/azk_step_deckbuild/main_pair_count': np.float64(8.642932489451477), 'environment/deckbuild/main_triplet_count': np.float64(1.7652953586497893), 'environment/azk_step_deckbuild/main_triplet_count': np.float64(1.7652953586497893), 'environment/deckbuild/main_quad_count': np.float64(0.279535864978903), 'environment/azk_step_deckbuild/main_quad_count': np.float64(0.279535864978903), 'environment/deckbuild/main_singleton_slot_share': np.float64(0.5260021097046415), 'environment/azk_step_deckbuild/main_singleton_slot_share': np.float64(0.5260021097046415), 'environment/deckbuild/main_pair_slot_share': np.float64(0.3457172995780591), 'environment/azk_step_deckbuild/main_pair_slot_share': np.float64(0.3457172995780591), 'environment/deckbuild/main_triplet_slot_share': np.float64(0.10591772151898733), 'environment/azk_step_deckbuild/main_triplet_slot_share': np.float64(0.10591772151898733), 'environment/deckbuild/main_quad_slot_share': np.float64(0.022362869198312235), 'environment/azk_step_deckbuild/main_quad_slot_share': np.float64(0.022362869198312235), 'environment/deckbuild/main_normal_share': np.float64(0.589957805907173), 'environment/azk_step_deckbuild/main_normal_share': np.float64(0.589957805907173), 'environment/deckbuild/main_gate_element_share': np.float64(0.41004219409282705), 'environment/azk_step_deckbuild/main_gate_element_share': np.float64(0.41004219409282705), 'environment/deckbuild/gate_match': np.float64(0.4071729957805908), 'environment/azk_step_deckbuild/gate_match': np.float64(0.4071729957805908), 'environment/deckbuild/gate/EARTH': np.float64(0.2563291139240506), 'environment/azk_step_deckbuild/gate/EARTH': np.float64(0.2563291139240506), 'environment/deckbuild/opponent_gate/EARTH': np.float64(0.2563291139240506), 'environment/azk_step_deckbuild/opponent_gate/EARTH': np.float64(0.2563291139240506), 'environment/deckbuild/leader/EARTH': np.float64(0.2563291139240506), 'environment/azk_step_deckbuild/leader/EARTH': np.float64(0.2563291139240506), 'environment/deckbuild/gate/FIRE': np.float64(0.1671940928270042), 'environment/azk_step_deckbuild/gate/FIRE': np.float64(0.1671940928270042), 'environment/deckbuild/opponent_gate/FIRE': np.float64(0.1671940928270042), 'environment/azk_step_deckbuild/opponent_gate/FIRE': np.float64(0.1671940928270042), 'environment/deckbuild/leader/FIRE': np.float64(0.1671940928270042), 'environment/azk_step_deckbuild/leader/FIRE': np.float64(0.1671940928270042), 'environment/deckbuild/gate/LIGHTNING': np.float64(0.32383966244725737), 'environment/azk_step_deckbuild/gate/LIGHTNING': np.float64(0.32383966244725737), 'environment/deckbuild/opponent_gate/LIGHTNING': np.float64(0.32383966244725737), 'environment/azk_step_deckbuild/opponent_gate/LIGHTNING': np.float64(0.32383966244725737), 'environment/deckbuild/leader/LIGHTNING': np.float64(0.32383966244725737), 'environment/azk_step_deckbuild/leader/LIGHTNING': np.float64(0.32383966244725737), 'environment/deckbuild/gate/WATER': np.float64(0.2526371308016878), 'environment/azk_step_deckbuild/gate/WATER': np.float64(0.2526371308016878), 'environment/deckbuild/opponent_gate/WATER': np.float64(0.2526371308016878), 'environment/azk_step_deckbuild/opponent_gate/WATER': np.float64(0.2526371308016878), 'environment/deckbuild/leader/WATER': np.float64(0.2526371308016878), 'environment/azk_step_deckbuild/leader/WATER': np.float64(0.2526371308016878), 'environment/deckbuild/main_type_count/ENTITY': np.float64(36.21413502109704), 'environment/azk_step_deckbuild/main_type_count/ENTITY': np.float64(36.21413502109704), 'environment/deckbuild/main_type_share/ENTITY': np.float64(0.724282700421941), 'environment/azk_step_deckbuild/main_type_share/ENTITY': np.float64(0.724282700421941), 'environment/deckbuild/main_type_count/SPELL': np.float64(9.869198312236286), 'environment/azk_step_deckbuild/main_type_count/SPELL': np.float64(9.869198312236286), 'environment/deckbuild/main_type_share/SPELL': np.float64(0.19738396624472573), 'environment/azk_step_deckbuild/main_type_share/SPELL': np.float64(0.19738396624472573), 'environment/deckbuild/main_type_count/WEAPON': np.float64(3.916666666666666), 'environment/azk_step_deckbuild/main_type_count/WEAPON': np.float64(3.916666666666666), 'environment/deckbuild/main_type_share/WEAPON': np.float64(0.07833333333333334), 'environment/azk_step_deckbuild/main_type_share/WEAPON': np.float64(0.07833333333333334), 'environment/deckbuild/main_element_count/EARTH': np.float64(5.465189873417722), 'environment/azk_step_deckbuild/main_element_count/EARTH': np.float64(5.465189873417722), 'environment/deckbuild/main_element_share/EARTH': np.float64(0.10930379746835445), 'environment/azk_step_deckbuild/main_element_share/EARTH': np.float64(0.10930379746835445), 'environment/deckbuild/main_element_count/FIRE': np.float64(3.564345991561182), 'environment/azk_step_deckbuild/main_element_count/FIRE': np.float64(3.564345991561182), 'environment/deckbuild/main_element_share/FIRE': np.float64(0.07128691983122364), 'environment/azk_step_deckbuild/main_element_share/FIRE': np.float64(0.07128691983122364), 'environment/deckbuild/main_element_count/LIGHTNING': np.float64(6.237869198312236), 'environment/azk_step_deckbuild/main_element_count/LIGHTNING': np.float64(6.237869198312236), 'environment/deckbuild/main_element_share/LIGHTNING': np.float64(0.12475738396624472), 'environment/azk_step_deckbuild/main_element_share/LIGHTNING': np.float64(0.12475738396624472), 'environment/deckbuild/main_element_count/NORMAL': np.float64(29.49789029535865), 'environment/azk_step_deckbuild/main_element_count/NORMAL': np.float64(29.49789029535865), 'environment/deckbuild/main_element_share/NORMAL': np.float64(0.589957805907173), 'environment/azk_step_deckbuild/main_element_share/NORMAL': np.float64(0.589957805907173), 'environment/deckbuild/main_element_count/WATER': np.float64(5.23470464135021), 'environment/azk_step_deckbuild/main_element_count/WATER': np.float64(5.23470464135021), 'environment/deckbuild/main_element_share/WATER': np.float64(0.1046940928270042), 'environment/azk_step_deckbuild/main_element_share/WATER': np.float64(0.1046940928270042), 'environment/deckbuild/main_avg_cost': np.float64(2.963154008438819), 'environment/azk_step_deckbuild/main_avg_cost': np.float64(2.963154008438819), 'environment/deckbuild/main_cost_share/0_1': np.float64(0.2466350210970464), 'environment/azk_step_deckbuild/main_cost_share/0_1': np.float64(0.2466350210970464), 'environment/deckbuild/main_cost_share/2_3': np.float64(0.4080696202531645), 'environment/azk_step_deckbuild/main_cost_share/2_3': np.float64(0.4080696202531645), 'environment/deckbuild/main_cost_share/4_5': np.float64(0.2684282700421941), 'environment/azk_step_deckbuild/main_cost_share/4_5': np.float64(0.2684282700421941), 'environment/deckbuild/main_cost_share/6_plus': np.float64(0.07686708860759495), 'environment/azk_step_deckbuild/main_cost_share/6_plus': np.float64(0.07686708860759495), 'environment/deckbuild/leader_card/AZK01-121': np.float64(1.0), 'environment/azk_step_deckbuild/leader_card/AZK01-121': np.float64(1.0), 'environment/deckbuild_gatecard/AZK01-122/game': np.float64(1.0), 'environment/azk_step_deckbuild_gatecard/AZK01-122/game': np.float64(1.0), 'environment/deckbuild_gatecard/AZK01-122/avg_cost': np.float64(2.8325), 'environment/azk_step_deckbuild_gatecard/AZK01-122/avg_cost': np.float64(2.8325), 'environment/deckbuild_gatecard/AZK01-122/main_unique': np.float64(37.25), 'environment/azk_step_deckbuild_gatecard/AZK01-122/main_unique': np.float64(37.25), 'environment/deckbuild_gatecard/AZK01-122/copy_entropy_norm': np.float64(0.9786821344289834), 'environment/azk_step_deckbuild_gatecard/AZK01-122/copy_entropy_norm': np.float64(0.9786821344289834), 'environment/deckbuild_gatecard/AZK01-122/gate_element_share': np.float64(0.44375), 'environment/azk_step_deckbuild_gatecard/AZK01-122/gate_element_share': np.float64(0.44375), 'environment/deckbuild_gatecard/AZK01-122/type_share/ENTITY': np.float64(0.77125), 'environment/azk_step_deckbuild_gatecard/AZK01-122/type_share/ENTITY': np.float64(0.77125), 'environment/deckbuild_gatecard/AZK01-122/type_share/SPELL': np.float64(0.17375), 'environment/azk_step_deckbuild_gatecard/AZK01-122/type_share/SPELL': np.float64(0.17375), 'environment/deckbuild_gatecard/AZK01-122/type_share/WEAPON': np.float64(0.05500000000000001), 'environment/azk_step_deckbuild_gatecard/AZK01-122/type_share/WEAPON': np.float64(0.05500000000000001), 'environment/deckbuild_gatecard/AZK01-122/cost_share/0_1': np.float64(0.27375), 'environment/azk_step_deckbuild_gatecard/AZK01-122/cost_share/0_1': np.float64(0.27375), 'environment/deckbuild_gatecard/AZK01-122/cost_share/2_3': np.float64(0.39875), 'environment/azk_step_deckbuild_gatecard/AZK01-122/cost_share/2_3': np.float64(0.39875), 'environment/deckbuild_gatecard/AZK01-122/cost_share/4_5': np.float64(0.27), 'environment/azk_step_deckbuild_gatecard/AZK01-122/cost_share/4_5': np.float64(0.27), 'environment/deckbuild_gatecard/AZK01-122/cost_share/6_plus': np.float64(0.0575), 'environment/azk_step_deckbuild_gatecard/AZK01-122/cost_share/6_plus': np.float64(0.0575), 'environment/deckbuild_gatecard/AZK01-122/leader/AZK01-121': np.float64(1.0), 'environment/azk_step_deckbuild_gatecard/AZK01-122/leader/AZK01-121': np.float64(1.0), 'environment/deckbuild_result/game': np.float64(1.0), 'environment/deckbuild_result/win': np.float64(0.5), 'environment/deckbuild_result/gate_match': np.float64(0.4071729957805908), 'environment/deckbuild_result/gate_match_win_joint': np.float64(0.2035864978902954), 'environment/deckbuild_result/gate_mismatch': np.float64(0.5928270042194093), 'environment/deckbuild_result/gate_mismatch_win_joint': np.float64(0.29641350210970463), 'environment/deckbuild_result/gate/FIRE/game': np.float64(1.0), 'environment/deckbuild_result/gate/FIRE/win': np.float64(0.3333333333333333), 'environment/deckbuild_result/gate_pair/FIRE_vs_WATER/game': np.float64(1.0), 'environment/deckbuild_result/gate_pair/FIRE_vs_WATER/win': np.float64(0.4), 'environment/deckbuild_result/gate_pair_unordered/FIRE_vs_WATER/game': np.float64(1.0), 'environment/deckbuild_result/gate_pair_unordered/FIRE_vs_WATER/win': np.float64(0.5), 'environment/deckbuild_result/gate_mismatch/game': np.float64(1.0), 'environment/deckbuild_result/gate_mismatch/win': np.float64(0.5), 'environment/deckbuild_result/gate_freq/EARTH': np.float64(0.2563291139240506), 'environment/deckbuild_result/gate_win_joint/EARTH': np.float64(0.16139240506329114), 'environment/deckbuild_result/gate_freq/FIRE': np.float64(0.1671940928270042), 'environment/deckbuild_result/gate_win_joint/FIRE': np.float64(0.06645569620253164), 'environment/deckbuild_result/gate_freq/LIGHTNING': np.float64(0.32383966244725737), 'environment/deckbuild_result/gate_win_joint/LIGHTNING': np.float64(0.16561181434599156), 'environment/deckbuild_result/gate_freq/WATER': np.float64(0.2526371308016878), 'environment/deckbuild_result/gate_win_joint/WATER': np.float64(0.10654008438818567), 'environment/deckbuild_result/gate_pair_freq/EARTH_vs_EARTH': np.float64(0.10759493670886076), 'environment/deckbuild_result/gate_pair_win_joint/EARTH_vs_EARTH': np.float64(0.05379746835443038), 'environment/deckbuild_result/gate_pair_freq/EARTH_vs_FIRE': np.float64(0.04324894514767933), 'environment/deckbuild_result/gate_pair_win_joint/EARTH_vs_FIRE': np.float64(0.024261603375527425), 'environment/deckbuild_result/gate_pair_freq/EARTH_vs_LIGHTNING': np.float64(0.06434599156118143), 'environment/deckbuild_result/gate_pair_win_joint/EARTH_vs_LIGHTNING': np.float64(0.04852320675105485), 'environment/deckbuild_result/gate_pair_freq/EARTH_vs_WATER': np.float64(0.04113924050632911), 'environment/deckbuild_result/gate_pair_win_joint/EARTH_vs_WATER': np.float64(0.03481012658227848), 'environment/deckbuild_result/gate_pair_freq/FIRE_vs_EARTH': np.float64(0.04324894514767933), 'environment/deckbuild_result/gate_pair_win_joint/FIRE_vs_EARTH': np.float64(0.0189873417721519), 'environment/deckbuild_result/gate_pair_freq/FIRE_vs_FIRE': np.float64(0.04430379746835443), 'environment/deckbuild_result/gate_pair_win_joint/FIRE_vs_FIRE': np.float64(0.022151898734177215), 'environment/deckbuild_result/gate_pair_freq/FIRE_vs_LIGHTNING': np.float64(0.029008438818565404), 'environment/deckbuild_result/gate_pair_win_joint/FIRE_vs_LIGHTNING': np.float64(0.0), 'environment/deckbuild_result/gate_pair_freq/FIRE_vs_WATER': np.float64(0.05063291139240506), 'environment/deckbuild_result/gate_pair_win_joint/FIRE_vs_WATER': np.float64(0.02531645569620253), 'environment/deckbuild_result/gate_pair_freq/LIGHTNING_vs_EARTH': np.float64(0.06434599156118143), 'environment/deckbuild_result/gate_pair_win_joint/LIGHTNING_vs_EARTH': np.float64(0.015822784810126583), 'environment/deckbuild_result/gate_pair_freq/LIGHTNING_vs_FIRE': np.float64(0.029008438818565404), 'environment/deckbuild_result/gate_pair_win_joint/LIGHTNING_vs_FIRE': np.float64(0.029008438818565404), 'environment/deckbuild_result/gate_pair_freq/LIGHTNING_vs_LIGHTNING': np.float64(0.16244725738396623), 'environment/deckbuild_result/gate_pair_win_joint/LIGHTNING_vs_LIGHTNING': np.float64(0.08122362869198312), 'environment/deckbuild_result/gate_pair_freq/LIGHTNING_vs_WATER': np.float64(0.0680379746835443), 'environment/deckbuild_result/gate_pair_win_joint/LIGHTNING_vs_WATER': np.float64(0.03955696202531646), 'environment/deckbuild_result/gate_pair_freq/WATER_vs_EARTH': np.float64(0.04113924050632911), 'environment/deckbuild_result/gate_pair_win_joint/WATER_vs_EARTH': np.float64(0.006329113924050633), 'environment/deckbuild_result/gate_pair_freq/WATER_vs_FIRE': np.float64(0.05063291139240506), 'environment/deckbuild_result/gate_pair_win_joint/WATER_vs_FIRE': np.float64(0.02531645569620253), 'environment/deckbuild_result/gate_pair_freq/WATER_vs_LIGHTNING': np.float64(0.0680379746835443), 'environment/deckbuild_result/gate_pair_win_joint/WATER_vs_LIGHTNING': np.float64(0.028481012658227847), 'environment/deckbuild_result/gate_pair_freq/WATER_vs_WATER': np.float64(0.09282700421940927), 'environment/deckbuild_result/gate_pair_win_joint/WATER_vs_WATER': np.float64(0.04641350210970464), 'environment/deckbuild_result/gate_pair_unordered_freq/EARTH_vs_EARTH': np.float64(0.10759493670886076), 'environment/deckbuild_result/gate_pair_unordered_win_joint/EARTH_vs_EARTH': np.float64(0.05379746835443038), 'environment/deckbuild_result/gate_pair_unordered_freq/EARTH_vs_FIRE': np.float64(0.08649789029535866), 'environment/deckbuild_result/gate_pair_unordered_win_joint/EARTH_vs_FIRE': np.float64(0.04324894514767933), 'environment/deckbuild_result/gate_pair_unordered_freq/EARTH_vs_LIGHTNING': np.float64(0.12869198312236285), 'environment/deckbuild_result/gate_pair_unordered_win_joint/EARTH_vs_LIGHTNING': np.float64(0.06434599156118143), 'environment/deckbuild_result/gate_pair_unordered_freq/EARTH_vs_WATER': np.float64(0.08227848101265822), 'environment/deckbuild_result/gate_pair_unordered_win_joint/EARTH_vs_WATER': np.float64(0.04113924050632911), 'environment/deckbuild_result/gate_pair_unordered_freq/FIRE_vs_FIRE': np.float64(0.04430379746835443), 'environment/deckbuild_result/gate_pair_unordered_win_joint/FIRE_vs_FIRE': np.float64(0.022151898734177215), 'environment/deckbuild_result/gate_pair_unordered_freq/FIRE_vs_LIGHTNING': np.float64(0.05801687763713081), 'environment/deckbuild_result/gate_pair_unordered_win_joint/FIRE_vs_LIGHTNING': np.float64(0.029008438818565404), 'environment/deckbuild_result/gate_pair_unordered_freq/FIRE_vs_WATER': np.float64(0.10126582278481013), 'environment/deckbuild_result/gate_pair_unordered_win_joint/FIRE_vs_WATER': np.float64(0.05063291139240506), 'environment/deckbuild_result/gate_pair_unordered_freq/LIGHTNING_vs_LIGHTNING': np.float64(0.16244725738396623), 'environment/deckbuild_result/gate_pair_unordered_win_joint/LIGHTNING_vs_LIGHTNING': np.float64(0.08122362869198312), 'environment/deckbuild_result/gate_pair_unordered_freq/LIGHTNING_vs_WATER': np.float64(0.1360759493670886), 'environment/deckbuild_result/gate_pair_unordered_win_joint/LIGHTNING_vs_WATER': np.float64(0.0680379746835443), 'environment/deckbuild_result/gate_pair_unordered_freq/WATER_vs_WATER': np.float64(0.09282700421940927), 'environment/deckbuild_result/gate_pair_unordered_win_joint/WATER_vs_WATER': np.float64(0.04641350210970464), 'environment/deckbuild_result/gatecard/AZK01-122/game': np.float64(1.0), 'environment/deckbuild_result/gatecard/AZK01-122/win': np.float64(0.4375), 'environment/deckbuild_result/gatecard/AZK01-122/attack_rate': np.float64(0.20625906717032194), 'environment/deckbuild_result/gatecard/AZK01-122/spell_rate': np.float64(0.031264687539078295), 'environment/deckbuild_result/gatecard/AZK01-122/weapon_rate': np.float64(0.008838994312100112), 'environment/deckbuild_result/gatecard/AZK01-122/portal_rate': np.float64(0.08993415487930179), 'environment/deckbuild_result/gatecard/AZK01-122/play_entity_rate': np.float64(0.3092173719778657), 'environment/deckbuild_result/gatecard/AZK01-122/noop_rate': np.float64(0.1893365327268839), 'environment/deckbuild_result/gatecard/AZK01-122/episode_length': np.float64(129.3125), 'environment/deckbuild_result/gatecard/AZK01-122/leader_health': np.float64(0.140625), 'environment/deckbuild_result/gatecard/AZK01-122/ability_rate': np.float64(0.07073979522101581), 'environment/deckbuild/leader_card/AZK01-125': np.float64(1.0), 'environment/azk_step_deckbuild/leader_card/AZK01-125': np.float64(1.0), 'environment/deckbuild_gatecard/STT02-002/game': np.float64(1.0), 'environment/azk_step_deckbuild_gatecard/STT02-002/game': np.float64(1.0), 'environment/deckbuild_gatecard/STT02-002/avg_cost': np.float64(2.9573563218390806), 'environment/azk_step_deckbuild_gatecard/STT02-002/avg_cost': np.float64(2.9573563218390806), 'environment/deckbuild_gatecard/STT02-002/main_unique': np.float64(37.224137931034484), 'environment/azk_step_deckbuild_gatecard/STT02-002/main_unique': np.float64(37.224137931034484), 'environment/deckbuild_gatecard/STT02-002/copy_entropy_norm': np.float64(0.9771166700607287), 'environment/azk_step_deckbuild_gatecard/STT02-002/copy_entropy_norm': np.float64(0.9771166700607287), 'environment/deckbuild_gatecard/STT02-002/gate_element_share': np.float64(0.4060919540229884), 'environment/azk_step_deckbuild_gatecard/STT02-002/gate_element_share': np.float64(0.4060919540229884), 'environment/deckbuild_gatecard/STT02-002/type_share/ENTITY': np.float64(0.7258620689655172), 'environment/azk_step_deckbuild_gatecard/STT02-002/type_share/ENTITY': np.float64(0.7258620689655172), 'environment/deckbuild_gatecard/STT02-002/type_share/SPELL': np.float64(0.2331034482758621), 'environment/azk_step_deckbuild_gatecard/STT02-002/type_share/SPELL': np.float64(0.2331034482758621), 'environment/deckbuild_gatecard/STT02-002/type_share/WEAPON': np.float64(0.0410344827586207), 'environment/azk_step_deckbuild_gatecard/STT02-002/type_share/WEAPON': np.float64(0.0410344827586207), 'environment/deckbuild_gatecard/STT02-002/cost_share/0_1': np.float64(0.25103448275862067), 'environment/azk_step_deckbuild_gatecard/STT02-002/cost_share/0_1': np.float64(0.25103448275862067), 'environment/deckbuild_gatecard/STT02-002/cost_share/2_3': np.float64(0.42241379310344834), 'environment/azk_step_deckbuild_gatecard/STT02-002/cost_share/2_3': np.float64(0.42241379310344834), 'environment/deckbuild_gatecard/STT02-002/cost_share/4_5': np.float64(0.22551724137931034), 'environment/azk_step_deckbuild_gatecard/STT02-002/cost_share/4_5': np.float64(0.22551724137931034), 'environment/deckbuild_gatecard/STT02-002/cost_share/6_plus': np.float64(0.10103448275862072), 'environment/azk_step_deckbuild_gatecard/STT02-002/cost_share/6_plus': np.float64(0.10103448275862072), 'environment/deckbuild_gatecard/STT02-002/leader/AZK01-125': np.float64(1.0), 'environment/azk_step_deckbuild_gatecard/STT02-002/leader/AZK01-125': np.float64(1.0), 'environment/deckbuild_result/gate/WATER/game': np.float64(1.0), 'environment/deckbuild_result/gate/WATER/win': np.float64(0.43423423423423435), 'environment/deckbuild_result/gate_pair/WATER_vs_FIRE/game': np.float64(1.0), 'environment/deckbuild_result/gate_pair/WATER_vs_FIRE/win': np.float64(0.6), 'environment/deckbuild_result/gatecard/STT02-002/game': np.float64(1.0), 'environment/deckbuild_result/gatecard/STT02-002/win': np.float64(0.48850574712643674), 'environment/deckbuild_result/gatecard/STT02-002/attack_rate': np.float64(0.18988538156638202), 'environment/deckbuild_result/gatecard/STT02-002/spell_rate': np.float64(0.039901512027343454), 'environment/deckbuild_result/gatecard/STT02-002/weapon_rate': np.float64(0.009778955260869759), 'environment/deckbuild_result/gatecard/STT02-002/portal_rate': np.float64(0.09305892743427178), 'environment/deckbuild_result/gatecard/STT02-002/play_entity_rate': np.float64(0.3361842193822751), 'environment/deckbuild_result/gatecard/STT02-002/noop_rate': np.float64(0.21684360315744902), 'environment/deckbuild_result/gatecard/STT02-002/episode_length': np.float64(128.93103448275863), 'environment/deckbuild_result/gatecard/STT02-002/leader_health': np.float64(0.2439655166590351), 'environment/deckbuild_result/gatecard/STT02-002/ability_rate': np.float64(0.04605717330250418), 'environment/ref_seat_rate': np.float64(0.0), 'environment/deckbuild/leader_card/AZK01-119': np.float64(1.0), 'environment/azk_step_deckbuild/leader_card/AZK01-119': np.float64(1.0), 'environment/deckbuild_gatecard/AZK01-120/game': np.float64(1.0), 'environment/azk_step_deckbuild_gatecard/AZK01-120/game': np.float64(1.0), 'environment/deckbuild_gatecard/AZK01-120/avg_cost': np.float64(2.831481481481481), 'environment/azk_step_deckbuild_gatecard/AZK01-120/avg_cost': np.float64(2.831481481481481), 'environment/deckbuild_gatecard/AZK01-120/main_unique': np.float64(36.7037037037037), 'environment/azk_step_deckbuild_gatecard/AZK01-120/main_unique': np.float64(36.7037037037037), 'environment/deckbuild_gatecard/AZK01-120/copy_entropy_norm': np.float64(0.9758443229177297), 'environment/azk_step_deckbuild_gatecard/AZK01-120/copy_entropy_norm': np.float64(0.9758443229177297), 'environment/deckbuild_gatecard/AZK01-120/gate_element_share': np.float64(0.38999999999999996), 'environment/azk_step_deckbuild_gatecard/AZK01-120/gate_element_share': np.float64(0.38999999999999996), 'environment/deckbuild_gatecard/AZK01-120/type_share/ENTITY': np.float64(0.6818518518518518), 'environment/azk_step_deckbuild_gatecard/AZK01-120/type_share/ENTITY': np.float64(0.6818518518518518), 'environment/deckbuild_gatecard/AZK01-120/type_share/SPELL': np.float64(0.18074074074074073), 'environment/azk_step_deckbuild_gatecard/AZK01-120/type_share/SPELL': np.float64(0.18074074074074073), 'environment/deckbuild_gatecard/AZK01-120/type_share/WEAPON': np.float64(0.13740740740740742), 'environment/azk_step_deckbuild_gatecard/AZK01-120/type_share/WEAPON': np.float64(0.13740740740740742), 'environment/deckbuild_gatecard/AZK01-120/cost_share/0_1': np.float64(0.2351851851851852), 'environment/azk_step_deckbuild_gatecard/AZK01-120/cost_share/0_1': np.float64(0.2351851851851852), 'environment/deckbuild_gatecard/AZK01-120/cost_share/2_3': np.float64(0.42777777777777776), 'environment/azk_step_deckbuild_gatecard/AZK01-120/cost_share/2_3': np.float64(0.42777777777777776), 'environment/deckbuild_gatecard/AZK01-120/cost_share/4_5': np.float64(0.3040740740740741), 'environment/azk_step_deckbuild_gatecard/AZK01-120/cost_share/4_5': np.float64(0.3040740740740741), 'environment/deckbuild_gatecard/AZK01-120/cost_share/6_plus': np.float64(0.032962962962962965), 'environment/azk_step_deckbuild_gatecard/AZK01-120/cost_share/6_plus': np.float64(0.032962962962962965), 'environment/deckbuild_gatecard/AZK01-120/leader/AZK01-119': np.float64(1.0), 'environment/azk_step_deckbuild_gatecard/AZK01-120/leader/AZK01-119': np.float64(1.0), 'environment/deckbuild_result/gate/LIGHTNING/game': np.float64(1.0), 'environment/deckbuild_result/gate/LIGHTNING/win': np.float64(0.5445736434108527), 'environment/deckbuild_result/gate_pair/LIGHTNING_vs_LIGHTNING/game': np.float64(1.0), 'environment/deckbuild_result/gate_pair/LIGHTNING_vs_LIGHTNING/win': np.float64(0.5), 'environment/deckbuild_result/gate_pair_unordered/LIGHTNING_vs_LIGHTNING/game': np.float64(1.0), 'environment/deckbuild_result/gate_pair_unordered/LIGHTNING_vs_LIGHTNING/win': np.float64(0.5), 'environment/deckbuild_result/gate_match/game': np.float64(1.0), 'environment/deckbuild_result/gate_match/win': np.float64(0.5), 'environment/deckbuild_result/gatecard/AZK01-120/game': np.float64(1.0), 'environment/deckbuild_result/gatecard/AZK01-120/win': np.float64(0.3888888888888889), 'environment/deckbuild_result/gatecard/AZK01-120/attack_rate': np.float64(0.23508863620184087), 'environment/deckbuild_result/gatecard/AZK01-120/spell_rate': np.float64(0.03386277505369098), 'environment/deckbuild_result/gatecard/AZK01-120/weapon_rate': np.float64(0.04146713363351645), 'environment/deckbuild_result/gatecard/AZK01-120/portal_rate': np.float64(0.10180039607264378), 'environment/deckbuild_result/gatecard/AZK01-120/play_entity_rate': np.float64(0.36926166658048276), 'environment/deckbuild_result/gatecard/AZK01-120/noop_rate': np.float64(0.22395627145414), 'environment/deckbuild_result/gatecard/AZK01-120/episode_length': np.float64(128.5185185185185), 'environment/deckbuild_result/gatecard/AZK01-120/leader_health': np.float64(0.15277777667398806), 'environment/deckbuild_result/gatecard/AZK01-120/ability_rate': np.float64(0.012427865217129389), 'environment/deckbuild/leader_card/STT01-001': np.float64(1.0), 'environment/azk_step_deckbuild/leader_card/STT01-001': np.float64(1.0), 'environment/deckbuild_gatecard/STT01-002/game': np.float64(1.0), 'environment/azk_step_deckbuild_gatecard/STT01-002/game': np.float64(1.0), 'environment/deckbuild_gatecard/STT01-002/avg_cost': np.float64(2.788571428571428), 'environment/azk_step_deckbuild_gatecard/STT01-002/avg_cost': np.float64(2.788571428571428), 'environment/deckbuild_gatecard/STT01-002/main_unique': np.float64(36.535714285714285), 'environment/azk_step_deckbuild_gatecard/STT01-002/main_unique': np.float64(36.535714285714285), 'environment/deckbuild_gatecard/STT01-002/copy_entropy_norm': np.float64(0.9756556495125868), 'environment/azk_step_deckbuild_gatecard/STT01-002/copy_entropy_norm': np.float64(0.9756556495125868), 'environment/deckbuild_gatecard/STT01-002/gate_element_share': np.float64(0.37964285714285717), 'environment/azk_step_deckbuild_gatecard/STT01-002/gate_element_share': np.float64(0.37964285714285717), 'environment/deckbuild_gatecard/STT01-002/type_share/ENTITY': np.float64(0.7057142857142857), 'environment/azk_step_deckbuild_gatecard/STT01-002/type_share/ENTITY': np.float64(0.7057142857142857), 'environment/deckbuild_gatecard/STT01-002/type_share/SPELL': np.float64(0.16142857142857142), 'environment/azk_step_deckbuild_gatecard/STT01-002/type_share/SPELL': np.float64(0.16142857142857142), 'environment/deckbuild_gatecard/STT01-002/type_share/WEAPON': np.float64(0.13285714285714287), 'environment/azk_step_deckbuild_gatecard/STT01-002/type_share/WEAPON': np.float64(0.13285714285714287), 'environment/deckbuild_gatecard/STT01-002/cost_share/0_1': np.float64(0.25857142857142856), 'environment/azk_step_deckbuild_gatecard/STT01-002/cost_share/0_1': np.float64(0.25857142857142856), 'environment/deckbuild_gatecard/STT01-002/cost_share/2_3': np.float64(0.4242857142857143), 'environment/azk_step_deckbuild_gatecard/STT01-002/cost_share/2_3': np.float64(0.4242857142857143), 'environment/deckbuild_gatecard/STT01-002/cost_share/4_5': np.float64(0.28321428571428575), 'environment/azk_step_deckbuild_gatecard/STT01-002/cost_share/4_5': np.float64(0.28321428571428575), 'environment/deckbuild_gatecard/STT01-002/cost_share/6_plus': np.float64(0.03392857142857143), 'environment/azk_step_deckbuild_gatecard/STT01-002/cost_share/6_plus': np.float64(0.03392857142857143), 'environment/deckbuild_gatecard/STT01-002/leader/STT01-001': np.float64(1.0), 'environment/azk_step_deckbuild_gatecard/STT01-002/leader/STT01-001': np.float64(1.0), 'environment/deckbuild_result/gatecard/STT01-002/game': np.float64(1.0), 'environment/deckbuild_result/gatecard/STT01-002/win': np.float64(0.6428571428571429), 'environment/deckbuild_result/gatecard/STT01-002/attack_rate': np.float64(0.2262067696345704), 'environment/deckbuild_result/gatecard/STT01-002/spell_rate': np.float64(0.03492961872169482), 'environment/deckbuild_result/gatecard/STT01-002/weapon_rate': np.float64(0.03324054953243051), 'environment/deckbuild_result/gatecard/STT01-002/portal_rate': np.float64(0.09430855938366481), 'environment/deckbuild_result/gatecard/STT01-002/play_entity_rate': np.float64(0.3572514163596289), 'environment/deckbuild_result/gatecard/STT01-002/noop_rate': np.float64(0.22094034616436278), 'environment/deckbuild_result/gatecard/STT01-002/episode_length': np.float64(128.64285714285714), 'environment/deckbuild_result/gatecard/STT01-002/leader_health': np.float64(0.24285714514553547), 'environment/deckbuild_result/gatecard/STT01-002/ability_rate': np.float64(0.014278093003667891), 'environment/deckbuild_result/gate_pair/WATER_vs_WATER/game': np.float64(1.0), 'environment/deckbuild_result/gate_pair/WATER_vs_WATER/win': np.float64(0.5), 'environment/deckbuild_result/gate_pair_unordered/WATER_vs_WATER/game': np.float64(1.0), 'environment/deckbuild_result/gate_pair_unordered/WATER_vs_WATER/win': np.float64(0.5), 'environment/deckbuild/leader_card/STT02-001': np.float64(1.0), 'environment/azk_step_deckbuild/leader_card/STT02-001': np.float64(1.0), 'environment/deckbuild_gatecard/STT02-002/leader/STT02-001': np.float64(1.0), 'environment/azk_step_deckbuild_gatecard/STT02-002/leader/STT02-001': np.float64(1.0), 'environment/deckbuild/leader_card/STT04-001': np.float64(1.0), 'environment/azk_step_deckbuild/leader_card/STT04-001': np.float64(1.0), 'environment/deckbuild_gatecard/STT04-002/game': np.float64(1.0), 'environment/azk_step_deckbuild_gatecard/STT04-002/game': np.float64(1.0), 'environment/deckbuild_gatecard/STT04-002/avg_cost': np.float64(2.870625), 'environment/azk_step_deckbuild_gatecard/STT04-002/avg_cost': np.float64(2.870625), 'environment/deckbuild_gatecard/STT04-002/main_unique': np.float64(37.1875), 'environment/azk_step_deckbuild_gatecard/STT04-002/main_unique': np.float64(37.1875), 'environment/deckbuild_gatecard/STT04-002/copy_entropy_norm': np.float64(0.976315458337498), 'environment/azk_step_deckbuild_gatecard/STT04-002/copy_entropy_norm': np.float64(0.976315458337498), 'environment/deckbuild_gatecard/STT04-002/gate_element_share': np.float64(0.408125), 'environment/azk_step_deckbuild_gatecard/STT04-002/gate_element_share': np.float64(0.408125), 'environment/deckbuild_gatecard/STT04-002/type_share/ENTITY': np.float64(0.76), 'environment/azk_step_deckbuild_gatecard/STT04-002/type_share/ENTITY': np.float64(0.76), 'environment/deckbuild_gatecard/STT04-002/type_share/SPELL': np.float64(0.17375000000000002), 'environment/azk_step_deckbuild_gatecard/STT04-002/type_share/SPELL': np.float64(0.17375000000000002), 'environment/deckbuild_gatecard/STT04-002/type_share/WEAPON': np.float64(0.06625), 'environment/azk_step_deckbuild_gatecard/STT04-002/type_share/WEAPON': np.float64(0.06625), 'environment/deckbuild_gatecard/STT04-002/cost_share/0_1': np.float64(0.26125), 'environment/azk_step_deckbuild_gatecard/STT04-002/cost_share/0_1': np.float64(0.26125), 'environment/deckbuild_gatecard/STT04-002/cost_share/2_3': np.float64(0.426875), 'environment/azk_step_deckbuild_gatecard/STT04-002/cost_share/2_3': np.float64(0.426875), 'environment/deckbuild_gatecard/STT04-002/cost_share/4_5': np.float64(0.2375), 'environment/azk_step_deckbuild_gatecard/STT04-002/cost_share/4_5': np.float64(0.2375), 'environment/deckbuild_gatecard/STT04-002/cost_share/6_plus': np.float64(0.074375), 'environment/azk_step_deckbuild_gatecard/STT04-002/cost_share/6_plus': np.float64(0.074375), 'environment/deckbuild_gatecard/STT04-002/leader/STT04-001': np.float64(1.0), 'environment/azk_step_deckbuild_gatecard/STT04-002/leader/STT04-001': np.float64(1.0), 'environment/deckbuild_result/gate_pair/FIRE_vs_EARTH/game': np.float64(1.0), 'environment/deckbuild_result/gate_pair/FIRE_vs_EARTH/win': np.float64(0.375), 'environment/deckbuild_result/gate_pair_unordered/EARTH_vs_FIRE/game': np.float64(1.0), 'environment/deckbuild_result/gate_pair_unordered/EARTH_vs_FIRE/win': np.float64(0.5), 'environment/deckbuild_result/gatecard/STT04-002/game': np.float64(1.0), 'environment/deckbuild_result/gatecard/STT04-002/win': np.float64(0.21875), 'environment/deckbuild_result/gatecard/STT04-002/attack_rate': np.float64(0.1847040979191661), 'environment/deckbuild_result/gatecard/STT04-002/spell_rate': np.float64(0.02187185059301555), 'environment/deckbuild_result/gatecard/STT04-002/weapon_rate': np.float64(0.021289156400598586), 'environment/deckbuild_result/gatecard/STT04-002/portal_rate': np.float64(0.0973779798951), 'environment/deckbuild_result/gatecard/STT04-002/play_entity_rate': np.float64(0.3362950636073947), 'environment/deckbuild_result/gatecard/STT04-002/noop_rate': np.float64(0.1935528484173119), 'environment/deckbuild_result/gatecard/STT04-002/episode_length': np.float64(129.75), 'environment/deckbuild_result/gatecard/STT04-002/leader_health': np.float64(0.050000001676380634), 'environment/deckbuild_result/gatecard/STT04-002/ability_rate': np.float64(0.058092607534490526), 'environment/deckbuild/leader_card/STT03-001': np.float64(1.0), 'environment/azk_step_deckbuild/leader_card/STT03-001': np.float64(1.0), 'environment/deckbuild_gatecard/STT03-002/game': np.float64(1.0), 'environment/azk_step_deckbuild_gatecard/STT03-002/game': np.float64(1.0), 'environment/deckbuild_gatecard/STT03-002/avg_cost': np.float64(3.266666666666666), 'environment/azk_step_deckbuild_gatecard/STT03-002/avg_cost': np.float64(3.266666666666666), 'environment/deckbuild_gatecard/STT03-002/main_unique': np.float64(37.5), 'environment/azk_step_deckbuild_gatecard/STT03-002/main_unique': np.float64(37.5), 'environment/deckbuild_gatecard/STT03-002/copy_entropy_norm': np.float64(0.9784482964655397), 'environment/azk_step_deckbuild_gatecard/STT03-002/copy_entropy_norm': np.float64(0.9784482964655397), 'environment/deckbuild_gatecard/STT03-002/gate_element_share': np.float64(0.41518518518518516), 'environment/azk_step_deckbuild_gatecard/STT03-002/gate_element_share': np.float64(0.41518518518518516), 'environment/deckbuild_gatecard/STT03-002/type_share/ENTITY': np.float64(0.7396296296296297), 'environment/azk_step_deckbuild_gatecard/STT03-002/type_share/ENTITY': np.float64(0.7396296296296297), 'environment/deckbuild_gatecard/STT03-002/type_share/SPELL': np.float64(0.20555555555555555), 'environment/azk_step_deckbuild_gatecard/STT03-002/type_share/SPELL': np.float64(0.20555555555555555), 'environment/deckbuild_gatecard/STT03-002/type_share/WEAPON': np.float64(0.054814814814814816), 'environment/azk_step_deckbuild_gatecard/STT03-002/type_share/WEAPON': np.float64(0.054814814814814816), 'environment/deckbuild_gatecard/STT03-002/cost_share/0_1': np.float64(0.22037037037037036), 'environment/azk_step_deckbuild_gatecard/STT03-002/cost_share/0_1': np.float64(0.22037037037037036), 'environment/deckbuild_gatecard/STT03-002/cost_share/2_3': np.float64(0.3570370370370371), 'environment/azk_step_deckbuild_gatecard/STT03-002/cost_share/2_3': np.float64(0.3570370370370371), 'environment/deckbuild_gatecard/STT03-002/cost_share/4_5': np.float64(0.31444444444444447), 'environment/azk_step_deckbuild_gatecard/STT03-002/cost_share/4_5': np.float64(0.31444444444444447), 'environment/deckbuild_gatecard/STT03-002/cost_share/6_plus': np.float64(0.10814814814814816), 'environment/azk_step_deckbuild_gatecard/STT03-002/cost_share/6_plus': np.float64(0.10814814814814816), 'environment/deckbuild_gatecard/STT03-002/leader/STT03-001': np.float64(1.0), 'environment/azk_step_deckbuild_gatecard/STT03-002/leader/STT03-001': np.float64(1.0), 'environment/deckbuild_result/gate/EARTH/game': np.float64(1.0), 'environment/deckbuild_result/gate/EARTH/win': np.float64(0.6756756756756757), 'environment/deckbuild_result/gate_pair/EARTH_vs_FIRE/game': np.float64(1.0), 'environment/deckbuild_result/gate_pair/EARTH_vs_FIRE/win': np.float64(0.625), 'environment/deckbuild_result/gatecard/STT03-002/game': np.float64(1.0), 'environment/deckbuild_result/gatecard/STT03-002/win': np.float64(0.7962962962962963), 'environment/deckbuild_result/gatecard/STT03-002/attack_rate': np.float64(0.18736063302667053), 'environment/deckbuild_result/gatecard/STT03-002/spell_rate': np.float64(0.038017633440041984), 'environment/deckbuild_result/gatecard/STT03-002/weapon_rate': np.float64(0.010981709454898481), 'environment/deckbuild_result/gatecard/STT03-002/portal_rate': np.float64(0.09656450152397156), 'environment/deckbuild_result/gatecard/STT03-002/play_entity_rate': np.float64(0.3235388105666196), 'environment/deckbuild_result/gatecard/STT03-002/noop_rate': np.float64(0.22323966854148442), 'environment/deckbuild_result/gatecard/STT03-002/episode_length': np.float64(130.44444444444446), 'environment/deckbuild_result/gatecard/STT03-002/leader_health': np.float64(0.4740740747915374), 'environment/deckbuild_result/gatecard/STT03-002/ability_rate': np.float64(0.0636298946208424), 'environment/deckbuild_gatecard/STT01-002/leader/AZK01-119': np.float64(1.0), 'environment/azk_step_deckbuild_gatecard/STT01-002/leader/AZK01-119': np.float64(1.0), 'environment/deckbuild_result/gate_pair/LIGHTNING_vs_FIRE/game': np.float64(1.0), 'environment/deckbuild_result/gate_pair/LIGHTNING_vs_FIRE/win': np.float64(1.0), 'environment/deckbuild_result/gate_pair_unordered/FIRE_vs_LIGHTNING/game': np.float64(1.0), 'environment/deckbuild_result/gate_pair_unordered/FIRE_vs_LIGHTNING/win': np.float64(0.5), 'environment/deckbuild_gatecard/AZK01-122/leader/STT04-001': np.float64(1.0), 'environment/azk_step_deckbuild_gatecard/AZK01-122/leader/STT04-001': np.float64(1.0), 'environment/deckbuild_result/gate_pair/FIRE_vs_LIGHTNING/game': np.float64(1.0), 'environment/deckbuild_result/gate_pair/FIRE_vs_LIGHTNING/win': np.float64(0.0), 'environment/deckbuild/leader_card/AZK01-123': np.float64(1.0), 'environment/azk_step_deckbuild/leader_card/AZK01-123': np.float64(1.0), 'environment/deckbuild_gatecard/AZK01-124/game': np.float64(1.0), 'environment/azk_step_deckbuild_gatecard/AZK01-124/game': np.float64(1.0), 'environment/deckbuild_gatecard/AZK01-124/avg_cost': np.float64(3.257), 'environment/azk_step_deckbuild_gatecard/AZK01-124/avg_cost': np.float64(3.257), 'environment/deckbuild_gatecard/AZK01-124/main_unique': np.float64(36.75), 'environment/azk_step_deckbuild_gatecard/AZK01-124/main_unique': np.float64(36.75), 'environment/deckbuild_gatecard/AZK01-124/copy_entropy_norm': np.float64(0.9763636254395228), 'environment/azk_step_deckbuild_gatecard/AZK01-124/copy_entropy_norm': np.float64(0.9763636254395228), 'environment/deckbuild_gatecard/AZK01-124/gate_element_share': np.float64(0.42700000000000005), 'environment/azk_step_deckbuild_gatecard/AZK01-124/gate_element_share': np.float64(0.42700000000000005), 'environment/deckbuild_gatecard/AZK01-124/type_share/ENTITY': np.float64(0.7590000000000001), 'environment/azk_step_deckbuild_gatecard/AZK01-124/type_share/ENTITY': np.float64(0.7590000000000001), 'environment/deckbuild_gatecard/AZK01-124/type_share/SPELL': np.float64(0.19600000000000004), 'environment/azk_step_deckbuild_gatecard/AZK01-124/type_share/SPELL': np.float64(0.19600000000000004), 'environment/deckbuild_gatecard/AZK01-124/type_share/WEAPON': np.float64(0.045), 'environment/azk_step_deckbuild_gatecard/AZK01-124/type_share/WEAPON': np.float64(0.045), 'environment/deckbuild_gatecard/AZK01-124/cost_share/0_1': np.float64(0.233), 'environment/azk_step_deckbuild_gatecard/AZK01-124/cost_share/0_1': np.float64(0.233), 'environment/deckbuild_gatecard/AZK01-124/cost_share/2_3': np.float64(0.37200000000000005), 'environment/azk_step_deckbuild_gatecard/AZK01-124/cost_share/2_3': np.float64(0.37200000000000005), 'environment/deckbuild_gatecard/AZK01-124/cost_share/4_5': np.float64(0.271), 'environment/azk_step_deckbuild_gatecard/AZK01-124/cost_share/4_5': np.float64(0.271), 'environment/deckbuild_gatecard/AZK01-124/cost_share/6_plus': np.float64(0.12400000000000003), 'environment/azk_step_deckbuild_gatecard/AZK01-124/cost_share/6_plus': np.float64(0.12400000000000003), 'environment/deckbuild_gatecard/AZK01-124/leader/AZK01-123': np.float64(1.0), 'environment/azk_step_deckbuild_gatecard/AZK01-124/leader/AZK01-123': np.float64(1.0), 'environment/deckbuild_result/gate_pair/EARTH_vs_LIGHTNING/game': np.float64(1.0), 'environment/deckbuild_result/gate_pair/EARTH_vs_LIGHTNING/win': np.float64(0.75), 'environment/deckbuild_result/gate_pair_unordered/EARTH_vs_LIGHTNING/game': np.float64(1.0), 'environment/deckbuild_result/gate_pair_unordered/EARTH_vs_LIGHTNING/win': np.float64(0.5), 'environment/deckbuild_result/gatecard/AZK01-124/game': np.float64(1.0), 'environment/deckbuild_result/gatecard/AZK01-124/win': np.float64(0.45), 'environment/deckbuild_result/gatecard/AZK01-124/attack_rate': np.float64(0.17598240338265897), 'environment/deckbuild_result/gatecard/AZK01-124/spell_rate': np.float64(0.03553005359135568), 'environment/deckbuild_result/gatecard/AZK01-124/weapon_rate': np.float64(0.010429575061425566), 'environment/deckbuild_result/gatecard/AZK01-124/portal_rate': np.float64(0.0919132249429822), 'environment/deckbuild_result/gatecard/AZK01-124/play_entity_rate': np.float64(0.319280369579792), 'environment/deckbuild_result/gatecard/AZK01-124/noop_rate': np.float64(0.21980256512761115), 'environment/deckbuild_result/gatecard/AZK01-124/episode_length': np.float64(130.65), 'environment/deckbuild_result/gatecard/AZK01-124/leader_health': np.float64(0.24000000208616257), 'environment/deckbuild_result/gatecard/AZK01-124/ability_rate': np.float64(0.05153772085905075), 'environment/deckbuild_gatecard/AZK01-120/leader/STT01-001': np.float64(1.0), 'environment/azk_step_deckbuild_gatecard/AZK01-120/leader/STT01-001': np.float64(1.0), 'environment/deckbuild_result/gate_pair/LIGHTNING_vs_EARTH/game': np.float64(1.0), 'environment/deckbuild_result/gate_pair/LIGHTNING_vs_EARTH/win': np.float64(0.25), 'environment/deckbuild_gatecard/STT03-002/leader/AZK01-123': np.float64(1.0), 'environment/azk_step_deckbuild_gatecard/STT03-002/leader/AZK01-123': np.float64(1.0), 'environment/deckbuild_result/gate_pair/EARTH_vs_EARTH/game': np.float64(1.0), 'environment/deckbuild_result/gate_pair/EARTH_vs_EARTH/win': np.float64(0.5), 'environment/deckbuild_result/gate_pair_unordered/EARTH_vs_EARTH/game': np.float64(1.0), 'environment/deckbuild_result/gate_pair_unordered/EARTH_vs_EARTH/win': np.float64(0.5), 'environment/deckbuild_gatecard/STT04-002/leader/AZK01-121': np.float64(1.0), 'environment/azk_step_deckbuild_gatecard/STT04-002/leader/AZK01-121': np.float64(1.0), 'environment/deckbuild_result/gate_pair/WATER_vs_LIGHTNING/game': np.float64(1.0), 'environment/deckbuild_result/gate_pair/WATER_vs_LIGHTNING/win': np.float64(0.35714285714285715), 'environment/deckbuild_result/gate_pair_unordered/LIGHTNING_vs_WATER/game': np.float64(1.0), 'environment/deckbuild_result/gate_pair_unordered/LIGHTNING_vs_WATER/win': np.float64(0.5), 'environment/deckbuild_result/gate_pair/LIGHTNING_vs_WATER/game': np.float64(1.0), 'environment/deckbuild_result/gate_pair/LIGHTNING_vs_WATER/win': np.float64(0.6428571428571429), 'environment/deckbuild_gatecard/AZK01-126/game': np.float64(1.0), 'environment/azk_step_deckbuild_gatecard/AZK01-126/game': np.float64(1.0), 'environment/deckbuild_gatecard/AZK01-126/avg_cost': np.float64(2.786666666666667), 'environment/azk_step_deckbuild_gatecard/AZK01-126/avg_cost': np.float64(2.786666666666667), 'environment/deckbuild_gatecard/AZK01-126/main_unique': np.float64(37.5), 'environment/azk_step_deckbuild_gatecard/AZK01-126/main_unique': np.float64(37.5), 'environment/deckbuild_gatecard/AZK01-126/copy_entropy_norm': np.float64(0.9782721235808638), 'environment/azk_step_deckbuild_gatecard/AZK01-126/copy_entropy_norm': np.float64(0.9782721235808638), 'environment/deckbuild_gatecard/AZK01-126/gate_element_share': np.float64(0.4206666666666666), 'environment/azk_step_deckbuild_gatecard/AZK01-126/gate_element_share': np.float64(0.4206666666666666), 'environment/deckbuild_gatecard/AZK01-126/type_share/ENTITY': np.float64(0.702), 'environment/azk_step_deckbuild_gatecard/AZK01-126/type_share/ENTITY': np.float64(0.702), 'environment/deckbuild_gatecard/AZK01-126/type_share/SPELL': np.float64(0.24466666666666673), 'environment/azk_step_deckbuild_gatecard/AZK01-126/type_share/SPELL': np.float64(0.24466666666666673), 'environment/deckbuild_gatecard/AZK01-126/type_share/WEAPON': np.float64(0.053333333333333344), 'environment/azk_step_deckbuild_gatecard/AZK01-126/type_share/WEAPON': np.float64(0.053333333333333344), 'environment/deckbuild_gatecard/AZK01-126/cost_share/0_1': np.float64(0.27466666666666667), 'environment/azk_step_deckbuild_gatecard/AZK01-126/cost_share/0_1': np.float64(0.27466666666666667), 'environment/deckbuild_gatecard/AZK01-126/cost_share/2_3': np.float64(0.4433333333333334), 'environment/azk_step_deckbuild_gatecard/AZK01-126/cost_share/2_3': np.float64(0.4433333333333334), 'environment/deckbuild_gatecard/AZK01-126/cost_share/4_5': np.float64(0.1973333333333334), 'environment/azk_step_deckbuild_gatecard/AZK01-126/cost_share/4_5': np.float64(0.1973333333333334), 'environment/deckbuild_gatecard/AZK01-126/cost_share/6_plus': np.float64(0.08466666666666668), 'environment/azk_step_deckbuild_gatecard/AZK01-126/cost_share/6_plus': np.float64(0.08466666666666668), 'environment/deckbuild_gatecard/AZK01-126/leader/STT02-001': np.float64(1.0), 'environment/azk_step_deckbuild_gatecard/AZK01-126/leader/STT02-001': np.float64(1.0), 'environment/deckbuild_result/gatecard/AZK01-126/game': np.float64(1.0), 'environment/deckbuild_result/gatecard/AZK01-126/win': np.float64(0.3), 'environment/deckbuild_result/gatecard/AZK01-126/attack_rate': np.float64(0.15563231060902277), 'environment/deckbuild_result/gatecard/AZK01-126/spell_rate': np.float64(0.06144266466920575), 'environment/deckbuild_result/gatecard/AZK01-126/weapon_rate': np.float64(0.012283664631346862), 'environment/deckbuild_result/gatecard/AZK01-126/portal_rate': np.float64(0.0903489537537098), 'environment/deckbuild_result/gatecard/AZK01-126/play_entity_rate': np.float64(0.3381277362505595), 'environment/deckbuild_result/gatecard/AZK01-126/noop_rate': np.float64(0.2034538040558497), 'environment/deckbuild_result/gatecard/AZK01-126/episode_length': np.float64(131.13333333333333), 'environment/deckbuild_result/gatecard/AZK01-126/leader_health': np.float64(0.1600000023841858), 'environment/deckbuild_result/gatecard/AZK01-126/ability_rate': np.float64(0.04121406488120556), 'environment/deckbuild_gatecard/AZK01-124/leader/STT03-001': np.float64(1.0), 'environment/azk_step_deckbuild_gatecard/AZK01-124/leader/STT03-001': np.float64(1.0), 'environment/deckbuild_result/gate_pair/EARTH_vs_WATER/game': np.float64(1.0), 'environment/deckbuild_result/gate_pair/EARTH_vs_WATER/win': np.float64(0.8571428571428571), 'environment/deckbuild_result/gate_pair_unordered/EARTH_vs_WATER/game': np.float64(1.0), 'environment/deckbuild_result/gate_pair_unordered/EARTH_vs_WATER/win': np.float64(0.5), 'environment/deckbuild_result/gate_pair/WATER_vs_EARTH/game': np.float64(1.0), 'environment/deckbuild_result/gate_pair/WATER_vs_EARTH/win': np.float64(0.14285714285714285), 'environment/deckbuild_result/gate_pair/FIRE_vs_FIRE/game': np.float64(1.0), 'environment/deckbuild_result/gate_pair/FIRE_vs_FIRE/win': np.float64(0.5), 'environment/deckbuild_result/gate_pair_unordered/FIRE_vs_FIRE/game': np.float64(1.0), 'environment/deckbuild_result/gate_pair_unordered/FIRE_vs_FIRE/win': np.float64(0.5), 'environment/deckbuild_gatecard/AZK01-126/leader/AZK01-125': np.float64(1.0), 'environment/azk_step_deckbuild_gatecard/AZK01-126/leader/AZK01-125': np.float64(1.0), 'losses/policy_loss': 0.0011769699631258845, 'losses/value_loss': 0.10204696655273438, 'losses/value_loss_total': 0.10204696655273438, 'losses/entropy': 1.0044130086898804, 'losses/old_approx_kl': -8.080630504991859e-05, 'losses/approx_kl': 7.881330020609312e-06, 'losses/clipfrac': 0.0, 'losses/importance': 1.0000886917114258, 'losses/win_prob_aux_loss': 0.69140625, 'losses/win_prob_aux_labeled_frac': 0.2236328125, 'losses/explained_variance': 0.032252490520477295, 'losses/win_prob_aux_accuracy': 0.59375, 'losses/win_prob_aux_brier': 0.25, 'losses/win_prob_aux_pred_mean': 0.5, 'losses/win_prob_aux_target_mean': 0.50390625, 'performance/eval': 22.292821407318115, 'performance/train': 23.861221075057983, 'performance/eval_forward': 21.706587076187134, 'performance/env': 0.07550716400146484, 'performance/eval_copy': 0.44376134872436523, 'performance/eval_misc': 0.06683468818664551, 'performance/train_forward': 4.918789863586426, 'performance/learn_backward': 9.252855777740479, 'performance/learn_opt': 9.539103507995605, 'performance/train_copy': 0.007479190826416016, 'performance/train_misc': 0.14286518096923828}
[0;0H╭──────────────────────────────────────────────────────────────────────────────╮
│  PufferLib 4.0     🐡           CPU:     GPU: 0.0%  DRAM: 8.6%   VRAM: 0.0%  │
│                                152.4%                                        │
│                                                                              │
│  Summary          Value    Evaluate     22s  46%    Losses            Value  │
│  Env        azuki_local      Forwa…     21s  45%    policy_loss       0.006  │
│  Params           90.2M      Env         0s   0%    value_loss        0.098  │
│  Steps           245.8K      Copy        0s   1%    value_loss_to…    0.098  │
│  SPS               4.9K      Misc        0s   0%    entropy           1.031  │
│  Epoch               16    Train        23s  53%    old_approx_kl     0.000  │
│  Uptime          1m 33s      Forwa…      4s  10%    approx_kl         0.000  │
│  Remaini…           12s      Backw…      9s  20%    clipfrac          0.000  │
│                              Optim…      9s  21%    importance        1.000  │
│                              Copy        0s   0%    win_prob_aux_…    0.691  │
│                              Misc        0s   0%    win_prob_aux_…    0.227  │
│                                                     explained_var…    0.044  │
│                                                     win_prob_aux_…    0.633  │
│                                                     win_prob_aux_…    0.249  │
│                                                     win_prob_aux_…    0.498  │
│                                                     win_prob_aux_…    0.504  │
│                                                                              │
│  User Stats                    Value    User Stats                    Value  │
│  league/active                 1.000    sampler/subaction_tem…        1.200  │
│  sampler/smoothing_eps         0.050    anneal/ent_coef               0.006  │
│  perf                          0.000    score                         0.000  │
│  episode_return                0.088    episode_length              145.647  │
│  p0_episode_return             0.088    p1_episode_return            -0.088  │
│  p0_winrate                    0.520    p1_winrate                    0.480  │
│  p0_start_rate                 0.480    p1_start_rate                 0.520  │
│  draw_rate                     0.000    timeout_truncation_ra…        0.000  │
│  auto_tick_truncation_…        0.000    zero_legal_action_tru…        0.000  │
│  gameover_terminal_rate        1.000    winner_terminal_rate          1.000  │
│  curriculum_episode_cap        0.000    reward_shaping_scale          1.000  │
│  completed_episodes            1.000    p0_noop_selected_rate         0.214  │
│  p1_noop_selected_rate         0.207    p0_attack_selected_ra…        0.191  │
│  p1_attack_selected_ra…        0.205    p0_attach_weapon_from…        0.015  │
│  p1_attach_weapon_from…        0.016    p0_play_spell_from_ha…        0.044  │
╰──────────────────────────────────────────────────────────────────────────────╯

[epoch 16] {'SPS': 4911.1162707340445, 'agent_steps': 245760, 'uptime': 93.78998160362244, 'epoch': 16, 'learning_rate': 0.00028647450843757914, 'environment/league/active': np.float64(1.0), 'environment/sampler/subaction_temperature': np.float64(1.2), 'environment/sampler/smoothing_eps': np.float64(0.05), 'environment/anneal/ent_coef': np.float64(0.006), 'environment/perf': np.float64(0.0), 'environment/score': np.float64(0.0), 'environment/episode_return': np.float64(0.08828091621398926), 'environment/episode_length': np.float64(145.64705882352942), 'environment/p0_episode_return': np.float64(0.08828091621398926), 'environment/p1_episode_return': np.float64(-0.08828091621398926), 'environment/p0_winrate': np.float64(0.5196078431372549), 'environment/p1_winrate': np.float64(0.4803921568627451), 'environment/p0_start_rate': np.float64(0.4803921568627451), 'environment/p1_start_rate': np.float64(0.5196078431372549), 'environment/draw_rate': np.float64(0.0), 'environment/timeout_truncation_rate': np.float64(0.0), 'environment/auto_tick_truncation_rate': np.float64(0.0), 'environment/zero_legal_action_truncation_rate': np.float64(0.0), 'environment/gameover_terminal_rate': np.float64(1.0), 'environment/winner_terminal_rate': np.float64(1.0), 'environment/curriculum_episode_cap': np.float64(0.0), 'environment/reward_shaping_scale': np.float64(1.0), 'environment/completed_episodes': np.float64(1.0), 'environment/p0_noop_selected_rate': np.float64(0.21370408757060183), 'environment/p1_noop_selected_rate': np.float64(0.20679428136231853), 'environment/p0_attack_selected_rate': np.float64(0.19097760743370243), 'environment/p1_attack_selected_rate': np.float64(0.20539969015939563), 'environment/p0_attach_weapon_from_hand_selected_rate': np.float64(0.014914345580573175), 'environment/p1_attach_weapon_from_hand_selected_rate': np.float64(0.01573028549661531), 'environment/p0_play_spell_from_hand_selected_rate': np.float64(0.04361276611612708), 'environment/p1_play_spell_from_hand_selected_rate': np.float64(0.03954458711486237), 'environment/p0_activate_garden_or_leader_ability_selected_rate': np.float64(0.037954507231274075), 'environment/p1_activate_garden_or_leader_ability_selected_rate': np.float64(0.04183693608159528), 'environment/p0_activate_alley_ability_selected_rate': np.float64(0.002739160814706017), 'environment/p1_activate_alley_ability_selected_rate': np.float64(0.0015741141841692083), 'environment/p0_gate_portal_selected_rate': np.float64(0.09103329333604551), 'environment/p1_gate_portal_selected_rate': np.float64(0.09584308364519886), 'environment/p0_play_entity_to_alley_selected_rate': np.float64(0.11133024702761687), 'environment/p1_play_entity_to_alley_selected_rate': np.float64(0.11446612722733442), 'environment/p0_play_entity_to_garden_selected_rate': np.float64(0.07134993410870141), 'environment/p1_play_entity_to_garden_selected_rate': np.float64(0.07417560976875179), 'environment/p0_play_selected_rate': np.float64(0.332240585602966), 'environment/p1_play_selected_rate': np.float64(0.3397596931340648), 'environment/p0_ability_selected_rate': np.float64(0.05498039732486302), 'environment/p1_ability_selected_rate': np.float64(0.05652711184366661), 'environment/p0_target_selected_rate': np.float64(0.20609249145376915), 'environment/p1_target_selected_rate': np.float64(0.18888318283008595), 'environment/p0_avg_leader_health': np.float64(0.2132352963820392), 'environment/p1_avg_leader_health': np.float64(0.24264705911570905), 'environment/p0_entity_damage_dealt': np.float64(0.0), 'environment/p1_entity_damage_dealt': np.float64(0.0), 'environment/p0_entity_damage_taken': np.float64(0.0), 'environment/p1_entity_damage_taken': np.float64(0.0), 'environment/p0_generated_ikz_created': np.float64(0.0), 'environment/p1_generated_ikz_created': np.float64(0.0), 'environment/p0_generated_ikz_converted': np.float64(0.0), 'environment/p1_generated_ikz_converted': np.float64(0.0), 'environment/p0_generated_ikz_conversion_rate': np.float64(0.0), 'environment/p1_generated_ikz_conversion_rate': np.float64(0.0), 'environment/p0_temporary_charge_realized': np.float64(0.0), 'environment/p1_temporary_charge_realized': np.float64(0.0), 'environment/p0_temporary_attack_damage_realized': np.float64(0.0), 'environment/p1_temporary_attack_damage_realized': np.float64(0.0), 'environment/p0_contextual_response_reserve_opportunities': np.float64(0.0), 'environment/p1_contextual_response_reserve_opportunities': np.float64(0.0), 'environment/n': np.float64(1.1568627450980393), 'environment/deckbuild/completed': np.float64(1.0), 'environment/azk_step_deckbuild/completed': np.float64(1.0), 'environment/deckbuild/picks': np.float64(51.0), 'environment/azk_step_deckbuild/picks': np.float64(51.0), 'environment/deckbuild/main_count': np.float64(50.0), 'environment/azk_step_deckbuild/main_count': np.float64(50.0), 'environment/deckbuild/main_unique': np.float64(37.38725490196079), 'environment/azk_step_deckbuild/main_unique': np.float64(37.38725490196079), 'environment/deckbuild/main_unique_share': np.float64(0.7477450980392156), 'environment/azk_step_deckbuild/main_unique_share': np.float64(0.7477450980392156), 'environment/deckbuild/main_avg_copies_per_unique': np.float64(1.3423494191147582), 'environment/azk_step_deckbuild/main_avg_copies_per_unique': np.float64(1.3423494191147582), 'environment/deckbuild/main_max_copy_count': np.float64(3.0686274509803924), 'environment/azk_step_deckbuild/main_max_copy_count': np.float64(3.0686274509803924), 'environment/deckbuild/main_copy_entropy': np.float64(3.538896445029694), 'environment/azk_step_deckbuild/main_copy_entropy': np.float64(3.538896445029694), 'environment/deckbuild/main_copy_entropy_norm': np.float64(0.9776784178978345), 'environment/azk_step_deckbuild/main_copy_entropy_norm': np.float64(0.9776784178978345), 'environment/deckbuild/main_singleton_count': np.float64(26.892156862745097), 'environment/azk_step_deckbuild/main_singleton_count': np.float64(26.892156862745097), 'environment/deckbuild/main_pair_count': np.float64(8.563725490196079), 'environment/azk_step_deckbuild/main_pair_count': np.float64(8.563725490196079), 'environment/deckbuild/main_triplet_count': np.float64(1.7450980392156863), 'environment/azk_step_deckbuild/main_triplet_count': np.float64(1.7450980392156863), 'environment/deckbuild/main_quad_count': np.float64(0.18627450980392157), 'environment/azk_step_deckbuild/main_quad_count': np.float64(0.18627450980392157), 'environment/deckbuild/main_singleton_slot_share': np.float64(0.5378431372549021), 'environment/azk_step_deckbuild/main_singleton_slot_share': np.float64(0.5378431372549021), 'environment/deckbuild/main_pair_slot_share': np.float64(0.3425490196078431), 'environment/azk_step_deckbuild/main_pair_slot_share': np.float64(0.3425490196078431), 'environment/deckbuild/main_triplet_slot_share': np.float64(0.10470588235294118), 'environment/azk_step_deckbuild/main_triplet_slot_share': np.float64(0.10470588235294118), 'environment/deckbuild/main_quad_slot_share': np.float64(0.014901960784313726), 'environment/azk_step_deckbuild/main_quad_slot_share': np.float64(0.014901960784313726), 'environment/deckbuild/main_normal_share': np.float64(0.5925490196078431), 'environment/azk_step_deckbuild/main_normal_share': np.float64(0.5925490196078431), 'environment/deckbuild/main_gate_element_share': np.float64(0.40745098039215694), 'environment/azk_step_deckbuild/main_gate_element_share': np.float64(0.40745098039215694), 'environment/deckbuild/gate_match': np.float64(0.4411764705882353), 'environment/azk_step_deckbuild/gate_match': np.float64(0.4411764705882353), 'environment/deckbuild/gate/EARTH': np.float64(0.25980392156862747), 'environment/azk_step_deckbuild/gate/EARTH': np.float64(0.25980392156862747), 'environment/deckbuild/opponent_gate/EARTH': np.float64(0.25980392156862747), 'environment/azk_step_deckbuild/opponent_gate/EARTH': np.float64(0.25980392156862747), 'environment/deckbuild/leader/EARTH': np.float64(0.25980392156862747), 'environment/azk_step_deckbuild/leader/EARTH': np.float64(0.25980392156862747), 'environment/deckbuild/gate/FIRE': np.float64(0.10294117647058823), 'environment/azk_step_deckbuild/gate/FIRE': np.float64(0.10294117647058823), 'environment/deckbuild/opponent_gate/FIRE': np.float64(0.10294117647058823), 'environment/azk_step_deckbuild/opponent_gate/FIRE': np.float64(0.10294117647058823), 'environment/deckbuild/leader/FIRE': np.float64(0.10294117647058823), 'environment/azk_step_deckbuild/leader/FIRE': np.float64(0.10294117647058823), 'environment/deckbuild/gate/LIGHTNING': np.float64(0.28431372549019607), 'environment/azk_step_deckbuild/gate/LIGHTNING': np.float64(0.28431372549019607), 'environment/deckbuild/opponent_gate/LIGHTNING': np.float64(0.28431372549019607), 'environment/azk_step_deckbuild/opponent_gate/LIGHTNING': np.float64(0.28431372549019607), 'environment/deckbuild/leader/LIGHTNING': np.float64(0.28431372549019607), 'environment/azk_step_deckbuild/leader/LIGHTNING': np.float64(0.28431372549019607), 'environment/deckbuild/gate/WATER': np.float64(0.35294117647058826), 'environment/azk_step_deckbuild/gate/WATER': np.float64(0.35294117647058826), 'environment/deckbuild/opponent_gate/WATER': np.float64(0.35294117647058826), 'environment/azk_step_deckbuild/opponent_gate/WATER': np.float64(0.35294117647058826), 'environment/deckbuild/leader/WATER': np.float64(0.35294117647058826), 'environment/azk_step_deckbuild/leader/WATER': np.float64(0.35294117647058826), 'environment/deckbuild/main_type_count/ENTITY': np.float64(35.872549019607845), 'environment/azk_step_deckbuild/main_type_count/ENTITY': np.float64(35.872549019607845), 'environment/deckbuild/main_type_share/ENTITY': np.float64(0.7174509803921569), 'environment/azk_step_deckbuild/main_type_share/ENTITY': np.float64(0.7174509803921569), 'environment/deckbuild/main_type_count/SPELL': np.float64(10.465686274509803), 'environment/azk_step_deckbuild/main_type_count/SPELL': np.float64(10.465686274509803), 'environment/deckbuild/main_type_share/SPELL': np.float64(0.20931372549019608), 'environment/azk_step_deckbuild/main_type_share/SPELL': np.float64(0.20931372549019608), 'environment/deckbuild/main_type_count/WEAPON': np.float64(3.661764705882353), 'environment/azk_step_deckbuild/main_type_count/WEAPON': np.float64(3.661764705882353), 'environment/deckbuild/main_type_share/WEAPON': np.float64(0.07323529411764705), 'environment/azk_step_deckbuild/main_type_share/WEAPON': np.float64(0.07323529411764705), 'environment/deckbuild/main_element_count/EARTH': np.float64(5.71078431372549), 'environment/azk_step_deckbuild/main_element_count/EARTH': np.float64(5.71078431372549), 'environment/deckbuild/main_element_share/EARTH': np.float64(0.11421568627450979), 'environment/azk_step_deckbuild/main_element_share/EARTH': np.float64(0.11421568627450979), 'environment/deckbuild/main_element_count/FIRE': np.float64(2.1176470588235294), 'environment/azk_step_deckbuild/main_element_count/FIRE': np.float64(2.1176470588235294), 'environment/deckbuild/main_element_share/FIRE': np.float64(0.04235294117647059), 'environment/azk_step_deckbuild/main_element_share/FIRE': np.float64(0.04235294117647059), 'environment/deckbuild/main_element_count/LIGHTNING': np.float64(5.348039215686274), 'environment/azk_step_deckbuild/main_element_count/LIGHTNING': np.float64(5.348039215686274), 'environment/deckbuild/main_element_share/LIGHTNING': np.float64(0.1069607843137255), 'environment/azk_step_deckbuild/main_element_share/LIGHTNING': np.float64(0.1069607843137255), 'environment/deckbuild/main_element_count/NORMAL': np.float64(29.627450980392158), 'environment/azk_step_deckbuild/main_element_count/NORMAL': np.float64(29.627450980392158), 'environment/deckbuild/main_element_share/NORMAL': np.float64(0.5925490196078431), 'environment/azk_step_deckbuild/main_element_share/NORMAL': np.float64(0.5925490196078431), 'environment/deckbuild/main_element_count/WATER': np.float64(7.196078431372549), 'environment/azk_step_deckbuild/main_element_count/WATER': np.float64(7.196078431372549), 'environment/deckbuild/main_element_share/WATER': np.float64(0.14392156862745098), 'environment/azk_step_deckbuild/main_element_share/WATER': np.float64(0.14392156862745098), 'environment/deckbuild/main_avg_cost': np.float64(2.936764705882353), 'environment/azk_step_deckbuild/main_avg_cost': np.float64(2.936764705882353), 'environment/deckbuild/main_cost_share/0_1': np.float64(0.25058823529411767), 'environment/azk_step_deckbuild/main_cost_share/0_1': np.float64(0.25058823529411767), 'environment/deckbuild/main_cost_share/2_3': np.float64(0.40882352941176475), 'environment/azk_step_deckbuild/main_cost_share/2_3': np.float64(0.40882352941176475), 'environment/deckbuild/main_cost_share/4_5': np.float64(0.26450980392156864), 'environment/azk_step_deckbuild/main_cost_share/4_5': np.float64(0.26450980392156864), 'environment/deckbuild/main_cost_share/6_plus': np.float64(0.07607843137254902), 'environment/azk_step_deckbuild/main_cost_share/6_plus': np.float64(0.07607843137254902), 'environment/deckbuild/leader_card/AZK01-119': np.float64(1.0), 'environment/azk_step_deckbuild/leader_card/AZK01-119': np.float64(1.0), 'environment/deckbuild_gatecard/AZK01-120/game': np.float64(1.0), 'environment/azk_step_deckbuild_gatecard/AZK01-120/game': np.float64(1.0), 'environment/deckbuild_gatecard/AZK01-120/avg_cost': np.float64(2.7126666666666663), 'environment/azk_step_deckbuild_gatecard/AZK01-120/avg_cost': np.float64(2.7126666666666663), 'environment/deckbuild_gatecard/AZK01-120/main_unique': np.float64(36.46666666666667), 'environment/azk_step_deckbuild_gatecard/AZK01-120/main_unique': np.float64(36.46666666666667), 'environment/deckbuild_gatecard/AZK01-120/copy_entropy_norm': np.float64(0.9773132929200448), 'environment/azk_step_deckbuild_gatecard/AZK01-120/copy_entropy_norm': np.float64(0.9773132929200448), 'environment/deckbuild_gatecard/AZK01-120/gate_element_share': np.float64(0.3726666666666667), 'environment/azk_step_deckbuild_gatecard/AZK01-120/gate_element_share': np.float64(0.3726666666666667), 'environment/deckbuild_gatecard/AZK01-120/type_share/ENTITY': np.float64(0.6846666666666666), 'environment/azk_step_deckbuild_gatecard/AZK01-120/type_share/ENTITY': np.float64(0.6846666666666666), 'environment/deckbuild_gatecard/AZK01-120/type_share/SPELL': np.float64(0.17333333333333337), 'environment/azk_step_deckbuild_gatecard/AZK01-120/type_share/SPELL': np.float64(0.17333333333333337), 'environment/deckbuild_gatecard/AZK01-120/type_share/WEAPON': np.float64(0.142), 'environment/azk_step_deckbuild_gatecard/AZK01-120/type_share/WEAPON': np.float64(0.142), 'environment/deckbuild_gatecard/AZK01-120/cost_share/0_1': np.float64(0.26866666666666666), 'environment/azk_step_deckbuild_gatecard/AZK01-120/cost_share/0_1': np.float64(0.26866666666666666), 'environment/deckbuild_gatecard/AZK01-120/cost_share/2_3': np.float64(0.4226666666666668), 'environment/azk_step_deckbuild_gatecard/AZK01-120/cost_share/2_3': np.float64(0.4226666666666668), 'environment/deckbuild_gatecard/AZK01-120/cost_share/4_5': np.float64(0.28), 'environment/azk_step_deckbuild_gatecard/AZK01-120/cost_share/4_5': np.float64(0.28), 'environment/deckbuild_gatecard/AZK01-120/cost_share/6_plus': np.float64(0.028666666666666663), 'environment/azk_step_deckbuild_gatecard/AZK01-120/cost_share/6_plus': np.float64(0.028666666666666663), 'environment/deckbuild_gatecard/AZK01-120/leader/AZK01-119': np.float64(1.0), 'environment/azk_step_deckbuild_gatecard/AZK01-120/leader/AZK01-119': np.float64(1.0), 'environment/deckbuild_result/game': np.float64(1.0), 'environment/deckbuild_result/win': np.float64(0.5), 'environment/deckbuild_result/gate_match': np.float64(0.4411764705882353), 'environment/deckbuild_result/gate_match_win_joint': np.float64(0.22058823529411764), 'environment/deckbuild_result/gate_mismatch': np.float64(0.5588235294117647), 'environment/deckbuild_result/gate_mismatch_win_joint': np.float64(0.27941176470588236), 'environment/deckbuild_result/gate/LIGHTNING/game': np.float64(1.0), 'environment/deckbuild_result/gate/LIGHTNING/win': np.float64(0.5), 'environment/deckbuild_result/gate_pair/LIGHTNING_vs_WATER/game': np.float64(1.0), 'environment/deckbuild_result/gate_pair/LIGHTNING_vs_WATER/win': np.float64(0.3888888888888889), 'environment/deckbuild_result/gate_pair_unordered/LIGHTNING_vs_WATER/game': np.float64(1.0), 'environment/deckbuild_result/gate_pair_unordered/LIGHTNING_vs_WATER/win': np.float64(0.5), 'environment/deckbuild_result/gate_mismatch/game': np.float64(1.0), 'environment/deckbuild_result/gate_mismatch/win': np.float64(0.5), 'environment/deckbuild_result/gate_freq/EARTH': np.float64(0.25980392156862747), 'environment/deckbuild_result/gate_win_joint/EARTH': np.float64(0.14215686274509803), 'environment/deckbuild_result/gate_freq/FIRE': np.float64(0.10294117647058823), 'environment/deckbuild_result/gate_win_joint/FIRE': np.float64(0.03431372549019608), 'environment/deckbuild_result/gate_freq/LIGHTNING': np.float64(0.28431372549019607), 'environment/deckbuild_result/gate_win_joint/LIGHTNING': np.float64(0.14215686274509803), 'environment/deckbuild_result/gate_freq/WATER': np.float64(0.35294117647058826), 'environment/deckbuild_result/gate_win_joint/WATER': np.float64(0.18137254901960784), 'environment/deckbuild_result/gate_pair_freq/EARTH_vs_EARTH': np.float64(0.09803921568627451), 'environment/deckbuild_result/gate_pair_win_joint/EARTH_vs_EARTH': np.float64(0.049019607843137254), 'environment/deckbuild_result/gate_pair_freq/EARTH_vs_FIRE': np.float64(0.04411764705882353), 'environment/deckbuild_result/gate_pair_win_joint/EARTH_vs_FIRE': np.float64(0.024509803921568627), 'environment/deckbuild_result/gate_pair_freq/EARTH_vs_LIGHTNING': np.float64(0.04411764705882353), 'environment/deckbuild_result/gate_pair_win_joint/EARTH_vs_LIGHTNING': np.float64(0.024509803921568627), 'environment/deckbuild_result/gate_pair_freq/EARTH_vs_WATER': np.float64(0.07352941176470588), 'environment/deckbuild_result/gate_pair_win_joint/EARTH_vs_WATER': np.float64(0.04411764705882353), 'environment/deckbuild_result/gate_pair_freq/FIRE_vs_EARTH': np.float64(0.04411764705882353), 'environment/deckbuild_result/gate_pair_win_joint/FIRE_vs_EARTH': np.float64(0.0196078431372549), 'environment/deckbuild_result/gate_pair_freq/FIRE_vs_FIRE': np.float64(0.00980392156862745), 'environment/deckbuild_result/gate_pair_win_joint/FIRE_vs_FIRE': np.float64(0.004901960784313725), 'environment/deckbuild_result/gate_pair_freq/FIRE_vs_LIGHTNING': np.float64(0.014705882352941176), 'environment/deckbuild_result/gate_pair_win_joint/FIRE_vs_LIGHTNING': np.float64(0.0), 'environment/deckbuild_result/gate_pair_freq/FIRE_vs_WATER': np.float64(0.03431372549019608), 'environment/deckbuild_result/gate_pair_win_joint/FIRE_vs_WATER': np.float64(0.00980392156862745), 'environment/deckbuild_result/gate_pair_freq/LIGHTNING_vs_EARTH': np.float64(0.04411764705882353), 'environment/deckbuild_result/gate_pair_win_joint/LIGHTNING_vs_EARTH': np.float64(0.0196078431372549), 'environment/deckbuild_result/gate_pair_freq/LIGHTNING_vs_FIRE': np.float64(0.014705882352941176), 'environment/deckbuild_result/gate_pair_win_joint/LIGHTNING_vs_FIRE': np.float64(0.014705882352941176), 'environment/deckbuild_result/gate_pair_freq/LIGHTNING_vs_LIGHTNING': np.float64(0.1568627450980392), 'environment/deckbuild_result/gate_pair_win_joint/LIGHTNING_vs_LIGHTNING': np.float64(0.0784313725490196), 'environment/deckbuild_result/gate_pair_freq/LIGHTNING_vs_WATER': np.float64(0.06862745098039216), 'environment/deckbuild_result/gate_pair_win_joint/LIGHTNING_vs_WATER': np.float64(0.029411764705882353), 'environment/deckbuild_result/gate_pair_freq/WATER_vs_EARTH': np.float64(0.07352941176470588), 'environment/deckbuild_result/gate_pair_win_joint/WATER_vs_EARTH': np.float64(0.029411764705882353), 'environment/deckbuild_result/gate_pair_freq/WATER_vs_FIRE': np.float64(0.03431372549019608), 'environment/deckbuild_result/gate_pair_win_joint/WATER_vs_FIRE': np.float64(0.024509803921568627), 'environment/deckbuild_result/gate_pair_freq/WATER_vs_LIGHTNING': np.float64(0.06862745098039216), 'environment/deckbuild_result/gate_pair_win_joint/WATER_vs_LIGHTNING': np.float64(0.0392156862745098), 'environment/deckbuild_result/gate_pair_freq/WATER_vs_WATER': np.float64(0.17647058823529413), 'environment/deckbuild_result/gate_pair_win_joint/WATER_vs_WATER': np.float64(0.08823529411764706), 'environment/deckbuild_result/gate_pair_unordered_freq/EARTH_vs_EARTH': np.float64(0.09803921568627451), 'environment/deckbuild_result/gate_pair_unordered_win_joint/EARTH_vs_EARTH': np.float64(0.049019607843137254), 'environment/deckbuild_result/gate_pair_unordered_freq/EARTH_vs_FIRE': np.float64(0.08823529411764706), 'environment/deckbuild_result/gate_pair_unordered_win_joint/EARTH_vs_FIRE': np.float64(0.04411764705882353), 'environment/deckbuild_result/gate_pair_unordered_freq/EARTH_vs_LIGHTNING': np.float64(0.08823529411764706), 'environment/deckbuild_result/gate_pair_unordered_win_joint/EARTH_vs_LIGHTNING': np.float64(0.04411764705882353), 'environment/deckbuild_result/gate_pair_unordered_freq/EARTH_vs_WATER': np.float64(0.14705882352941177), 'environment/deckbuild_result/gate_pair_unordered_win_joint/EARTH_vs_WATER': np.float64(0.07352941176470588), 'environment/deckbuild_result/gate_pair_unordered_freq/FIRE_vs_FIRE': np.float64(0.00980392156862745), 'environment/deckbuild_result/gate_pair_unordered_win_joint/FIRE_vs_FIRE': np.float64(0.004901960784313725), 'environment/deckbuild_result/gate_pair_unordered_freq/FIRE_vs_LIGHTNING': np.float64(0.029411764705882353), 'environment/deckbuild_result/gate_pair_unordered_win_joint/FIRE_vs_LIGHTNING': np.float64(0.014705882352941176), 'environment/deckbuild_result/gate_pair_unordered_freq/FIRE_vs_WATER': np.float64(0.06862745098039216), 'environment/deckbuild_result/gate_pair_unordered_win_joint/FIRE_vs_WATER': np.float64(0.03431372549019608), 'environment/deckbuild_result/gate_pair_unordered_freq/LIGHTNING_vs_LIGHTNING': np.float64(0.1568627450980392), 'environment/deckbuild_result/gate_pair_unordered_win_joint/LIGHTNING_vs_LIGHTNING': np.float64(0.0784313725490196), 'environment/deckbuild_result/gate_pair_unordered_freq/LIGHTNING_vs_WATER': np.float64(0.13725490196078433), 'environment/deckbuild_result/gate_pair_unordered_win_joint/LIGHTNING_vs_WATER': np.float64(0.06862745098039216), 'environment/deckbuild_result/gate_pair_unordered_freq/WATER_vs_WATER': np.float64(0.17647058823529413), 'environment/deckbuild_result/gate_pair_unordered_win_joint/WATER_vs_WATER': np.float64(0.08823529411764706), 'environment/deckbuild_result/gatecard/AZK01-120/game': np.float64(1.0), 'environment/deckbuild_result/gatecard/AZK01-120/win': np.float64(0.43333333333333335), 'environment/deckbuild_result/gatecard/AZK01-120/attack_rate': np.float64(0.2339118038614591), 'environment/deckbuild_result/gatecard/AZK01-120/spell_rate': np.float64(0.03304248722270131), 'environment/deckbuild_result/gatecard/AZK01-120/weapon_rate': np.float64(0.03528086608275771), 'environment/deckbuild_result/gatecard/AZK01-120/portal_rate': np.float64(0.09589880257844925), 'environment/deckbuild_result/gatecard/AZK01-120/play_entity_rate': np.float64(0.359121576944987), 'environment/deckbuild_result/gatecard/AZK01-120/noop_rate': np.float64(0.19969267249107361), 'environment/deckbuild_result/gatecard/AZK01-120/episode_length': np.float64(145.2), 'environment/deckbuild_result/gatecard/AZK01-120/leader_health': np.float64(0.10833333544433117), 'environment/deckbuild_result/gatecard/AZK01-120/ability_rate': np.float64(0.02323409616947174), 'environment/deckbuild/leader_card/STT02-001': np.float64(1.0), 'environment/azk_step_deckbuild/leader_card/STT02-001': np.float64(1.0), 'environment/deckbuild_gatecard/AZK01-126/game': np.float64(1.0), 'environment/azk_step_deckbuild_gatecard/AZK01-126/game': np.float64(1.0), 'environment/deckbuild_gatecard/AZK01-126/avg_cost': np.float64(2.919375), 'environment/azk_step_deckbuild_gatecard/AZK01-126/avg_cost': np.float64(2.919375), 'environment/deckbuild_gatecard/AZK01-126/main_unique': np.float64(37.46875), 'environment/azk_step_deckbuild_gatecard/AZK01-126/main_unique': np.float64(37.46875), 'environment/deckbuild_gatecard/AZK01-126/copy_entropy_norm': np.float64(0.9784629594560369), 'environment/azk_step_deckbuild_gatecard/AZK01-126/copy_entropy_norm': np.float64(0.9784629594560369), 'environment/deckbuild_gatecard/AZK01-126/gate_element_share': np.float64(0.3925), 'environment/azk_step_deckbuild_gatecard/AZK01-126/gate_element_share': np.float64(0.3925), 'environment/deckbuild_gatecard/AZK01-126/type_share/ENTITY': np.float64(0.6975), 'environment/azk_step_deckbuild_gatecard/AZK01-126/type_share/ENTITY': np.float64(0.6975), 'environment/deckbuild_gatecard/AZK01-126/type_share/SPELL': np.float64(0.250625), 'environment/azk_step_deckbuild_gatecard/AZK01-126/type_share/SPELL': np.float64(0.250625), 'environment/deckbuild_gatecard/AZK01-126/type_share/WEAPON': np.float64(0.051875000000000004), 'environment/azk_step_deckbuild_gatecard/AZK01-126/type_share/WEAPON': np.float64(0.051875000000000004), 'environment/deckbuild_gatecard/AZK01-126/cost_share/0_1': np.float64(0.248125), 'environment/azk_step_deckbuild_gatecard/AZK01-126/cost_share/0_1': np.float64(0.248125), 'environment/deckbuild_gatecard/AZK01-126/cost_share/2_3': np.float64(0.42375), 'environment/azk_step_deckbuild_gatecard/AZK01-126/cost_share/2_3': np.float64(0.42375), 'environment/deckbuild_gatecard/AZK01-126/cost_share/4_5': np.float64(0.24562499999999998), 'environment/azk_step_deckbuild_gatecard/AZK01-126/cost_share/4_5': np.float64(0.24562499999999998), 'environment/deckbuild_gatecard/AZK01-126/cost_share/6_plus': np.float64(0.08249999999999999), 'environment/azk_step_deckbuild_gatecard/AZK01-126/cost_share/6_plus': np.float64(0.08249999999999999), 'environment/deckbuild_gatecard/AZK01-126/leader/STT02-001': np.float64(1.0), 'environment/azk_step_deckbuild_gatecard/AZK01-126/leader/STT02-001': np.float64(1.0), 'environment/deckbuild_result/gate/WATER/game': np.float64(1.0), 'environment/deckbuild_result/gate/WATER/win': np.float64(0.5222222222222223), 'environment/deckbuild_result/gate_pair/WATER_vs_LIGHTNING/game': np.float64(1.0), 'environment/deckbuild_result/gate_pair/WATER_vs_LIGHTNING/win': np.float64(0.6111111111111112), 'environment/deckbuild_result/gatecard/AZK01-126/game': np.float64(1.0), 'environment/deckbuild_result/gatecard/AZK01-126/win': np.float64(0.46875), 'environment/deckbuild_result/gatecard/AZK01-126/attack_rate': np.float64(0.18061912385746837), 'environment/deckbuild_result/gatecard/AZK01-126/spell_rate': np.float64(0.06632111314684153), 'environment/deckbuild_result/gatecard/AZK01-126/weapon_rate': np.float64(0.007665352983167395), 'environment/deckbuild_result/gatecard/AZK01-126/portal_rate': np.float64(0.08488641632720828), 'environment/deckbuild_result/gatecard/AZK01-126/play_entity_rate': np.float64(0.3150331759825349), 'environment/deckbuild_result/gatecard/AZK01-126/noop_rate': np.float64(0.1970076891593635), 'environment/deckbuild_result/gatecard/AZK01-126/episode_length': np.float64(146.125), 'environment/deckbuild_result/gatecard/AZK01-126/leader_health': np.float64(0.2921875026077032), 'environment/deckbuild_result/gatecard/AZK01-126/ability_rate': np.float64(0.04014291171915829), 'environment/ref_seat_rate': np.float64(0.0), 'environment/deckbuild/leader_card/AZK01-121': np.float64(1.0), 'environment/azk_step_deckbuild/leader_card/AZK01-121': np.float64(1.0), 'environment/deckbuild_gatecard/AZK01-122/game': np.float64(1.0), 'environment/azk_step_deckbuild_gatecard/AZK01-122/game': np.float64(1.0), 'environment/deckbuild_gatecard/AZK01-122/avg_cost': np.float64(2.845714285714286), 'environment/azk_step_deckbuild_gatecard/AZK01-122/avg_cost': np.float64(2.845714285714286), 'environment/deckbuild_gatecard/AZK01-122/main_unique': np.float64(38.0), 'environment/azk_step_deckbuild_gatecard/AZK01-122/main_unique': np.float64(38.0), 'environment/deckbuild_gatecard/AZK01-122/copy_entropy_norm': np.float64(0.9785475717933473), 'environment/azk_step_deckbuild_gatecard/AZK01-122/copy_entropy_norm': np.float64(0.9785475717933473), 'environment/deckbuild_gatecard/AZK01-122/gate_element_share': np.float64(0.42), 'environment/azk_step_deckbuild_gatecard/AZK01-122/gate_element_share': np.float64(0.42), 'environment/deckbuild_gatecard/AZK01-122/type_share/ENTITY': np.float64(0.8114285714285714), 'environment/azk_step_deckbuild_gatecard/AZK01-122/type_share/ENTITY': np.float64(0.8114285714285714), 'environment/deckbuild_gatecard/AZK01-122/type_share/SPELL': np.float64(0.14), 'environment/azk_step_deckbuild_gatecard/AZK01-122/type_share/SPELL': np.float64(0.14), 'environment/deckbuild_gatecard/AZK01-122/type_share/WEAPON': np.float64(0.04857142857142858), 'environment/azk_step_deckbuild_gatecard/AZK01-122/type_share/WEAPON': np.float64(0.04857142857142858), 'environment/deckbuild_gatecard/AZK01-122/cost_share/0_1': np.float64(0.23428571428571426), 'environment/azk_step_deckbuild_gatecard/AZK01-122/cost_share/0_1': np.float64(0.23428571428571426), 'environment/deckbuild_gatecard/AZK01-122/cost_share/2_3': np.float64(0.45999999999999996), 'environment/azk_step_deckbuild_gatecard/AZK01-122/cost_share/2_3': np.float64(0.45999999999999996), 'environment/deckbuild_gatecard/AZK01-122/cost_share/4_5': np.float64(0.2542857142857143), 'environment/azk_step_deckbuild_gatecard/AZK01-122/cost_share/4_5': np.float64(0.2542857142857143), 'environment/deckbuild_gatecard/AZK01-122/cost_share/6_plus': np.float64(0.05142857142857143), 'environment/azk_step_deckbuild_gatecard/AZK01-122/cost_share/6_plus': np.float64(0.05142857142857143), 'environment/deckbuild_gatecard/AZK01-122/leader/AZK01-121': np.float64(1.0), 'environment/azk_step_deckbuild_gatecard/AZK01-122/leader/AZK01-121': np.float64(1.0), 'environment/deckbuild_result/gate/FIRE/game': np.float64(1.0), 'environment/deckbuild_result/gate/FIRE/win': np.float64(0.2692307692307692), 'environment/deckbuild_result/gate_pair/FIRE_vs_LIGHTNING/game': np.float64(1.0), 'environment/deckbuild_result/gate_pair/FIRE_vs_LIGHTNING/win': np.float64(0.0), 'environment/deckbuild_result/gate_pair_unordered/FIRE_vs_LIGHTNING/game': np.float64(1.0), 'environment/deckbuild_result/gate_pair_unordered/FIRE_vs_LIGHTNING/win': np.float64(0.5), 'environment/deckbuild_result/gatecard/AZK01-122/game': np.float64(1.0), 'environment/deckbuild_result/gatecard/AZK01-122/win': np.float64(0.42857142857142855), 'environment/deckbuild_result/gatecard/AZK01-122/attack_rate': np.float64(0.22331458117280686), 'environment/deckbuild_result/gatecard/AZK01-122/spell_rate': np.float64(0.025057276178683554), 'environment/deckbuild_result/gatecard/AZK01-122/weapon_rate': np.float64(0.014192175918391772), 'environment/deckbuild_result/gatecard/AZK01-122/portal_rate': np.float64(0.10681279855115074), 'environment/deckbuild_result/gatecard/AZK01-122/play_entity_rate': np.float64(0.3565547934600285), 'environment/deckbuild_result/gatecard/AZK01-122/noop_rate': np.float64(0.200552904180118), 'environment/deckbuild_result/gatecard/AZK01-122/episode_length': np.float64(144.28571428571428), 'environment/deckbuild_result/gatecard/AZK01-122/leader_health': np.float64(0.0857142869915281), 'environment/deckbuild_result/gatecard/AZK01-122/ability_rate': np.float64(0.06072273477911949), 'environment/deckbuild/leader_card/STT01-001': np.float64(1.0), 'environment/azk_step_deckbuild/leader_card/STT01-001': np.float64(1.0), 'environment/deckbuild_gatecard/AZK01-120/leader/STT01-001': np.float64(1.0), 'environment/azk_step_deckbuild_gatecard/AZK01-120/leader/STT01-001': np.float64(1.0), 'environment/deckbuild_result/gate_pair/LIGHTNING_vs_FIRE/game': np.float64(1.0), 'environment/deckbuild_result/gate_pair/LIGHTNING_vs_FIRE/win': np.float64(1.0), 'environment/deckbuild_result/gate_pair/LIGHTNING_vs_LIGHTNING/game': np.float64(1.0), 'environment/deckbuild_result/gate_pair/LIGHTNING_vs_LIGHTNING/win': np.float64(0.5), 'environment/deckbuild_result/gate_pair_unordered/LIGHTNING_vs_LIGHTNING/game': np.float64(1.0), 'environment/deckbuild_result/gate_pair_unordered/LIGHTNING_vs_LIGHTNING/win': np.float64(0.5), 'environment/deckbuild_result/gate_match/game': np.float64(1.0), 'environment/deckbuild_result/gate_match/win': np.float64(0.5), 'environment/deckbuild/leader_card/AZK01-123': np.float64(1.0), 'environment/azk_step_deckbuild/leader_card/AZK01-123': np.float64(1.0), 'environment/deckbuild_gatecard/AZK01-124/game': np.float64(1.0), 'environment/azk_step_deckbuild_gatecard/AZK01-124/game': np.float64(1.0), 'environment/deckbuild_gatecard/AZK01-124/avg_cost': np.float64(3.1483333333333334), 'environment/azk_step_deckbuild_gatecard/AZK01-124/avg_cost': np.float64(3.1483333333333334), 'environment/deckbuild_gatecard/AZK01-124/main_unique': np.float64(37.5), 'environment/azk_step_deckbuild_gatecard/AZK01-124/main_unique': np.float64(37.5), 'environment/deckbuild_gatecard/AZK01-124/copy_entropy_norm': np.float64(0.9785264945432957), 'environment/azk_step_deckbuild_gatecard/AZK01-124/copy_entropy_norm': np.float64(0.9785264945432957), 'environment/deckbuild_gatecard/AZK01-124/gate_element_share': np.float64(0.44166666666666665), 'environment/azk_step_deckbuild_gatecard/AZK01-124/gate_element_share': np.float64(0.44166666666666665), 'environment/deckbuild_gatecard/AZK01-124/type_share/ENTITY': np.float64(0.7316666666666666), 'environment/azk_step_deckbuild_gatecard/AZK01-124/type_share/ENTITY': np.float64(0.7316666666666666), 'environment/deckbuild_gatecard/AZK01-124/type_share/SPELL': np.float64(0.2233333333333333), 'environment/azk_step_deckbuild_gatecard/AZK01-124/type_share/SPELL': np.float64(0.2233333333333333), 'environment/deckbuild_gatecard/AZK01-124/type_share/WEAPON': np.float64(0.045000000000000005), 'environment/azk_step_deckbuild_gatecard/AZK01-124/type_share/WEAPON': np.float64(0.045000000000000005), 'environment/deckbuild_gatecard/AZK01-124/cost_share/0_1': np.float64(0.24500000000000002), 'environment/azk_step_deckbuild_gatecard/AZK01-124/cost_share/0_1': np.float64(0.24500000000000002), 'environment/deckbuild_gatecard/AZK01-124/cost_share/2_3': np.float64(0.35833333333333334), 'environment/azk_step_deckbuild_gatecard/AZK01-124/cost_share/2_3': np.float64(0.35833333333333334), 'environment/deckbuild_gatecard/AZK01-124/cost_share/4_5': np.float64(0.285), 'environment/azk_step_deckbuild_gatecard/AZK01-124/cost_share/4_5': np.float64(0.285), 'environment/deckbuild_gatecard/AZK01-124/cost_share/6_plus': np.float64(0.11166666666666669), 'environment/azk_step_deckbuild_gatecard/AZK01-124/cost_share/6_plus': np.float64(0.11166666666666669), 'environment/deckbuild_gatecard/AZK01-124/leader/AZK01-123': np.float64(1.0), 'environment/azk_step_deckbuild_gatecard/AZK01-124/leader/AZK01-123': np.float64(1.0), 'environment/deckbuild_result/gate/EARTH/game': np.float64(1.0), 'environment/deckbuild_result/gate/EARTH/win': np.float64(0.5869565217391305), 'environment/deckbuild_result/gate_pair/EARTH_vs_LIGHTNING/game': np.float64(1.0), 'environment/deckbuild_result/gate_pair/EARTH_vs_LIGHTNING/win': np.float64(0.6), 'environment/deckbuild_result/gate_pair_unordered/EARTH_vs_LIGHTNING/game': np.float64(1.0), 'environment/deckbuild_result/gate_pair_unordered/EARTH_vs_LIGHTNING/win': np.float64(0.5), 'environment/deckbuild_result/gatecard/AZK01-124/game': np.float64(1.0), 'environment/deckbuild_result/gatecard/AZK01-124/win': np.float64(0.5), 'environment/deckbuild_result/gatecard/AZK01-124/attack_rate': np.float64(0.1866701040416956), 'environment/deckbuild_result/gatecard/AZK01-124/spell_rate': np.float64(0.03781560699765881), 'environment/deckbuild_result/gatecard/AZK01-124/weapon_rate': np.float64(0.005956937869389852), 'environment/deckbuild_result/gatecard/AZK01-124/portal_rate': np.float64(0.09337962480882804), 'environment/deckbuild_result/gatecard/AZK01-124/play_entity_rate': np.float64(0.3174573965370655), 'environment/deckbuild_result/gatecard/AZK01-124/noop_rate': np.float64(0.22607827807466188), 'environment/deckbuild_result/gatecard/AZK01-124/episode_length': np.float64(144.16666666666666), 'environment/deckbuild_result/gatecard/AZK01-124/leader_health': np.float64(0.2874999971439441), 'environment/deckbuild_result/gatecard/AZK01-124/ability_rate': np.float64(0.061566589710613094), 'environment/deckbuild_gatecard/STT01-002/game': np.float64(1.0), 'environment/azk_step_deckbuild_gatecard/STT01-002/game': np.float64(1.0), 'environment/deckbuild_gatecard/STT01-002/avg_cost': np.float64(2.8421428571428575), 'environment/azk_step_deckbuild_gatecard/STT01-002/avg_cost': np.float64(2.8421428571428575), 'environment/deckbuild_gatecard/STT01-002/main_unique': np.float64(37.214285714285715), 'environment/azk_step_deckbuild_gatecard/STT01-002/main_unique': np.float64(37.214285714285715), 'environment/deckbuild_gatecard/STT01-002/copy_entropy_norm': np.float64(0.9766780484382128), 'environment/azk_step_deckbuild_gatecard/STT01-002/copy_entropy_norm': np.float64(0.9766780484382128), 'environment/deckbuild_gatecard/STT01-002/gate_element_share': np.float64(0.3821428571428571), 'environment/azk_step_deckbuild_gatecard/STT01-002/gate_element_share': np.float64(0.3821428571428571), 'environment/deckbuild_gatecard/STT01-002/type_share/ENTITY': np.float64(0.705), 'environment/azk_step_deckbuild_gatecard/STT01-002/type_share/ENTITY': np.float64(0.705), 'environment/deckbuild_gatecard/STT01-002/type_share/SPELL': np.float64(0.16142857142857145), 'environment/azk_step_deckbuild_gatecard/STT01-002/type_share/SPELL': np.float64(0.16142857142857145), 'environment/deckbuild_gatecard/STT01-002/type_share/WEAPON': np.float64(0.1335714285714286), 'environment/azk_step_deckbuild_gatecard/STT01-002/type_share/WEAPON': np.float64(0.1335714285714286), 'environment/deckbuild_gatecard/STT01-002/cost_share/0_1': np.float64(0.25999999999999995), 'environment/azk_step_deckbuild_gatecard/STT01-002/cost_share/0_1': np.float64(0.25999999999999995), 'environment/deckbuild_gatecard/STT01-002/cost_share/2_3': np.float64(0.3964285714285714), 'environment/azk_step_deckbuild_gatecard/STT01-002/cost_share/2_3': np.float64(0.3964285714285714), 'environment/deckbuild_gatecard/STT01-002/cost_share/4_5': np.float64(0.29928571428571427), 'environment/azk_step_deckbuild_gatecard/STT01-002/cost_share/4_5': np.float64(0.29928571428571427), 'environment/deckbuild_gatecard/STT01-002/cost_share/6_plus': np.float64(0.044285714285714296), 'environment/azk_step_deckbuild_gatecard/STT01-002/cost_share/6_plus': np.float64(0.044285714285714296), 'environment/deckbuild_gatecard/STT01-002/leader/STT01-001': np.float64(1.0), 'environment/azk_step_deckbuild_gatecard/STT01-002/leader/STT01-001': np.float64(1.0), 'environment/deckbuild_result/gate_pair/LIGHTNING_vs_EARTH/game': np.float64(1.0), 'environment/deckbuild_result/gate_pair/LIGHTNING_vs_EARTH/win': np.float64(0.4), 'environment/deckbuild_result/gatecard/STT01-002/game': np.float64(1.0), 'environment/deckbuild_result/gatecard/STT01-002/win': np.float64(0.5714285714285714), 'environment/deckbuild_result/gatecard/STT01-002/attack_rate': np.float64(0.22047842187540873), 'environment/deckbuild_result/gatecard/STT01-002/spell_rate': np.float64(0.026790787066732134), 'environment/deckbuild_result/gatecard/STT01-002/weapon_rate': np.float64(0.03228185339165585), 'environment/deckbuild_result/gatecard/STT01-002/portal_rate': np.float64(0.10009835660457611), 'environment/deckbuild_result/gatecard/STT01-002/play_entity_rate': np.float64(0.35321069402354105), 'environment/deckbuild_result/gatecard/STT01-002/noop_rate': np.float64(0.21327932391847884), 'environment/deckbuild_result/gatecard/STT01-002/episode_length': np.float64(145.21428571428572), 'environment/deckbuild_result/gatecard/STT01-002/leader_health': np.float64(0.23750000074505806), 'environment/deckbuild_result/gatecard/STT01-002/ability_rate': np.float64(0.018493241563971554), 'environment/deckbuild_gatecard/STT01-002/leader/AZK01-119': np.float64(1.0), 'environment/azk_step_deckbuild_gatecard/STT01-002/leader/AZK01-119': np.float64(1.0), 'environment/deckbuild/leader_card/AZK01-125': np.float64(1.0), 'environment/azk_step_deckbuild/leader_card/AZK01-125': np.float64(1.0), 'environment/deckbuild_gatecard/STT02-002/game': np.float64(1.0), 'environment/azk_step_deckbuild_gatecard/STT02-002/game': np.float64(1.0), 'environment/deckbuild_gatecard/STT02-002/avg_cost': np.float64(2.787727272727272), 'environment/azk_step_deckbuild_gatecard/STT02-002/avg_cost': np.float64(2.787727272727272), 'environment/deckbuild_gatecard/STT02-002/main_unique': np.float64(37.47727272727273), 'environment/azk_step_deckbuild_gatecard/STT02-002/main_unique': np.float64(37.47727272727273), 'environment/deckbuild_gatecard/STT02-002/copy_entropy_norm': np.float64(0.9774817215686984), 'environment/azk_step_deckbuild_gatecard/STT02-002/copy_entropy_norm': np.float64(0.9774817215686984), 'environment/deckbuild_gatecard/STT02-002/gate_element_share': np.float64(0.41), 'environment/azk_step_deckbuild_gatecard/STT02-002/gate_element_share': np.float64(0.41), 'environment/deckbuild_gatecard/STT02-002/type_share/ENTITY': np.float64(0.7081818181818181), 'environment/azk_step_deckbuild_gatecard/STT02-002/type_share/ENTITY': np.float64(0.7081818181818181), 'environment/deckbuild_gatecard/STT02-002/type_share/SPELL': np.float64(0.25), 'environment/azk_step_deckbuild_gatecard/STT02-002/type_share/SPELL': np.float64(0.25), 'environment/deckbuild_gatecard/STT02-002/type_share/WEAPON': np.float64(0.041818181818181824), 'environment/azk_step_deckbuild_gatecard/STT02-002/type_share/WEAPON': np.float64(0.041818181818181824), 'environment/deckbuild_gatecard/STT02-002/cost_share/0_1': np.float64(0.2672727272727273), 'environment/azk_step_deckbuild_gatecard/STT02-002/cost_share/0_1': np.float64(0.2672727272727273), 'environment/deckbuild_gatecard/STT02-002/cost_share/2_3': np.float64(0.4436363636363636), 'environment/azk_step_deckbuild_gatecard/STT02-002/cost_share/2_3': np.float64(0.4436363636363636), 'environment/deckbuild_gatecard/STT02-002/cost_share/4_5': np.float64(0.21272727272727276), 'environment/azk_step_deckbuild_gatecard/STT02-002/cost_share/4_5': np.float64(0.21272727272727276), 'environment/deckbuild_gatecard/STT02-002/cost_share/6_plus': np.float64(0.07636363636363638), 'environment/azk_step_deckbuild_gatecard/STT02-002/cost_share/6_plus': np.float64(0.07636363636363638), 'environment/deckbuild_gatecard/STT02-002/leader/AZK01-125': np.float64(1.0), 'environment/azk_step_deckbuild_gatecard/STT02-002/leader/AZK01-125': np.float64(1.0), 'environment/deckbuild_result/gate_pair/WATER_vs_WATER/game': np.float64(1.0), 'environment/deckbuild_result/gate_pair/WATER_vs_WATER/win': np.float64(0.5), 'environment/deckbuild_result/gate_pair_unordered/WATER_vs_WATER/game': np.float64(1.0), 'environment/deckbuild_result/gate_pair_unordered/WATER_vs_WATER/win': np.float64(0.5), 'environment/deckbuild_result/gatecard/STT02-002/game': np.float64(1.0), 'environment/deckbuild_result/gatecard/STT02-002/win': np.float64(0.5681818181818182), 'environment/deckbuild_result/gatecard/STT02-002/attack_rate': np.float64(0.18913010084493595), 'environment/deckbuild_result/gatecard/STT02-002/spell_rate': np.float64(0.04740404322828082), 'environment/deckbuild_result/gatecard/STT02-002/weapon_rate': np.float64(0.0060384411957453595), 'environment/deckbuild_result/gatecard/STT02-002/portal_rate': np.float64(0.0955180839042772), 'environment/deckbuild_result/gatecard/STT02-002/play_entity_rate': np.float64(0.34882617674090644), 'environment/deckbuild_result/gatecard/STT02-002/noop_rate': np.float64(0.20815809714523228), 'environment/deckbuild_result/gatecard/STT02-002/episode_length': np.float64(145.86363636363637), 'environment/deckbuild_result/gatecard/STT02-002/leader_health': np.float64(0.27840909226374194), 'environment/deckbuild_result/gatecard/STT02-002/ability_rate': np.float64(0.04281866434030235), 'environment/deckbuild_gatecard/AZK01-126/leader/AZK01-125': np.float64(1.0), 'environment/azk_step_deckbuild_gatecard/AZK01-126/leader/AZK01-125': np.float64(1.0), 'environment/deckbuild/leader_card/STT04-001': np.float64(1.0), 'environment/azk_step_deckbuild/leader_card/STT04-001': np.float64(1.0), 'environment/deckbuild_gatecard/STT04-002/game': np.float64(1.0), 'environment/azk_step_deckbuild_gatecard/STT04-002/game': np.float64(1.0), 'environment/deckbuild_gatecard/STT04-002/avg_cost': np.float64(2.902857142857143), 'environment/azk_step_deckbuild_gatecard/STT04-002/avg_cost': np.float64(2.902857142857143), 'environment/deckbuild_gatecard/STT04-002/main_unique': np.float64(37.285714285714285), 'environment/azk_step_deckbuild_gatecard/STT04-002/main_unique': np.float64(37.285714285714285), 'environment/deckbuild_gatecard/STT04-002/copy_entropy_norm': np.float64(0.9770834525680652), 'environment/azk_step_deckbuild_gatecard/STT04-002/copy_entropy_norm': np.float64(0.9770834525680652), 'environment/deckbuild_gatecard/STT04-002/gate_element_share': np.float64(0.40857142857142853), 'environment/azk_step_deckbuild_gatecard/STT04-002/gate_element_share': np.float64(0.40857142857142853), 'environment/deckbuild_gatecard/STT04-002/type_share/ENTITY': np.float64(0.7571428571428571), 'environment/azk_step_deckbuild_gatecard/STT04-002/type_share/ENTITY': np.float64(0.7571428571428571), 'environment/deckbuild_gatecard/STT04-002/type_share/SPELL': np.float64(0.18285714285714283), 'environment/azk_step_deckbuild_gatecard/STT04-002/type_share/SPELL': np.float64(0.18285714285714283), 'environment/deckbuild_gatecard/STT04-002/type_share/WEAPON': np.float64(0.060000000000000005), 'environment/azk_step_deckbuild_gatecard/STT04-002/type_share/WEAPON': np.float64(0.060000000000000005), 'environment/deckbuild_gatecard/STT04-002/cost_share/0_1': np.float64(0.22857142857142862), 'environment/azk_step_deckbuild_gatecard/STT04-002/cost_share/0_1': np.float64(0.22857142857142862), 'environment/deckbuild_gatecard/STT04-002/cost_share/2_3': np.float64(0.4342857142857143), 'environment/azk_step_deckbuild_gatecard/STT04-002/cost_share/2_3': np.float64(0.4342857142857143), 'environment/deckbuild_gatecard/STT04-002/cost_share/4_5': np.float64(0.26571428571428574), 'environment/azk_step_deckbuild_gatecard/STT04-002/cost_share/4_5': np.float64(0.26571428571428574), 'environment/deckbuild_gatecard/STT04-002/cost_share/6_plus': np.float64(0.07142857142857142), 'environment/azk_step_deckbuild_gatecard/STT04-002/cost_share/6_plus': np.float64(0.07142857142857142), 'environment/deckbuild_gatecard/STT04-002/leader/STT04-001': np.float64(1.0), 'environment/azk_step_deckbuild_gatecard/STT04-002/leader/STT04-001': np.float64(1.0), 'environment/deckbuild_result/gate_pair/FIRE_vs_EARTH/game': np.float64(1.0), 'environment/deckbuild_result/gate_pair/FIRE_vs_EARTH/win': np.float64(0.4), 'environment/deckbuild_result/gate_pair_unordered/EARTH_vs_FIRE/game': np.float64(1.0), 'environment/deckbuild_result/gate_pair_unordered/EARTH_vs_FIRE/win': np.float64(0.5), 'environment/deckbuild_result/gatecard/STT04-002/game': np.float64(1.0), 'environment/deckbuild_result/gatecard/STT04-002/win': np.float64(0.14285714285714285), 'environment/deckbuild_result/gatecard/STT04-002/attack_rate': np.float64(0.17300921359232493), 'environment/deckbuild_result/gatecard/STT04-002/spell_rate': np.float64(0.04071482962795666), 'environment/deckbuild_result/gatecard/STT04-002/weapon_rate': np.float64(0.014948240614363126), 'environment/deckbuild_result/gatecard/STT04-002/portal_rate': np.float64(0.08830547226326806), 'environment/deckbuild_result/gatecard/STT04-002/play_entity_rate': np.float64(0.3272440476076944), 'environment/deckbuild_result/gatecard/STT04-002/noop_rate': np.float64(0.18451270248208726), 'environment/deckbuild_result/gatecard/STT04-002/episode_length': np.float64(146.85714285714286), 'environment/deckbuild_result/gatecard/STT04-002/leader_health': np.float64(0.08571428912026542), 'environment/deckbuild_result/gatecard/STT04-002/ability_rate': np.float64(0.06714365178985256), 'environment/deckbuild_gatecard/STT03-002/game': np.float64(1.0), 'environment/azk_step_deckbuild_gatecard/STT03-002/game': np.float64(1.0), 'environment/deckbuild_gatecard/STT03-002/avg_cost': np.float64(3.29125), 'environment/azk_step_deckbuild_gatecard/STT03-002/avg_cost': np.float64(3.29125), 'environment/deckbuild_gatecard/STT03-002/main_unique': np.float64(38.0), 'environment/azk_step_deckbuild_gatecard/STT03-002/main_unique': np.float64(38.0), 'environment/deckbuild_gatecard/STT03-002/copy_entropy_norm': np.float64(0.9777385930062759), 'environment/azk_step_deckbuild_gatecard/STT03-002/copy_entropy_norm': np.float64(0.9777385930062759), 'environment/deckbuild_gatecard/STT03-002/gate_element_share': np.float64(0.43875), 'environment/azk_step_deckbuild_gatecard/STT03-002/gate_element_share': np.float64(0.43875), 'environment/deckbuild_gatecard/STT03-002/type_share/ENTITY': np.float64(0.7262500000000001), 'environment/azk_step_deckbuild_gatecard/STT03-002/type_share/ENTITY': np.float64(0.7262500000000001), 'environment/deckbuild_gatecard/STT03-002/type_share/SPELL': np.float64(0.22000000000000003), 'environment/azk_step_deckbuild_gatecard/STT03-002/type_share/SPELL': np.float64(0.22000000000000003), 'environment/deckbuild_gatecard/STT03-002/type_share/WEAPON': np.float64(0.053750000000000006), 'environment/azk_step_deckbuild_gatecard/STT03-002/type_share/WEAPON': np.float64(0.053750000000000006), 'environment/deckbuild_gatecard/STT03-002/cost_share/0_1': np.float64(0.245), 'environment/azk_step_deckbuild_gatecard/STT03-002/cost_share/0_1': np.float64(0.245), 'environment/deckbuild_gatecard/STT03-002/cost_share/2_3': np.float64(0.33999999999999997), 'environment/azk_step_deckbuild_gatecard/STT03-002/cost_share/2_3': np.float64(0.33999999999999997), 'environment/deckbuild_gatecard/STT03-002/cost_share/4_5': np.float64(0.28375000000000006), 'environment/azk_step_deckbuild_gatecard/STT03-002/cost_share/4_5': np.float64(0.28375000000000006), 'environment/deckbuild_gatecard/STT03-002/cost_share/6_plus': np.float64(0.13125), 'environment/azk_step_deckbuild_gatecard/STT03-002/cost_share/6_plus': np.float64(0.13125), 'environment/deckbuild_gatecard/STT03-002/leader/AZK01-123': np.float64(1.0), 'environment/azk_step_deckbuild_gatecard/STT03-002/leader/AZK01-123': np.float64(1.0), 'environment/deckbuild_result/gate_pair/EARTH_vs_FIRE/game': np.float64(1.0), 'environment/deckbuild_result/gate_pair/EARTH_vs_FIRE/win': np.float64(0.6), 'environment/deckbuild_result/gatecard/STT03-002/game': np.float64(1.0), 'environment/deckbuild_result/gatecard/STT03-002/win': np.float64(0.625), 'environment/deckbuild_result/gatecard/STT03-002/attack_rate': np.float64(0.17491944413632154), 'environment/deckbuild_result/gatecard/STT03-002/spell_rate': np.float64(0.042026097245980054), 'environment/deckbuild_result/gatecard/STT03-002/weapon_rate': np.float64(0.00868478580377996), 'environment/deckbuild_result/gatecard/STT03-002/portal_rate': np.float64(0.0844779487233609), 'environment/deckbuild_result/gatecard/STT03-002/play_entity_rate': np.float64(0.3107430785894394), 'environment/deckbuild_result/gatecard/STT03-002/noop_rate': np.float64(0.23515410348773003), 'environment/deckbuild_result/gatecard/STT03-002/episode_length': np.float64(146.375), 'environment/deckbuild_result/gatecard/STT03-002/leader_health': np.float64(0.2843750037718564), 'environment/deckbuild_result/gatecard/STT03-002/ability_rate': np.float64(0.05793428322067484), 'environment/deckbuild_gatecard/STT02-002/leader/STT02-001': np.float64(1.0), 'environment/azk_step_deckbuild_gatecard/STT02-002/leader/STT02-001': np.float64(1.0), 'environment/deckbuild_result/gate_pair/WATER_vs_EARTH/game': np.float64(1.0), 'environment/deckbuild_result/gate_pair/WATER_vs_EARTH/win': np.float64(0.375), 'environment/deckbuild_result/gate_pair_unordered/EARTH_vs_WATER/game': np.float64(1.0), 'environment/deckbuild_result/gate_pair_unordered/EARTH_vs_WATER/win': np.float64(0.5), 'environment/deckbuild_result/gate_pair/EARTH_vs_WATER/game': np.float64(1.0), 'environment/deckbuild_result/gate_pair/EARTH_vs_WATER/win': np.float64(0.625), 'environment/deckbuild_gatecard/AZK01-122/leader/STT04-001': np.float64(1.0), 'environment/azk_step_deckbuild_gatecard/AZK01-122/leader/STT04-001': np.float64(1.0), 'environment/deckbuild/leader_card/STT03-001': np.float64(1.0), 'environment/azk_step_deckbuild/leader_card/STT03-001': np.float64(1.0), 'environment/deckbuild_gatecard/STT03-002/leader/STT03-001': np.float64(1.0), 'environment/azk_step_deckbuild_gatecard/STT03-002/leader/STT03-001': np.float64(1.0), 'environment/deckbuild_result/gate_pair/EARTH_vs_EARTH/game': np.float64(1.0), 'environment/deckbuild_result/gate_pair/EARTH_vs_EARTH/win': np.float64(0.5), 'environment/deckbuild_result/gate_pair_unordered/EARTH_vs_EARTH/game': np.float64(1.0), 'environment/deckbuild_result/gate_pair_unordered/EARTH_vs_EARTH/win': np.float64(0.5), 'environment/deckbuild_gatecard/AZK01-124/leader/STT03-001': np.float64(1.0), 'environment/azk_step_deckbuild_gatecard/AZK01-124/leader/STT03-001': np.float64(1.0), 'environment/deckbuild_result/gate_pair/FIRE_vs_FIRE/game': np.float64(1.0), 'environment/deckbuild_result/gate_pair/FIRE_vs_FIRE/win': np.float64(0.5), 'environment/deckbuild_result/gate_pair_unordered/FIRE_vs_FIRE/game': np.float64(1.0), 'environment/deckbuild_result/gate_pair_unordered/FIRE_vs_FIRE/win': np.float64(0.5), 'environment/deckbuild_result/gate_pair/FIRE_vs_WATER/game': np.float64(1.0), 'environment/deckbuild_result/gate_pair/FIRE_vs_WATER/win': np.float64(0.25), 'environment/deckbuild_result/gate_pair_unordered/FIRE_vs_WATER/game': np.float64(1.0), 'environment/deckbuild_result/gate_pair_unordered/FIRE_vs_WATER/win': np.float64(0.5), 'environment/deckbuild_result/gate_pair/WATER_vs_FIRE/game': np.float64(1.0), 'environment/deckbuild_result/gate_pair/WATER_vs_FIRE/win': np.float64(0.75), 'environment/deckbuild_gatecard/STT04-002/leader/AZK01-121': np.float64(1.0), 'environment/azk_step_deckbuild_gatecard/STT04-002/leader/AZK01-121': np.float64(1.0), 'losses/policy_loss': 0.005689641460776329, 'losses/value_loss': 0.11272778362035751, 'losses/value_loss_total': 0.11272778362035751, 'losses/entropy': 1.0142649412155151, 'losses/old_approx_kl': -5.8132332924287766e-05, 'losses/approx_kl': 3.776254743570462e-06, 'losses/clipfrac': 0.0, 'losses/importance': 1.0000619888305664, 'losses/win_prob_aux_loss': 0.69140625, 'losses/win_prob_aux_labeled_frac': 0.27734375, 'losses/explained_variance': 0.0413932204246521, 'losses/win_prob_aux_accuracy': 0.62890625, 'losses/win_prob_aux_brier': 0.2490234375, 'losses/win_prob_aux_pred_mean': 0.498046875, 'losses/win_prob_aux_target_mean': 0.498046875, 'performance/eval': 22.292821407318115, 'performance/train': 23.861221075057983, 'performance/eval_forward': 21.706587076187134, 'performance/env': 0.07550716400146484, 'performance/eval_copy': 0.44376134872436523, 'performance/eval_misc': 0.06683468818664551, 'performance/train_forward': 4.918789863586426, 'performance/learn_backward': 9.252855777740479, 'performance/learn_opt': 9.539103507995605, 'performance/train_copy': 0.007479190826416016, 'performance/train_misc': 0.14286518096923828}
[0;0H╭──────────────────────────────────────────────────────────────────────────────╮
│  PufferLib 4.0    🐡            CPU:     GPU: 0.0%  DRAM: 8.6%   VRAM: 0.0%  │
│                                153.1%                                        │
│                                                                              │
│  Summary          Value    Evaluate     22s  46%    Losses            Value  │
│  Env        azuki_local      Forwa…     21s  45%    policy_loss       0.004  │
│  Params           90.2M      Env         0s   0%    value_loss        0.079  │
│  Steps           261.1K      Copy        0s   1%    value_loss_to…    0.079  │
│  SPS               5.2K      Misc        0s   0%    entropy           1.185  │
│  Epoch               17    Train        23s  53%    old_approx_kl     0.000  │
│  Uptime          1m 36s      Forwa…      4s  10%    approx_kl         0.000  │
│  Remaini…            8s      Backw…      9s  20%    clipfrac          0.000  │
│                              Optim…      9s  21%    importance        1.000  │
│                              Copy        0s   0%    win_prob_aux_…    0.691  │
│                              Misc        0s   0%    win_prob_aux_…    0.180  │
│                                                     explained_var…    0.051  │
│                                                     win_prob_aux_…    0.676  │
│                                                     win_prob_aux_…    0.246  │
│                                                     win_prob_aux_…    0.496  │
│                                                     win_prob_aux_…    0.500  │
│                                                                              │
│  User Stats                    Value    User Stats                    Value  │
│  league/active                 1.000    sampler/subaction_tem…        1.200  │
│  sampler/smoothing_eps         0.050    anneal/ent_coef               0.005  │
│  perf                          0.000    score                         0.000  │
│  episode_return                0.517    episode_length              161.703  │
│  p0_episode_return             0.517    p1_episode_return            -0.517  │
│  p0_winrate                    0.536    p1_winrate                    0.464  │
│  p0_start_rate                 0.662    p1_start_rate                 0.338  │
│  draw_rate                     0.000    timeout_truncation_ra…        0.000  │
│  auto_tick_truncation_…        0.000    zero_legal_action_tru…        0.000  │
│  gameover_terminal_rate        1.000    winner_terminal_rate          1.000  │
│  curriculum_episode_cap        0.000    reward_shaping_scale          1.000  │
│  completed_episodes            1.000    p0_noop_selected_rate         0.206  │
│  p1_noop_selected_rate         0.207    p0_attack_selected_ra…        0.189  │
│  p1_attack_selected_ra…        0.195    p0_attach_weapon_from…        0.013  │
│  p1_attach_weapon_from…        0.016    p0_play_spell_from_ha…        0.043  │
╰──────────────────────────────────────────────────────────────────────────────╯

[epoch 17] {'SPS': 5223.652215708925, 'agent_steps': 261120, 'uptime': 96.74195623397827, 'epoch': 17, 'learning_rate': 0.0001634902137174484, 'environment/league/active': np.float64(1.0), 'environment/sampler/subaction_temperature': np.float64(1.2), 'environment/sampler/smoothing_eps': np.float64(0.05), 'environment/anneal/ent_coef': np.float64(0.004666666666666667), 'environment/perf': np.float64(0.0), 'environment/score': np.float64(0.0), 'environment/episode_return': np.float64(0.5170398918358056), 'environment/episode_length': np.float64(161.7027027027027), 'environment/p0_episode_return': np.float64(0.5170398918358056), 'environment/p1_episode_return': np.float64(-0.5170398918358056), 'environment/p0_winrate': np.float64(0.5360360363045255), 'environment/p1_winrate': np.float64(0.46396396450094274), 'environment/p0_start_rate': np.float64(0.6621621621621622), 'environment/p1_start_rate': np.float64(0.33783783783783783), 'environment/draw_rate': np.float64(0.0), 'environment/timeout_truncation_rate': np.float64(0.0), 'environment/auto_tick_truncation_rate': np.float64(0.0), 'environment/zero_legal_action_truncation_rate': np.float64(0.0), 'environment/gameover_terminal_rate': np.float64(1.0), 'environment/winner_terminal_rate': np.float64(1.0), 'environment/curriculum_episode_cap': np.float64(0.0), 'environment/reward_shaping_scale': np.float64(1.0), 'environment/completed_episodes': np.float64(1.0), 'environment/p0_noop_selected_rate': np.float64(0.2063331197242479), 'environment/p1_noop_selected_rate': np.float64(0.2068077909785348), 'environment/p0_attack_selected_rate': np.float64(0.1888493458564217), 'environment/p1_attack_selected_rate': np.float64(0.1950895802394764), 'environment/p0_attach_weapon_from_hand_selected_rate': np.float64(0.012649566287527213), 'environment/p1_attach_weapon_from_hand_selected_rate': np.float64(0.01607318194834767), 'environment/p0_play_spell_from_hand_selected_rate': np.float64(0.043207645416259766), 'environment/p1_play_spell_from_hand_selected_rate': np.float64(0.03982471986799627), 'environment/p0_activate_garden_or_leader_ability_selected_rate': np.float64(0.04952577151660178), 'environment/p1_activate_garden_or_leader_ability_selected_rate': np.float64(0.047654452758866386), 'environment/p0_activate_alley_ability_selected_rate': np.float64(0.0024476644356508513), 'environment/p1_activate_alley_ability_selected_rate': np.float64(0.0012955557353593208), 'environment/p0_gate_portal_selected_rate': np.float64(0.08986740408314241), 'environment/p1_gate_portal_selected_rate': np.float64(0.08569436711636749), 'environment/p0_play_entity_to_alley_selected_rate': np.float64(0.1042320108091509), 'environment/p1_play_entity_to_alley_selected_rate': np.float64(0.10290677070214942), 'environment/p0_play_entity_to_garden_selected_rate': np.float64(0.06401472120873027), 'environment/p1_play_entity_to_garden_selected_rate': np.float64(0.0709681428868223), 'environment/p0_play_selected_rate': np.float64(0.3139713458918236), 'environment/p1_play_selected_rate': np.float64(0.31546718365437276), 'environment/p0_ability_selected_rate': np.float64(0.06805846135358552), 'environment/p1_ability_selected_rate': np.float64(0.06731487898709806), 'environment/p0_target_selected_rate': np.float64(0.22172785429535685), 'environment/p1_target_selected_rate': np.float64(0.21229483066378413), 'environment/p0_avg_leader_health': np.float64(0.24707207290103306), 'environment/p1_avg_leader_health': np.float64(0.19324324280023575), 'environment/p0_entity_damage_dealt': np.float64(0.0), 'environment/p1_entity_damage_dealt': np.float64(0.0), 'environment/p0_entity_damage_taken': np.float64(0.0), 'environment/p1_entity_damage_taken': np.float64(0.0), 'environment/p0_generated_ikz_created': np.float64(0.0), 'environment/p1_generated_ikz_created': np.float64(0.0), 'environment/p0_generated_ikz_converted': np.float64(0.0), 'environment/p1_generated_ikz_converted': np.float64(0.0), 'environment/p0_generated_ikz_conversion_rate': np.float64(0.0), 'environment/p1_generated_ikz_conversion_rate': np.float64(0.0), 'environment/p0_temporary_charge_realized': np.float64(0.0), 'environment/p1_temporary_charge_realized': np.float64(0.0), 'environment/p0_temporary_attack_damage_realized': np.float64(0.0), 'environment/p1_temporary_attack_damage_realized': np.float64(0.0), 'environment/p0_contextual_response_reserve_opportunities': np.float64(0.0), 'environment/p1_contextual_response_reserve_opportunities': np.float64(0.0), 'environment/n': np.float64(1.1891891891891893), 'environment/deckbuild/completed': np.float64(1.0), 'environment/azk_step_deckbuild/completed': np.float64(1.0), 'environment/deckbuild/picks': np.float64(51.0), 'environment/azk_step_deckbuild/picks': np.float64(51.0), 'environment/deckbuild/main_count': np.float64(50.0), 'environment/azk_step_deckbuild/main_count': np.float64(50.0), 'environment/deckbuild/main_unique': np.float64(37.304054054054056), 'environment/azk_step_deckbuild/main_unique': np.float64(37.304054054054056), 'environment/deckbuild/main_unique_share': np.float64(0.7460810810810811), 'environment/azk_step_deckbuild/main_unique_share': np.float64(0.7460810810810811), 'environment/deckbuild/main_avg_copies_per_unique': np.float64(1.34709679828748), 'environment/azk_step_deckbuild/main_avg_copies_per_unique': np.float64(1.34709679828748), 'environment/deckbuild/main_max_copy_count': np.float64(3.191441441441442), 'environment/azk_step_deckbuild/main_max_copy_count': np.float64(3.191441441441442), 'environment/deckbuild/main_copy_entropy': np.float64(3.5334487619830153), 'environment/azk_step_deckbuild/main_copy_entropy': np.float64(3.5334487619830153), 'environment/deckbuild/main_copy_entropy_norm': np.float64(0.9769180464408581), 'environment/azk_step_deckbuild/main_copy_entropy_norm': np.float64(0.9769180464408581), 'environment/deckbuild/main_singleton_count': np.float64(26.909909909909913), 'environment/azk_step_deckbuild/main_singleton_count': np.float64(26.909909909909913), 'environment/deckbuild/main_pair_count': np.float64(8.457207207207206), 'environment/azk_step_deckbuild/main_pair_count': np.float64(8.457207207207206), 'environment/deckbuild/main_triplet_count': np.float64(1.5720720720720722), 'environment/azk_step_deckbuild/main_triplet_count': np.float64(1.5720720720720722), 'environment/deckbuild/main_quad_count': np.float64(0.36486486486486486), 'environment/azk_step_deckbuild/main_quad_count': np.float64(0.36486486486486486), 'environment/deckbuild/main_singleton_slot_share': np.float64(0.5381981981981983), 'environment/azk_step_deckbuild/main_singleton_slot_share': np.float64(0.5381981981981983), 'environment/deckbuild/main_pair_slot_share': np.float64(0.3382882882882883), 'environment/azk_step_deckbuild/main_pair_slot_share': np.float64(0.3382882882882883), 'environment/deckbuild/main_triplet_slot_share': np.float64(0.0943243243243243), 'environment/azk_step_deckbuild/main_triplet_slot_share': np.float64(0.0943243243243243), 'environment/deckbuild/main_quad_slot_share': np.float64(0.02918918918918919), 'environment/azk_step_deckbuild/main_quad_slot_share': np.float64(0.02918918918918919), 'environment/deckbuild/main_normal_share': np.float64(0.5765315315315316), 'environment/azk_step_deckbuild/main_normal_share': np.float64(0.5765315315315316), 'environment/deckbuild/main_gate_element_share': np.float64(0.4234684684684685), 'environment/azk_step_deckbuild/main_gate_element_share': np.float64(0.4234684684684685), 'environment/deckbuild/gate_match': np.float64(0.47747747747747743), 'environment/azk_step_deckbuild/gate_match': np.float64(0.47747747747747743), 'environment/deckbuild/gate/EARTH': np.float64(0.3130630630630631), 'environment/azk_step_deckbuild/gate/EARTH': np.float64(0.3130630630630631), 'environment/deckbuild/opponent_gate/EARTH': np.float64(0.3130630630630631), 'environment/azk_step_deckbuild/opponent_gate/EARTH': np.float64(0.3130630630630631), 'environment/deckbuild/leader/EARTH': np.float64(0.3130630630630631), 'environment/azk_step_deckbuild/leader/EARTH': np.float64(0.3130630630630631), 'environment/deckbuild/gate/FIRE': np.float64(0.0945945945945946), 'environment/azk_step_deckbuild/gate/FIRE': np.float64(0.0945945945945946), 'environment/deckbuild/opponent_gate/FIRE': np.float64(0.0945945945945946), 'environment/azk_step_deckbuild/opponent_gate/FIRE': np.float64(0.0945945945945946), 'environment/deckbuild/leader/FIRE': np.float64(0.0945945945945946), 'environment/azk_step_deckbuild/leader/FIRE': np.float64(0.0945945945945946), 'environment/deckbuild/gate/LIGHTNING': np.float64(0.13288288288288286), 'environment/azk_step_deckbuild/gate/LIGHTNING': np.float64(0.13288288288288286), 'environment/deckbuild/opponent_gate/LIGHTNING': np.float64(0.13288288288288286), 'environment/azk_step_deckbuild/opponent_gate/LIGHTNING': np.float64(0.13288288288288286), 'environment/deckbuild/leader/LIGHTNING': np.float64(0.13288288288288286), 'environment/azk_step_deckbuild/leader/LIGHTNING': np.float64(0.13288288288288286), 'environment/deckbuild/gate/WATER': np.float64(0.4594594594594595), 'environment/azk_step_deckbuild/gate/WATER': np.float64(0.4594594594594595), 'environment/deckbuild/opponent_gate/WATER': np.float64(0.4594594594594595), 'environment/azk_step_deckbuild/opponent_gate/WATER': np.float64(0.4594594594594595), 'environment/deckbuild/leader/WATER': np.float64(0.4594594594594595), 'environment/azk_step_deckbuild/leader/WATER': np.float64(0.4594594594594595), 'environment/deckbuild/main_type_count/ENTITY': np.float64(36.21621621621622), 'environment/azk_step_deckbuild/main_type_count/ENTITY': np.float64(36.21621621621622), 'environment/deckbuild/main_type_share/ENTITY': np.float64(0.7243243243243245), 'environment/azk_step_deckbuild/main_type_share/ENTITY': np.float64(0.7243243243243245), 'environment/deckbuild/main_type_count/SPELL': np.float64(10.716216216216216), 'environment/azk_step_deckbuild/main_type_count/SPELL': np.float64(10.716216216216216), 'environment/deckbuild/main_type_share/SPELL': np.float64(0.2143243243243243), 'environment/azk_step_deckbuild/main_type_share/SPELL': np.float64(0.2143243243243243), 'environment/deckbuild/main_type_count/WEAPON': np.float64(3.0675675675675675), 'environment/azk_step_deckbuild/main_type_count/WEAPON': np.float64(3.0675675675675675), 'environment/deckbuild/main_type_share/WEAPON': np.float64(0.06135135135135134), 'environment/azk_step_deckbuild/main_type_share/WEAPON': np.float64(0.06135135135135134), 'environment/deckbuild/main_element_count/EARTH': np.float64(6.777027027027027), 'environment/azk_step_deckbuild/main_element_count/EARTH': np.float64(6.777027027027027), 'environment/deckbuild/main_element_share/EARTH': np.float64(0.13554054054054054), 'environment/azk_step_deckbuild/main_element_share/EARTH': np.float64(0.13554054054054054), 'environment/deckbuild/main_element_count/FIRE': np.float64(2.0878378378378377), 'environment/azk_step_deckbuild/main_element_count/FIRE': np.float64(2.0878378378378377), 'environment/deckbuild/main_element_share/FIRE': np.float64(0.04175675675675675), 'environment/azk_step_deckbuild/main_element_share/FIRE': np.float64(0.04175675675675675), 'environment/deckbuild/main_element_count/LIGHTNING': np.float64(2.4977477477477477), 'environment/azk_step_deckbuild/main_element_count/LIGHTNING': np.float64(2.4977477477477477), 'environment/deckbuild/main_element_share/LIGHTNING': np.float64(0.04995495495495495), 'environment/azk_step_deckbuild/main_element_share/LIGHTNING': np.float64(0.04995495495495495), 'environment/deckbuild/main_element_count/NORMAL': np.float64(28.826576576576574), 'environment/azk_step_deckbuild/main_element_count/NORMAL': np.float64(28.826576576576574), 'environment/deckbuild/main_element_share/NORMAL': np.float64(0.5765315315315316), 'environment/azk_step_deckbuild/main_element_share/NORMAL': np.float64(0.5765315315315316), 'environment/deckbuild/main_element_count/WATER': np.float64(9.81081081081081), 'environment/azk_step_deckbuild/main_element_count/WATER': np.float64(9.81081081081081), 'environment/deckbuild/main_element_share/WATER': np.float64(0.19621621621621624), 'environment/azk_step_deckbuild/main_element_share/WATER': np.float64(0.19621621621621624), 'environment/deckbuild/main_avg_cost': np.float64(2.961711711711711), 'environment/azk_step_deckbuild/main_avg_cost': np.float64(2.961711711711711), 'environment/deckbuild/main_cost_share/0_1': np.float64(0.25770270270270274), 'environment/azk_step_deckbuild/main_cost_share/0_1': np.float64(0.25770270270270274), 'environment/deckbuild/main_cost_share/2_3': np.float64(0.405), 'environment/azk_step_deckbuild/main_cost_share/2_3': np.float64(0.405), 'environment/deckbuild/main_cost_share/4_5': np.float64(0.24220720720720715), 'environment/azk_step_deckbuild/main_cost_share/4_5': np.float64(0.24220720720720715), 'environment/deckbuild/main_cost_share/6_plus': np.float64(0.09509009009009009), 'environment/azk_step_deckbuild/main_cost_share/6_plus': np.float64(0.09509009009009009), 'environment/deckbuild/leader_card/AZK01-123': np.float64(1.0), 'environment/azk_step_deckbuild/leader_card/AZK01-123': np.float64(1.0), 'environment/deckbuild_gatecard/STT03-002/game': np.float64(1.0), 'environment/azk_step_deckbuild_gatecard/STT03-002/game': np.float64(1.0), 'environment/deckbuild_gatecard/STT03-002/avg_cost': np.float64(3.123846153846154), 'environment/azk_step_deckbuild_gatecard/STT03-002/avg_cost': np.float64(3.123846153846154), 'environment/deckbuild_gatecard/STT03-002/main_unique': np.float64(37.84615384615385), 'environment/azk_step_deckbuild_gatecard/STT03-002/main_unique': np.float64(37.84615384615385), 'environment/deckbuild_gatecard/STT03-002/copy_entropy_norm': np.float64(0.9766700090530077), 'environment/azk_step_deckbuild_gatecard/STT03-002/copy_entropy_norm': np.float64(0.9766700090530077), 'environment/deckbuild_gatecard/STT03-002/gate_element_share': np.float64(0.43923076923076915), 'environment/azk_step_deckbuild_gatecard/STT03-002/gate_element_share': np.float64(0.43923076923076915), 'environment/deckbuild_gatecard/STT03-002/type_share/ENTITY': np.float64(0.7307692307692306), 'environment/azk_step_deckbuild_gatecard/STT03-002/type_share/ENTITY': np.float64(0.7307692307692306), 'environment/deckbuild_gatecard/STT03-002/type_share/SPELL': np.float64(0.22384615384615386), 'environment/azk_step_deckbuild_gatecard/STT03-002/type_share/SPELL': np.float64(0.22384615384615386), 'environment/deckbuild_gatecard/STT03-002/type_share/WEAPON': np.float64(0.04538461538461539), 'environment/azk_step_deckbuild_gatecard/STT03-002/type_share/WEAPON': np.float64(0.04538461538461539), 'environment/deckbuild_gatecard/STT03-002/cost_share/0_1': np.float64(0.23692307692307696), 'environment/azk_step_deckbuild_gatecard/STT03-002/cost_share/0_1': np.float64(0.23692307692307696), 'environment/deckbuild_gatecard/STT03-002/cost_share/2_3': np.float64(0.3853846153846154), 'environment/azk_step_deckbuild_gatecard/STT03-002/cost_share/2_3': np.float64(0.3853846153846154), 'environment/deckbuild_gatecard/STT03-002/cost_share/4_5': np.float64(0.27538461538461545), 'environment/azk_step_deckbuild_gatecard/STT03-002/cost_share/4_5': np.float64(0.27538461538461545), 'environment/deckbuild_gatecard/STT03-002/cost_share/6_plus': np.float64(0.10230769230769231), 'environment/azk_step_deckbuild_gatecard/STT03-002/cost_share/6_plus': np.float64(0.10230769230769231), 'environment/deckbuild_gatecard/STT03-002/leader/AZK01-123': np.float64(1.0), 'environment/azk_step_deckbuild_gatecard/STT03-002/leader/AZK01-123': np.float64(1.0), 'environment/deckbuild_result/game': np.float64(1.0), 'environment/deckbuild_result/win': np.float64(0.5), 'environment/deckbuild_result/gate_match': np.float64(0.47747747747747743), 'environment/deckbuild_result/gate_match_win_joint': np.float64(0.23873873873873871), 'environment/deckbuild_result/gate_mismatch': np.float64(0.5225225225225226), 'environment/deckbuild_result/gate_mismatch_win_joint': np.float64(0.2612612612612613), 'environment/deckbuild_result/gate/EARTH/game': np.float64(1.0), 'environment/deckbuild_result/gate/EARTH/win': np.float64(0.5222222222222223), 'environment/deckbuild_result/gate_pair/EARTH_vs_EARTH/game': np.float64(1.0), 'environment/deckbuild_result/gate_pair/EARTH_vs_EARTH/win': np.float64(0.5), 'environment/deckbuild_result/gate_pair_unordered/EARTH_vs_EARTH/game': np.float64(1.0), 'environment/deckbuild_result/gate_pair_unordered/EARTH_vs_EARTH/win': np.float64(0.5), 'environment/deckbuild_result/gate_match/game': np.float64(1.0), 'environment/deckbuild_result/gate_match/win': np.float64(0.5), 'environment/deckbuild_result/gate_freq/EARTH': np.float64(0.3130630630630631), 'environment/deckbuild_result/gate_win_joint/EARTH': np.float64(0.1644144144144144), 'environment/deckbuild_result/gate_freq/FIRE': np.float64(0.0945945945945946), 'environment/deckbuild_result/gate_win_joint/FIRE': np.float64(0.02702702702702703), 'environment/deckbuild_result/gate_freq/LIGHTNING': np.float64(0.13288288288288286), 'environment/deckbuild_result/gate_win_joint/LIGHTNING': np.float64(0.09234234234234234), 'environment/deckbuild_result/gate_freq/WATER': np.float64(0.4594594594594595), 'environment/deckbuild_result/gate_win_joint/WATER': np.float64(0.21621621621621623), 'environment/deckbuild_result/gate_pair_freq/EARTH_vs_EARTH': np.float64(0.16666666666666666), 'environment/deckbuild_result/gate_pair_win_joint/EARTH_vs_EARTH': np.float64(0.08333333333333333), 'environment/deckbuild_result/gate_pair_freq/EARTH_vs_FIRE': np.float64(0.013513513513513514), 'environment/deckbuild_result/gate_pair_win_joint/EARTH_vs_FIRE': np.float64(0.0), 'environment/deckbuild_result/gate_pair_freq/EARTH_vs_LIGHTNING': np.float64(0.0518018018018018), 'environment/deckbuild_result/gate_pair_win_joint/EARTH_vs_LIGHTNING': np.float64(0.013513513513513514), 'environment/deckbuild_result/gate_pair_freq/EARTH_vs_WATER': np.float64(0.08108108108108109), 'environment/deckbuild_result/gate_pair_win_joint/EARTH_vs_WATER': np.float64(0.06756756756756757), 'environment/deckbuild_result/gate_pair_freq/FIRE_vs_EARTH': np.float64(0.013513513513513514), 'environment/deckbuild_result/gate_pair_win_joint/FIRE_vs_EARTH': np.float64(0.013513513513513514), 'environment/deckbuild_result/gate_pair_freq/FIRE_vs_FIRE': np.float64(0.013513513513513514), 'environment/deckbuild_result/gate_pair_win_joint/FIRE_vs_FIRE': np.float64(0.006756756756756757), 'environment/deckbuild_result/gate_pair_freq/FIRE_vs_LIGHTNING': np.float64(0.006756756756756757), 'environment/deckbuild_result/gate_pair_win_joint/FIRE_vs_LIGHTNING': np.float64(0.0), 'environment/deckbuild_result/gate_pair_freq/FIRE_vs_WATER': np.float64(0.060810810810810814), 'environment/deckbuild_result/gate_pair_win_joint/FIRE_vs_WATER': np.float64(0.006756756756756757), 'environment/deckbuild_result/gate_pair_freq/LIGHTNING_vs_EARTH': np.float64(0.0518018018018018), 'environment/deckbuild_result/gate_pair_win_joint/LIGHTNING_vs_EARTH': np.float64(0.03828828828828829), 'environment/deckbuild_result/gate_pair_freq/LIGHTNING_vs_FIRE': np.float64(0.006756756756756757), 'environment/deckbuild_result/gate_pair_win_joint/LIGHTNING_vs_FIRE': np.float64(0.006756756756756757), 'environment/deckbuild_result/gate_pair_freq/LIGHTNING_vs_LIGHTNING': np.float64(0.02702702702702703), 'environment/deckbuild_result/gate_pair_win_joint/LIGHTNING_vs_LIGHTNING': np.float64(0.013513513513513514), 'environment/deckbuild_result/gate_pair_freq/LIGHTNING_vs_WATER': np.float64(0.0472972972972973), 'environment/deckbuild_result/gate_pair_win_joint/LIGHTNING_vs_WATER': np.float64(0.033783783783783786), 'environment/deckbuild_result/gate_pair_freq/WATER_vs_EARTH': np.float64(0.08108108108108109), 'environment/deckbuild_result/gate_pair_win_joint/WATER_vs_EARTH': np.float64(0.013513513513513514), 'environment/deckbuild_result/gate_pair_freq/WATER_vs_FIRE': np.float64(0.060810810810810814), 'environment/deckbuild_result/gate_pair_win_joint/WATER_vs_FIRE': np.float64(0.05405405405405406), 'environment/deckbuild_result/gate_pair_freq/WATER_vs_LIGHTNING': np.float64(0.0472972972972973), 'environment/deckbuild_result/gate_pair_win_joint/WATER_vs_LIGHTNING': np.float64(0.013513513513513514), 'environment/deckbuild_result/gate_pair_freq/WATER_vs_WATER': np.float64(0.2702702702702703), 'environment/deckbuild_result/gate_pair_win_joint/WATER_vs_WATER': np.float64(0.13513513513513514), 'environment/deckbuild_result/gate_pair_unordered_freq/EARTH_vs_EARTH': np.float64(0.16666666666666666), 'environment/deckbuild_result/gate_pair_unordered_win_joint/EARTH_vs_EARTH': np.float64(0.08333333333333333), 'environment/deckbuild_result/gate_pair_unordered_freq/EARTH_vs_FIRE': np.float64(0.02702702702702703), 'environment/deckbuild_result/gate_pair_unordered_win_joint/EARTH_vs_FIRE': np.float64(0.013513513513513514), 'environment/deckbuild_result/gate_pair_unordered_freq/EARTH_vs_LIGHTNING': np.float64(0.1036036036036036), 'environment/deckbuild_result/gate_pair_unordered_win_joint/EARTH_vs_LIGHTNING': np.float64(0.0518018018018018), 'environment/deckbuild_result/gate_pair_unordered_freq/EARTH_vs_WATER': np.float64(0.16216216216216217), 'environment/deckbuild_result/gate_pair_unordered_win_joint/EARTH_vs_WATER': np.float64(0.08108108108108109), 'environment/deckbuild_result/gate_pair_unordered_freq/FIRE_vs_FIRE': np.float64(0.013513513513513514), 'environment/deckbuild_result/gate_pair_unordered_win_joint/FIRE_vs_FIRE': np.float64(0.006756756756756757), 'environment/deckbuild_result/gate_pair_unordered_freq/FIRE_vs_LIGHTNING': np.float64(0.013513513513513514), 'environment/deckbuild_result/gate_pair_unordered_win_joint/FIRE_vs_LIGHTNING': np.float64(0.006756756756756757), 'environment/deckbuild_result/gate_pair_unordered_freq/FIRE_vs_WATER': np.float64(0.12162162162162163), 'environment/deckbuild_result/gate_pair_unordered_win_joint/FIRE_vs_WATER': np.float64(0.060810810810810814), 'environment/deckbuild_result/gate_pair_unordered_freq/LIGHTNING_vs_LIGHTNING': np.float64(0.02702702702702703), 'environment/deckbuild_result/gate_pair_unordered_win_joint/LIGHTNING_vs_LIGHTNING': np.float64(0.013513513513513514), 'environment/deckbuild_result/gate_pair_unordered_freq/LIGHTNING_vs_WATER': np.float64(0.0945945945945946), 'environment/deckbuild_result/gate_pair_unordered_win_joint/LIGHTNING_vs_WATER': np.float64(0.0472972972972973), 'environment/deckbuild_result/gate_pair_unordered_freq/WATER_vs_WATER': np.float64(0.2702702702702703), 'environment/deckbuild_result/gate_pair_unordered_win_joint/WATER_vs_WATER': np.float64(0.13513513513513514), 'environment/deckbuild_result/gatecard/STT03-002/game': np.float64(1.0), 'environment/deckbuild_result/gatecard/STT03-002/win': np.float64(0.5), 'environment/deckbuild_result/gatecard/STT03-002/attack_rate': np.float64(0.18219431231801325), 'environment/deckbuild_result/gatecard/STT03-002/spell_rate': np.float64(0.041974214801134974), 'environment/deckbuild_result/gatecard/STT03-002/weapon_rate': np.float64(0.010175802028523041), 'environment/deckbuild_result/gatecard/STT03-002/portal_rate': np.float64(0.09475068232187858), 'environment/deckbuild_result/gatecard/STT03-002/play_entity_rate': np.float64(0.3122071990599999), 'environment/deckbuild_result/gatecard/STT03-002/noop_rate': np.float64(0.2139656257170897), 'environment/deckbuild_result/gatecard/STT03-002/episode_length': np.float64(162.69230769230768), 'environment/deckbuild_result/gatecard/STT03-002/leader_health': np.float64(0.2807692296516437), 'environment/deckbuild_result/gatecard/STT03-002/ability_rate': np.float64(0.06228153364589581), 'environment/deckbuild_gatecard/AZK01-124/game': np.float64(1.0), 'environment/azk_step_deckbuild_gatecard/AZK01-124/game': np.float64(1.0), 'environment/deckbuild_gatecard/AZK01-124/avg_cost': np.float64(3.122), 'environment/azk_step_deckbuild_gatecard/AZK01-124/avg_cost': np.float64(3.122), 'environment/deckbuild_gatecard/AZK01-124/main_unique': np.float64(37.7), 'environment/azk_step_deckbuild_gatecard/AZK01-124/main_unique': np.float64(37.7), 'environment/deckbuild_gatecard/AZK01-124/copy_entropy_norm': np.float64(0.9783423406430962), 'environment/azk_step_deckbuild_gatecard/AZK01-124/copy_entropy_norm': np.float64(0.9783423406430962), 'environment/deckbuild_gatecard/AZK01-124/gate_element_share': np.float64(0.42266666666666663), 'environment/azk_step_deckbuild_gatecard/AZK01-124/gate_element_share': np.float64(0.42266666666666663), 'environment/deckbuild_gatecard/AZK01-124/type_share/ENTITY': np.float64(0.764), 'environment/azk_step_deckbuild_gatecard/AZK01-124/type_share/ENTITY': np.float64(0.764), 'environment/deckbuild_gatecard/AZK01-124/type_share/SPELL': np.float64(0.18733333333333332), 'environment/azk_step_deckbuild_gatecard/AZK01-124/type_share/SPELL': np.float64(0.18733333333333332), 'environment/deckbuild_gatecard/AZK01-124/type_share/WEAPON': np.float64(0.048666666666666664), 'environment/azk_step_deckbuild_gatecard/AZK01-124/type_share/WEAPON': np.float64(0.048666666666666664), 'environment/deckbuild_gatecard/AZK01-124/cost_share/0_1': np.float64(0.24400000000000005), 'environment/azk_step_deckbuild_gatecard/AZK01-124/cost_share/0_1': np.float64(0.24400000000000005), 'environment/deckbuild_gatecard/AZK01-124/cost_share/2_3': np.float64(0.3713333333333333), 'environment/azk_step_deckbuild_gatecard/AZK01-124/cost_share/2_3': np.float64(0.3713333333333333), 'environment/deckbuild_gatecard/AZK01-124/cost_share/4_5': np.float64(0.2753333333333334), 'environment/azk_step_deckbuild_gatecard/AZK01-124/cost_share/4_5': np.float64(0.2753333333333334), 'environment/deckbuild_gatecard/AZK01-124/cost_share/6_plus': np.float64(0.10933333333333332), 'environment/azk_step_deckbuild_gatecard/AZK01-124/cost_share/6_plus': np.float64(0.10933333333333332), 'environment/deckbuild_gatecard/AZK01-124/leader/AZK01-123': np.float64(1.0), 'environment/azk_step_deckbuild_gatecard/AZK01-124/leader/AZK01-123': np.float64(1.0), 'environment/deckbuild_result/gatecard/AZK01-124/game': np.float64(1.0), 'environment/deckbuild_result/gatecard/AZK01-124/win': np.float64(0.5333333333333333), 'environment/deckbuild_result/gatecard/AZK01-124/attack_rate': np.float64(0.18362605075041452), 'environment/deckbuild_result/gatecard/AZK01-124/spell_rate': np.float64(0.03235059222206473), 'environment/deckbuild_result/gatecard/AZK01-124/weapon_rate': np.float64(0.01224874056254824), 'environment/deckbuild_result/gatecard/AZK01-124/portal_rate': np.float64(0.09723849793275197), 'environment/deckbuild_result/gatecard/AZK01-124/play_entity_rate': np.float64(0.3204404016335805), 'environment/deckbuild_result/gatecard/AZK01-124/noop_rate': np.float64(0.19576611071825029), 'environment/deckbuild_result/gatecard/AZK01-124/episode_length': np.float64(162.6), 'environment/deckbuild_result/gatecard/AZK01-124/leader_health': np.float64(0.30666666428248085), 'environment/deckbuild_result/gatecard/AZK01-124/ability_rate': np.float64(0.0537077592064937), 'environment/ref_seat_rate': np.float64(0.0), 'environment/deckbuild/leader_card/STT03-001': np.float64(1.0), 'environment/azk_step_deckbuild/leader_card/STT03-001': np.float64(1.0), 'environment/deckbuild_gatecard/AZK01-124/leader/STT03-001': np.float64(1.0), 'environment/azk_step_deckbuild_gatecard/AZK01-124/leader/STT03-001': np.float64(1.0), 'environment/deckbuild_result/gate_pair/EARTH_vs_LIGHTNING/game': np.float64(1.0), 'environment/deckbuild_result/gate_pair/EARTH_vs_LIGHTNING/win': np.float64(0.2), 'environment/deckbuild_result/gate_pair_unordered/EARTH_vs_LIGHTNING/game': np.float64(1.0), 'environment/deckbuild_result/gate_pair_unordered/EARTH_vs_LIGHTNING/win': np.float64(0.5), 'environment/deckbuild_result/gate_mismatch/game': np.float64(1.0), 'environment/deckbuild_result/gate_mismatch/win': np.float64(0.5), 'environment/deckbuild/leader_card/STT01-001': np.float64(1.0), 'environment/azk_step_deckbuild/leader_card/STT01-001': np.float64(1.0), 'environment/deckbuild_gatecard/AZK01-120/game': np.float64(1.0), 'environment/azk_step_deckbuild_gatecard/AZK01-120/game': np.float64(1.0), 'environment/deckbuild_gatecard/AZK01-120/avg_cost': np.float64(2.8839999999999995), 'environment/azk_step_deckbuild_gatecard/AZK01-120/avg_cost': np.float64(2.8839999999999995), 'environment/deckbuild_gatecard/AZK01-120/main_unique': np.float64(36.2), 'environment/azk_step_deckbuild_gatecard/AZK01-120/main_unique': np.float64(36.2), 'environment/deckbuild_gatecard/AZK01-120/copy_entropy_norm': np.float64(0.9783428706402517), 'environment/azk_step_deckbuild_gatecard/AZK01-120/copy_entropy_norm': np.float64(0.9783428706402517), 'environment/deckbuild_gatecard/AZK01-120/gate_element_share': np.float64(0.42400000000000004), 'environment/azk_step_deckbuild_gatecard/AZK01-120/gate_element_share': np.float64(0.42400000000000004), 'environment/deckbuild_gatecard/AZK01-120/type_share/ENTITY': np.float64(0.6719999999999999), 'environment/azk_step_deckbuild_gatecard/AZK01-120/type_share/ENTITY': np.float64(0.6719999999999999), 'environment/deckbuild_gatecard/AZK01-120/type_share/SPELL': np.float64(0.188), 'environment/azk_step_deckbuild_gatecard/AZK01-120/type_share/SPELL': np.float64(0.188), 'environment/deckbuild_gatecard/AZK01-120/type_share/WEAPON': np.float64(0.13999999999999999), 'environment/azk_step_deckbuild_gatecard/AZK01-120/type_share/WEAPON': np.float64(0.13999999999999999), 'environment/deckbuild_gatecard/AZK01-120/cost_share/0_1': np.float64(0.22000000000000003), 'environment/azk_step_deckbuild_gatecard/AZK01-120/cost_share/0_1': np.float64(0.22000000000000003), 'environment/deckbuild_gatecard/AZK01-120/cost_share/2_3': np.float64(0.41600000000000004), 'environment/azk_step_deckbuild_gatecard/AZK01-120/cost_share/2_3': np.float64(0.41600000000000004), 'environment/deckbuild_gatecard/AZK01-120/cost_share/4_5': np.float64(0.32), 'environment/azk_step_deckbuild_gatecard/AZK01-120/cost_share/4_5': np.float64(0.32), 'environment/deckbuild_gatecard/AZK01-120/cost_share/6_plus': np.float64(0.044000000000000004), 'environment/azk_step_deckbuild_gatecard/AZK01-120/cost_share/6_plus': np.float64(0.044000000000000004), 'environment/deckbuild_gatecard/AZK01-120/leader/STT01-001': np.float64(1.0), 'environment/azk_step_deckbuild_gatecard/AZK01-120/leader/STT01-001': np.float64(1.0), 'environment/deckbuild_result/gate/LIGHTNING/game': np.float64(1.0), 'environment/deckbuild_result/gate/LIGHTNING/win': np.float64(0.7727272727272727), 'environment/deckbuild_result/gate_pair/LIGHTNING_vs_EARTH/game': np.float64(1.0), 'environment/deckbuild_result/gate_pair/LIGHTNING_vs_EARTH/win': np.float64(0.8), 'environment/deckbuild_result/gatecard/AZK01-120/game': np.float64(1.0), 'environment/deckbuild_result/gatecard/AZK01-120/win': np.float64(0.8), 'environment/deckbuild_result/gatecard/AZK01-120/attack_rate': np.float64(0.22829082906246184), 'environment/deckbuild_result/gatecard/AZK01-120/spell_rate': np.float64(0.04023830704391003), 'environment/deckbuild_result/gatecard/AZK01-120/weapon_rate': np.float64(0.026516231149435042), 'environment/deckbuild_result/gatecard/AZK01-120/portal_rate': np.float64(0.08156857937574387), 'environment/deckbuild_result/gatecard/AZK01-120/play_entity_rate': np.float64(0.3260087430477142), 'environment/deckbuild_result/gatecard/AZK01-120/noop_rate': np.float64(0.23890572786331177), 'environment/deckbuild_result/gatecard/AZK01-120/episode_length': np.float64(160.4), 'environment/deckbuild_result/gatecard/AZK01-120/leader_health': np.float64(0.3099999979138374), 'environment/deckbuild_result/gatecard/AZK01-120/ability_rate': np.float64(0.02723607122898102), 'environment/deckbuild_gatecard/STT03-002/leader/STT03-001': np.float64(1.0), 'environment/azk_step_deckbuild_gatecard/STT03-002/leader/STT03-001': np.float64(1.0), 'environment/deckbuild/leader_card/STT02-001': np.float64(1.0), 'environment/azk_step_deckbuild/leader_card/STT02-001': np.float64(1.0), 'environment/deckbuild_gatecard/STT02-002/game': np.float64(1.0), 'environment/azk_step_deckbuild_gatecard/STT02-002/game': np.float64(1.0), 'environment/deckbuild_gatecard/STT02-002/avg_cost': np.float64(2.8681818181818177), 'environment/azk_step_deckbuild_gatecard/STT02-002/avg_cost': np.float64(2.8681818181818177), 'environment/deckbuild_gatecard/STT02-002/main_unique': np.float64(37.54545454545455), 'environment/azk_step_deckbuild_gatecard/STT02-002/main_unique': np.float64(37.54545454545455), 'environment/deckbuild_gatecard/STT02-002/copy_entropy_norm': np.float64(0.9763093696980427), 'environment/azk_step_deckbuild_gatecard/STT02-002/copy_entropy_norm': np.float64(0.9763093696980427), 'environment/deckbuild_gatecard/STT02-002/gate_element_share': np.float64(0.4127272727272727), 'environment/azk_step_deckbuild_gatecard/STT02-002/gate_element_share': np.float64(0.4127272727272727), 'environment/deckbuild_gatecard/STT02-002/type_share/ENTITY': np.float64(0.7090909090909091), 'environment/azk_step_deckbuild_gatecard/STT02-002/type_share/ENTITY': np.float64(0.7090909090909091), 'environment/deckbuild_gatecard/STT02-002/type_share/SPELL': np.float64(0.23636363636363636), 'environment/azk_step_deckbuild_gatecard/STT02-002/type_share/SPELL': np.float64(0.23636363636363636), 'environment/deckbuild_gatecard/STT02-002/type_share/WEAPON': np.float64(0.054545454545454564), 'environment/azk_step_deckbuild_gatecard/STT02-002/type_share/WEAPON': np.float64(0.054545454545454564), 'environment/deckbuild_gatecard/STT02-002/cost_share/0_1': np.float64(0.27772727272727277), 'environment/azk_step_deckbuild_gatecard/STT02-002/cost_share/0_1': np.float64(0.27772727272727277), 'environment/deckbuild_gatecard/STT02-002/cost_share/2_3': np.float64(0.4063636363636363), 'environment/azk_step_deckbuild_gatecard/STT02-002/cost_share/2_3': np.float64(0.4063636363636363), 'environment/deckbuild_gatecard/STT02-002/cost_share/4_5': np.float64(0.21727272727272728), 'environment/azk_step_deckbuild_gatecard/STT02-002/cost_share/4_5': np.float64(0.21727272727272728), 'environment/deckbuild_gatecard/STT02-002/cost_share/6_plus': np.float64(0.09863636363636365), 'environment/azk_step_deckbuild_gatecard/STT02-002/cost_share/6_plus': np.float64(0.09863636363636365), 'environment/deckbuild_gatecard/STT02-002/leader/STT02-001': np.float64(1.0), 'environment/azk_step_deckbuild_gatecard/STT02-002/leader/STT02-001': np.float64(1.0), 'environment/deckbuild_result/gate/WATER/game': np.float64(1.0), 'environment/deckbuild_result/gate/WATER/win': np.float64(0.4487179487179487), 'environment/deckbuild_result/gate_pair/WATER_vs_FIRE/game': np.float64(1.0), 'environment/deckbuild_result/gate_pair/WATER_vs_FIRE/win': np.float64(0.8333333333333334), 'environment/deckbuild_result/gate_pair_unordered/FIRE_vs_WATER/game': np.float64(1.0), 'environment/deckbuild_result/gate_pair_unordered/FIRE_vs_WATER/win': np.float64(0.5), 'environment/deckbuild_result/gatecard/STT02-002/game': np.float64(1.0), 'environment/deckbuild_result/gatecard/STT02-002/win': np.float64(0.4772727272727273), 'environment/deckbuild_result/gatecard/STT02-002/attack_rate': np.float64(0.17705984650687737), 'environment/deckbuild_result/gatecard/STT02-002/spell_rate': np.float64(0.041389534546231684), 'environment/deckbuild_result/gatecard/STT02-002/weapon_rate': np.float64(0.012969172686677088), 'environment/deckbuild_result/gatecard/STT02-002/portal_rate': np.float64(0.08651937679810957), 'environment/deckbuild_result/gatecard/STT02-002/play_entity_rate': np.float64(0.316398639570583), 'environment/deckbuild_result/gatecard/STT02-002/noop_rate': np.float64(0.21347138251770625), 'environment/deckbuild_result/gatecard/STT02-002/episode_length': np.float64(161.22727272727272), 'environment/deckbuild_result/gatecard/STT02-002/leader_health': np.float64(0.18863636610860174), 'environment/deckbuild_result/gatecard/STT02-002/ability_rate': np.float64(0.05403940248387781), 'environment/deckbuild/leader_card/AZK01-121': np.float64(1.0), 'environment/azk_step_deckbuild/leader_card/AZK01-121': np.float64(1.0), 'environment/deckbuild_gatecard/AZK01-122/game': np.float64(1.0), 'environment/azk_step_deckbuild_gatecard/AZK01-122/game': np.float64(1.0), 'environment/deckbuild_gatecard/AZK01-122/avg_cost': np.float64(2.7916666666666665), 'environment/azk_step_deckbuild_gatecard/AZK01-122/avg_cost': np.float64(2.7916666666666665), 'environment/deckbuild_gatecard/AZK01-122/main_unique': np.float64(37.166666666666664), 'environment/azk_step_deckbuild_gatecard/AZK01-122/main_unique': np.float64(37.166666666666664), 'environment/deckbuild_gatecard/AZK01-122/copy_entropy_norm': np.float64(0.9766017734750373), 'environment/azk_step_deckbuild_gatecard/AZK01-122/copy_entropy_norm': np.float64(0.9766017734750373), 'environment/deckbuild_gatecard/AZK01-122/gate_element_share': np.float64(0.455), 'environment/azk_step_deckbuild_gatecard/AZK01-122/gate_element_share': np.float64(0.455), 'environment/deckbuild_gatecard/AZK01-122/type_share/ENTITY': np.float64(0.8033333333333332), 'environment/azk_step_deckbuild_gatecard/AZK01-122/type_share/ENTITY': np.float64(0.8033333333333332), 'environment/deckbuild_gatecard/AZK01-122/type_share/SPELL': np.float64(0.13999999999999999), 'environment/azk_step_deckbuild_gatecard/AZK01-122/type_share/SPELL': np.float64(0.13999999999999999), 'environment/deckbuild_gatecard/AZK01-122/type_share/WEAPON': np.float64(0.05666666666666667), 'environment/azk_step_deckbuild_gatecard/AZK01-122/type_share/WEAPON': np.float64(0.05666666666666667), 'environment/deckbuild_gatecard/AZK01-122/cost_share/0_1': np.float64(0.26166666666666666), 'environment/azk_step_deckbuild_gatecard/AZK01-122/cost_share/0_1': np.float64(0.26166666666666666), 'environment/deckbuild_gatecard/AZK01-122/cost_share/2_3': np.float64(0.445), 'environment/azk_step_deckbuild_gatecard/AZK01-122/cost_share/2_3': np.float64(0.445), 'environment/deckbuild_gatecard/AZK01-122/cost_share/4_5': np.float64(0.22999999999999998), 'environment/azk_step_deckbuild_gatecard/AZK01-122/cost_share/4_5': np.float64(0.22999999999999998), 'environment/deckbuild_gatecard/AZK01-122/cost_share/6_plus': np.float64(0.06333333333333334), 'environment/azk_step_deckbuild_gatecard/AZK01-122/cost_share/6_plus': np.float64(0.06333333333333334), 'environment/deckbuild_gatecard/AZK01-122/leader/AZK01-121': np.float64(1.0), 'environment/azk_step_deckbuild_gatecard/AZK01-122/leader/AZK01-121': np.float64(1.0), 'environment/deckbuild_result/gate/FIRE/game': np.float64(1.0), 'environment/deckbuild_result/gate/FIRE/win': np.float64(0.25), 'environment/deckbuild_result/gate_pair/FIRE_vs_WATER/game': np.float64(1.0), 'environment/deckbuild_result/gate_pair/FIRE_vs_WATER/win': np.float64(0.16666666666666666), 'environment/deckbuild_result/gatecard/AZK01-122/game': np.float64(1.0), 'environment/deckbuild_result/gatecard/AZK01-122/win': np.float64(0.25), 'environment/deckbuild_result/gatecard/AZK01-122/attack_rate': np.float64(0.21193529292941093), 'environment/deckbuild_result/gatecard/AZK01-122/spell_rate': np.float64(0.02835608917909364), 'environment/deckbuild_result/gatecard/AZK01-122/weapon_rate': np.float64(0.01761919151370724), 'environment/deckbuild_result/gatecard/AZK01-122/portal_rate': np.float64(0.08162853308022022), 'environment/deckbuild_result/gatecard/AZK01-122/play_entity_rate': np.float64(0.3282773445049922), 'environment/deckbuild_result/gatecard/AZK01-122/noop_rate': np.float64(0.19451816380023956), 'environment/deckbuild_result/gatecard/AZK01-122/episode_length': np.float64(162.16666666666666), 'environment/deckbuild_result/gatecard/AZK01-122/leader_health': np.float64(0.0416666679084301), 'environment/deckbuild_result/gatecard/AZK01-122/ability_rate': np.float64(0.053898364305496216), 'environment/deckbuild_result/gate_pair/WATER_vs_WATER/game': np.float64(1.0), 'environment/deckbuild_result/gate_pair/WATER_vs_WATER/win': np.float64(0.5), 'environment/deckbuild_result/gate_pair_unordered/WATER_vs_WATER/game': np.float64(1.0), 'environment/deckbuild_result/gate_pair_unordered/WATER_vs_WATER/win': np.float64(0.5), 'environment/deckbuild/leader_card/AZK01-125': np.float64(1.0), 'environment/azk_step_deckbuild/leader_card/AZK01-125': np.float64(1.0), 'environment/deckbuild_gatecard/AZK01-126/game': np.float64(1.0), 'environment/azk_step_deckbuild_gatecard/AZK01-126/game': np.float64(1.0), 'environment/deckbuild_gatecard/AZK01-126/avg_cost': np.float64(2.9785714285714286), 'environment/azk_step_deckbuild_gatecard/AZK01-126/avg_cost': np.float64(2.9785714285714286), 'environment/deckbuild_gatecard/AZK01-126/main_unique': np.float64(37.142857142857146), 'environment/azk_step_deckbuild_gatecard/AZK01-126/main_unique': np.float64(37.142857142857146), 'environment/deckbuild_gatecard/AZK01-126/copy_entropy_norm': np.float64(0.9763296567592902), 'environment/azk_step_deckbuild_gatecard/AZK01-126/copy_entropy_norm': np.float64(0.9763296567592902), 'environment/deckbuild_gatecard/AZK01-126/gate_element_share': np.float64(0.44571428571428573), 'environment/azk_step_deckbuild_gatecard/AZK01-126/gate_element_share': np.float64(0.44571428571428573), 'environment/deckbuild_gatecard/AZK01-126/type_share/ENTITY': np.float64(0.6857142857142856), 'environment/azk_step_deckbuild_gatecard/AZK01-126/type_share/ENTITY': np.float64(0.6857142857142856), 'environment/deckbuild_gatecard/AZK01-126/type_share/SPELL': np.float64(0.25285714285714295), 'environment/azk_step_deckbuild_gatecard/AZK01-126/type_share/SPELL': np.float64(0.25285714285714295), 'environment/deckbuild_gatecard/AZK01-126/type_share/WEAPON': np.float64(0.06142857142857144), 'environment/azk_step_deckbuild_gatecard/AZK01-126/type_share/WEAPON': np.float64(0.06142857142857144), 'environment/deckbuild_gatecard/AZK01-126/cost_share/0_1': np.float64(0.25285714285714284), 'environment/azk_step_deckbuild_gatecard/AZK01-126/cost_share/0_1': np.float64(0.25285714285714284), 'environment/deckbuild_gatecard/AZK01-126/cost_share/2_3': np.float64(0.43), 'environment/azk_step_deckbuild_gatecard/AZK01-126/cost_share/2_3': np.float64(0.43), 'environment/deckbuild_gatecard/AZK01-126/cost_share/4_5': np.float64(0.2028571428571429), 'environment/azk_step_deckbuild_gatecard/AZK01-126/cost_share/4_5': np.float64(0.2028571428571429), 'environment/deckbuild_gatecard/AZK01-126/cost_share/6_plus': np.float64(0.11428571428571431), 'environment/azk_step_deckbuild_gatecard/AZK01-126/cost_share/6_plus': np.float64(0.11428571428571431), 'environment/deckbuild_gatecard/AZK01-126/leader/AZK01-125': np.float64(1.0), 'environment/azk_step_deckbuild_gatecard/AZK01-126/leader/AZK01-125': np.float64(1.0), 'environment/deckbuild_result/gatecard/AZK01-126/game': np.float64(1.0), 'environment/deckbuild_result/gatecard/AZK01-126/win': np.float64(0.42857142857142855), 'environment/deckbuild_result/gatecard/AZK01-126/attack_rate': np.float64(0.15781732009989874), 'environment/deckbuild_result/gatecard/AZK01-126/spell_rate': np.float64(0.0657076644045966), 'environment/deckbuild_result/gatecard/AZK01-126/weapon_rate': np.float64(0.013031572236546449), 'environment/deckbuild_result/gatecard/AZK01-126/portal_rate': np.float64(0.0753153996276004), 'environment/deckbuild_result/gatecard/AZK01-126/play_entity_rate': np.float64(0.3006701096892357), 'environment/deckbuild_result/gatecard/AZK01-126/noop_rate': np.float64(0.1965608298778534), 'environment/deckbuild_result/gatecard/AZK01-126/episode_length': np.float64(159.85714285714286), 'environment/deckbuild_result/gatecard/AZK01-126/leader_health': np.float64(0.12857142782637052), 'environment/deckbuild_result/gatecard/AZK01-126/ability_rate': np.float64(0.04775600255067859), 'environment/deckbuild_result/gate_pair/EARTH_vs_WATER/game': np.float64(1.0), 'environment/deckbuild_result/gate_pair/EARTH_vs_WATER/win': np.float64(0.8333333333333334), 'environment/deckbuild_result/gate_pair_unordered/EARTH_vs_WATER/game': np.float64(1.0), 'environment/deckbuild_result/gate_pair_unordered/EARTH_vs_WATER/win': np.float64(0.5), 'environment/deckbuild_gatecard/STT02-002/leader/AZK01-125': np.float64(1.0), 'environment/azk_step_deckbuild_gatecard/STT02-002/leader/AZK01-125': np.float64(1.0), 'environment/deckbuild_result/gate_pair/WATER_vs_EARTH/game': np.float64(1.0), 'environment/deckbuild_result/gate_pair/WATER_vs_EARTH/win': np.float64(0.16666666666666666), 'environment/deckbuild_result/gate_pair/LIGHTNING_vs_LIGHTNING/game': np.float64(1.0), 'environment/deckbuild_result/gate_pair/LIGHTNING_vs_LIGHTNING/win': np.float64(0.5), 'environment/deckbuild_result/gate_pair_unordered/LIGHTNING_vs_LIGHTNING/game': np.float64(1.0), 'environment/deckbuild_result/gate_pair_unordered/LIGHTNING_vs_LIGHTNING/win': np.float64(0.5), 'environment/deckbuild/leader_card/AZK01-119': np.float64(1.0), 'environment/azk_step_deckbuild/leader_card/AZK01-119': np.float64(1.0), 'environment/deckbuild_gatecard/STT01-002/game': np.float64(1.0), 'environment/azk_step_deckbuild_gatecard/STT01-002/game': np.float64(1.0), 'environment/deckbuild_gatecard/STT01-002/avg_cost': np.float64(2.782857142857143), 'environment/azk_step_deckbuild_gatecard/STT01-002/avg_cost': np.float64(2.782857142857143), 'environment/deckbuild_gatecard/STT01-002/main_unique': np.float64(36.57142857142857), 'environment/azk_step_deckbuild_gatecard/STT01-002/main_unique': np.float64(36.57142857142857), 'environment/deckbuild_gatecard/STT01-002/copy_entropy_norm': np.float64(0.9765294294154889), 'environment/azk_step_deckbuild_gatecard/STT01-002/copy_entropy_norm': np.float64(0.9765294294154889), 'environment/deckbuild_gatecard/STT01-002/gate_element_share': np.float64(0.3714285714285714), 'environment/azk_step_deckbuild_gatecard/STT01-002/gate_element_share': np.float64(0.3714285714285714), 'environment/deckbuild_gatecard/STT01-002/type_share/ENTITY': np.float64(0.7257142857142858), 'environment/azk_step_deckbuild_gatecard/STT01-002/type_share/ENTITY': np.float64(0.7257142857142858), 'environment/deckbuild_gatecard/STT01-002/type_share/SPELL': np.float64(0.16285714285714287), 'environment/azk_step_deckbuild_gatecard/STT01-002/type_share/SPELL': np.float64(0.16285714285714287), 'environment/deckbuild_gatecard/STT01-002/type_share/WEAPON': np.float64(0.11142857142857142), 'environment/azk_step_deckbuild_gatecard/STT01-002/type_share/WEAPON': np.float64(0.11142857142857142), 'environment/deckbuild_gatecard/STT01-002/cost_share/0_1': np.float64(0.2742857142857143), 'environment/azk_step_deckbuild_gatecard/STT01-002/cost_share/0_1': np.float64(0.2742857142857143), 'environment/deckbuild_gatecard/STT01-002/cost_share/2_3': np.float64(0.40857142857142853), 'environment/azk_step_deckbuild_gatecard/STT01-002/cost_share/2_3': np.float64(0.40857142857142853), 'environment/deckbuild_gatecard/STT01-002/cost_share/4_5': np.float64(0.2714285714285714), 'environment/azk_step_deckbuild_gatecard/STT01-002/cost_share/4_5': np.float64(0.2714285714285714), 'environment/deckbuild_gatecard/STT01-002/cost_share/6_plus': np.float64(0.045714285714285714), 'environment/azk_step_deckbuild_gatecard/STT01-002/cost_share/6_plus': np.float64(0.045714285714285714), 'environment/deckbuild_gatecard/STT01-002/leader/AZK01-119': np.float64(1.0), 'environment/azk_step_deckbuild_gatecard/STT01-002/leader/AZK01-119': np.float64(1.0), 'environment/deckbuild_result/gatecard/STT01-002/game': np.float64(1.0), 'environment/deckbuild_result/gatecard/STT01-002/win': np.float64(0.7142857142857143), 'environment/deckbuild_result/gatecard/STT01-002/attack_rate': np.float64(0.2645296667303358), 'environment/deckbuild_result/gatecard/STT01-002/spell_rate': np.float64(0.02361905268792595), 'environment/deckbuild_result/gatecard/STT01-002/weapon_rate': np.float64(0.0236529161089233), 'environment/deckbuild_result/gatecard/STT01-002/portal_rate': np.float64(0.09308259827750069), 'environment/deckbuild_result/gatecard/STT01-002/play_entity_rate': np.float64(0.3177309972899301), 'environment/deckbuild_result/gatecard/STT01-002/noop_rate': np.float64(0.21601477903979166), 'environment/deckbuild_result/gatecard/STT01-002/episode_length': np.float64(163.42857142857142), 'environment/deckbuild_result/gatecard/STT01-002/leader_health': np.float64(0.30714285905872074), 'environment/deckbuild_result/gatecard/STT01-002/ability_rate': np.float64(0.0225522837468556), 'environment/deckbuild_gatecard/AZK01-126/leader/STT02-001': np.float64(1.0), 'environment/azk_step_deckbuild_gatecard/AZK01-126/leader/STT02-001': np.float64(1.0), 'environment/deckbuild_gatecard/STT01-002/leader/STT01-001': np.float64(1.0), 'environment/azk_step_deckbuild_gatecard/STT01-002/leader/STT01-001': np.float64(1.0), 'environment/deckbuild_gatecard/STT04-002/game': np.float64(1.0), 'environment/azk_step_deckbuild_gatecard/STT04-002/game': np.float64(1.0), 'environment/deckbuild_gatecard/STT04-002/avg_cost': np.float64(2.86), 'environment/azk_step_deckbuild_gatecard/STT04-002/avg_cost': np.float64(2.86), 'environment/deckbuild_gatecard/STT04-002/main_unique': np.float64(36.0), 'environment/azk_step_deckbuild_gatecard/STT04-002/main_unique': np.float64(36.0), 'environment/deckbuild_gatecard/STT04-002/copy_entropy_norm': np.float64(0.9777592767297496), 'environment/azk_step_deckbuild_gatecard/STT04-002/copy_entropy_norm': np.float64(0.9777592767297496), 'environment/deckbuild_gatecard/STT04-002/gate_element_share': np.float64(0.42), 'environment/azk_step_deckbuild_gatecard/STT04-002/gate_element_share': np.float64(0.42), 'environment/deckbuild_gatecard/STT04-002/type_share/ENTITY': np.float64(0.7866666666666667), 'environment/azk_step_deckbuild_gatecard/STT04-002/type_share/ENTITY': np.float64(0.7866666666666667), 'environment/deckbuild_gatecard/STT04-002/type_share/SPELL': np.float64(0.17333333333333334), 'environment/azk_step_deckbuild_gatecard/STT04-002/type_share/SPELL': np.float64(0.17333333333333334), 'environment/deckbuild_gatecard/STT04-002/type_share/WEAPON': np.float64(0.04), 'environment/azk_step_deckbuild_gatecard/STT04-002/type_share/WEAPON': np.float64(0.04), 'environment/deckbuild_gatecard/STT04-002/cost_share/0_1': np.float64(0.32), 'environment/azk_step_deckbuild_gatecard/STT04-002/cost_share/0_1': np.float64(0.32), 'environment/deckbuild_gatecard/STT04-002/cost_share/2_3': np.float64(0.3466666666666667), 'environment/azk_step_deckbuild_gatecard/STT04-002/cost_share/2_3': np.float64(0.3466666666666667), 'environment/deckbuild_gatecard/STT04-002/cost_share/4_5': np.float64(0.24), 'environment/azk_step_deckbuild_gatecard/STT04-002/cost_share/4_5': np.float64(0.24), 'environment/deckbuild_gatecard/STT04-002/cost_share/6_plus': np.float64(0.09333333333333334), 'environment/azk_step_deckbuild_gatecard/STT04-002/cost_share/6_plus': np.float64(0.09333333333333334), 'environment/deckbuild_gatecard/STT04-002/leader/AZK01-121': np.float64(1.0), 'environment/azk_step_deckbuild_gatecard/STT04-002/leader/AZK01-121': np.float64(1.0), 'environment/deckbuild_result/gatecard/STT04-002/game': np.float64(1.0), 'environment/deckbuild_result/gatecard/STT04-002/win': np.float64(0.3333333333333333), 'environment/deckbuild_result/gatecard/STT04-002/attack_rate': np.float64(0.221833606561025), 'environment/deckbuild_result/gatecard/STT04-002/spell_rate': np.float64(0.0235294122248888), 'environment/deckbuild_result/gatecard/STT04-002/weapon_rate': np.float64(0.012347642021874586), 'environment/deckbuild_result/gatecard/STT04-002/portal_rate': np.float64(0.11446741223335266), 'environment/deckbuild_result/gatecard/STT04-002/play_entity_rate': np.float64(0.35574987530708313), 'environment/deckbuild_result/gatecard/STT04-002/noop_rate': np.float64(0.1762056201696396), 'environment/deckbuild_result/gatecard/STT04-002/episode_length': np.float64(162.66666666666666), 'environment/deckbuild_result/gatecard/STT04-002/leader_health': np.float64(0.016666666915019352), 'environment/deckbuild_result/gatecard/STT04-002/ability_rate': np.float64(0.05723370611667633), 'environment/deckbuild/leader_card/STT04-001': np.float64(1.0), 'environment/azk_step_deckbuild/leader_card/STT04-001': np.float64(1.0), 'environment/deckbuild_gatecard/AZK01-122/leader/STT04-001': np.float64(1.0), 'environment/azk_step_deckbuild_gatecard/AZK01-122/leader/STT04-001': np.float64(1.0), 'environment/deckbuild_result/gate_pair/LIGHTNING_vs_FIRE/game': np.float64(1.0), 'environment/deckbuild_result/gate_pair/LIGHTNING_vs_FIRE/win': np.float64(1.0), 'environment/deckbuild_result/gate_pair_unordered/FIRE_vs_LIGHTNING/game': np.float64(1.0), 'environment/deckbuild_result/gate_pair_unordered/FIRE_vs_LIGHTNING/win': np.float64(0.5), 'environment/deckbuild_result/gate_pair/FIRE_vs_LIGHTNING/game': np.float64(1.0), 'environment/deckbuild_result/gate_pair/FIRE_vs_LIGHTNING/win': np.float64(0.0), 'environment/deckbuild_result/gate_pair/WATER_vs_LIGHTNING/game': np.float64(1.0), 'environment/deckbuild_result/gate_pair/WATER_vs_LIGHTNING/win': np.float64(0.25), 'environment/deckbuild_result/gate_pair_unordered/LIGHTNING_vs_WATER/game': np.float64(1.0), 'environment/deckbuild_result/gate_pair_unordered/LIGHTNING_vs_WATER/win': np.float64(0.5), 'environment/deckbuild_gatecard/AZK01-120/leader/AZK01-119': np.float64(1.0), 'environment/azk_step_deckbuild_gatecard/AZK01-120/leader/AZK01-119': np.float64(1.0), 'environment/deckbuild_result/gate_pair/LIGHTNING_vs_WATER/game': np.float64(1.0), 'environment/deckbuild_result/gate_pair/LIGHTNING_vs_WATER/win': np.float64(0.75), 'environment/deckbuild_result/gate_pair/FIRE_vs_FIRE/game': np.float64(1.0), 'environment/deckbuild_result/gate_pair/FIRE_vs_FIRE/win': np.float64(0.5), 'environment/deckbuild_result/gate_pair_unordered/FIRE_vs_FIRE/game': np.float64(1.0), 'environment/deckbuild_result/gate_pair_unordered/FIRE_vs_FIRE/win': np.float64(0.5), 'environment/deckbuild_result/gate_pair/EARTH_vs_FIRE/game': np.float64(1.0), 'environment/deckbuild_result/gate_pair/EARTH_vs_FIRE/win': np.float64(0.0), 'environment/deckbuild_result/gate_pair_unordered/EARTH_vs_FIRE/game': np.float64(1.0), 'environment/deckbuild_result/gate_pair_unordered/EARTH_vs_FIRE/win': np.float64(0.5), 'environment/deckbuild_result/gate_pair/FIRE_vs_EARTH/game': np.float64(1.0), 'environment/deckbuild_result/gate_pair/FIRE_vs_EARTH/win': np.float64(1.0), 'losses/policy_loss': 0.005765466019511223, 'losses/value_loss': 0.09785707294940948, 'losses/value_loss_total': 0.09785707294940948, 'losses/entropy': 1.0312389135360718, 'losses/old_approx_kl': 1.244011855305871e-06, 'losses/approx_kl': 2.3381605842587305e-06, 'losses/clipfrac': 0.0, 'losses/importance': 1.0000011920928955, 'losses/win_prob_aux_loss': 0.69140625, 'losses/win_prob_aux_labeled_frac': 0.2265625, 'losses/explained_variance': 0.044407784938812256, 'losses/win_prob_aux_accuracy': 0.6328125, 'losses/win_prob_aux_brier': 0.2490234375, 'losses/win_prob_aux_pred_mean': 0.498046875, 'losses/win_prob_aux_target_mean': 0.50390625, 'performance/eval': 22.292821407318115, 'performance/train': 23.861221075057983, 'performance/eval_forward': 21.706587076187134, 'performance/env': 0.07550716400146484, 'performance/eval_copy': 0.44376134872436523, 'performance/eval_misc': 0.06683468818664551, 'performance/train_forward': 4.918789863586426, 'performance/learn_backward': 9.252855777740479, 'performance/learn_opt': 9.539103507995605, 'performance/train_copy': 0.007479190826416016, 'performance/train_misc': 0.14286518096923828}
[0;0H╭──────────────────────────────────────────────────────────────────────────────╮
│  PufferLib 4.0   🐡             CPU:     GPU: 0.0%  DRAM: 8.6%   VRAM: 0.0%  │
│                                152.2%                                        │
│                                                                              │
│  Summary          Value    Evaluate     22s  46%    Losses            Value  │
│  Env        azuki_local      Forwa…     21s  45%    policy_loss       0.008  │
│  Params           90.2M      Env         0s   0%    value_loss        0.062  │
│  Steps           276.5K      Copy        0s   1%    value_loss_to…    0.062  │
│  SPS               5.2K      Misc        0s   0%    entropy           1.356  │
│  Epoch               18    Train        23s  53%    old_approx_kl    -0.000  │
│  Uptime          1m 39s      Forwa…      4s  10%    approx_kl         0.000  │
│  Remaini…            5s      Backw…      9s  20%    clipfrac          0.000  │
│                              Optim…      9s  21%    importance        1.000  │
│                              Copy        0s   0%    win_prob_aux_…    0.695  │
│                              Misc        0s   0%    win_prob_aux_…    0.138  │
│                                                     explained_var…    0.045  │
│                                                     win_prob_aux_…    0.652  │
│                                                     win_prob_aux_…    0.250  │
│                                                     win_prob_aux_…    0.498  │
│                                                     win_prob_aux_…    0.504  │
│                                                                              │
│  User Stats                    Value    User Stats                    Value  │
│  league/active                 1.000    sampler/subaction_tem…        1.200  │
│  sampler/smoothing_eps         0.050    anneal/ent_coef               0.003  │
│  perf                          0.000    score                         0.000  │
│  episode_return               -0.843    episode_length              177.774  │
│  p0_episode_return            -0.843    p1_episode_return             0.843  │
│  p0_winrate                    0.435    p1_winrate                    0.565  │
│  p0_start_rate                 0.597    p1_start_rate                 0.403  │
│  draw_rate                     0.000    timeout_truncation_ra…        0.000  │
│  auto_tick_truncation_…        0.000    zero_legal_action_tru…        0.000  │
│  gameover_terminal_rate        1.000    winner_terminal_rate          1.000  │
│  curriculum_episode_cap        0.000    reward_shaping_scale          1.000  │
│  completed_episodes            1.000    p0_noop_selected_rate         0.214  │
│  p1_noop_selected_rate         0.204    p0_attack_selected_ra…        0.188  │
│  p1_attack_selected_ra…        0.192    p0_attach_weapon_from…        0.015  │
│  p1_attach_weapon_from…        0.010    p0_play_spell_from_ha…        0.046  │
╰──────────────────────────────────────────────────────────────────────────────╯

[epoch 18] {'SPS': 5192.6016038873595, 'agent_steps': 276480, 'uptime': 99.71263360977173, 'epoch': 18, 'learning_rate': 7.341522555726975e-05, 'environment/league/active': np.float64(1.0), 'environment/sampler/subaction_temperature': np.float64(1.2), 'environment/sampler/smoothing_eps': np.float64(0.05), 'environment/anneal/ent_coef': np.float64(0.003333333333333333), 'environment/perf': np.float64(0.0), 'environment/score': np.float64(0.0), 'environment/episode_return': np.float64(-0.8432438835020988), 'environment/episode_length': np.float64(177.7741935483871), 'environment/p0_episode_return': np.float64(-0.8432438835020988), 'environment/p1_episode_return': np.float64(0.8432438835020988), 'environment/p0_winrate': np.float64(0.43548387096774194), 'environment/p1_winrate': np.float64(0.5645161290322581), 'environment/p0_start_rate': np.float64(0.5967741935483871), 'environment/p1_start_rate': np.float64(0.4032258064516129), 'environment/draw_rate': np.float64(0.0), 'environment/timeout_truncation_rate': np.float64(0.0), 'environment/auto_tick_truncation_rate': np.float64(0.0), 'environment/zero_legal_action_truncation_rate': np.float64(0.0), 'environment/gameover_terminal_rate': np.float64(1.0), 'environment/winner_terminal_rate': np.float64(1.0), 'environment/curriculum_episode_cap': np.float64(0.0), 'environment/reward_shaping_scale': np.float64(1.0), 'environment/completed_episodes': np.float64(1.0), 'environment/p0_noop_selected_rate': np.float64(0.21352634170363027), 'environment/p1_noop_selected_rate': np.float64(0.20417928022723045), 'environment/p0_attack_selected_rate': np.float64(0.18830868457594224), 'environment/p1_attack_selected_rate': np.float64(0.19210157495352528), 'environment/p0_attach_weapon_from_hand_selected_rate': np.float64(0.015299932610604071), 'environment/p1_attach_weapon_from_hand_selected_rate': np.float64(0.009981286501692187), 'environment/p0_play_spell_from_hand_selected_rate': np.float64(0.04620716913092521), 'environment/p1_play_spell_from_hand_selected_rate': np.float64(0.04234733486608151), 'environment/p0_activate_garden_or_leader_ability_selected_rate': np.float64(0.044691464217800285), 'environment/p1_activate_garden_or_leader_ability_selected_rate': np.float64(0.051358135627402414), 'environment/p0_activate_alley_ability_selected_rate': np.float64(0.0010876282448730162), 'environment/p1_activate_alley_ability_selected_rate': np.float64(0.0025008211753541425), 'environment/p0_gate_portal_selected_rate': np.float64(0.08965697800440173), 'environment/p1_gate_portal_selected_rate': np.float64(0.09559332591391378), 'environment/p0_play_entity_to_alley_selected_rate': np.float64(0.10046206486801948), 'environment/p1_play_entity_to_alley_selected_rate': np.float64(0.11462981734545), 'environment/p0_play_entity_to_garden_selected_rate': np.float64(0.06637199379263385), 'environment/p1_play_entity_to_garden_selected_rate': np.float64(0.062302562047637275), 'environment/p0_play_selected_rate': np.float64(0.31799814105033875), 'environment/p1_play_selected_rate': np.float64(0.3248543287477186), 'environment/p0_ability_selected_rate': np.float64(0.06288330989979929), 'environment/p1_ability_selected_rate': np.float64(0.0689134216536918), 'environment/p0_target_selected_rate': np.float64(0.21592529815050862), 'environment/p1_target_selected_rate': np.float64(0.20827282208108133), 'environment/p0_avg_leader_health': np.float64(0.18306451699426096), 'environment/p1_avg_leader_health': np.float64(0.24112903230613278), 'environment/p0_entity_damage_dealt': np.float64(0.0), 'environment/p1_entity_damage_dealt': np.float64(0.0), 'environment/p0_entity_damage_taken': np.float64(0.0), 'environment/p1_entity_damage_taken': np.float64(0.0), 'environment/p0_generated_ikz_created': np.float64(0.0), 'environment/p1_generated_ikz_created': np.float64(0.0), 'environment/p0_generated_ikz_converted': np.float64(0.0), 'environment/p1_generated_ikz_converted': np.float64(0.0), 'environment/p0_generated_ikz_conversion_rate': np.float64(0.0), 'environment/p1_generated_ikz_conversion_rate': np.float64(0.0), 'environment/p0_temporary_charge_realized': np.float64(0.0), 'environment/p1_temporary_charge_realized': np.float64(0.0), 'environment/p0_temporary_attack_damage_realized': np.float64(0.0), 'environment/p1_temporary_attack_damage_realized': np.float64(0.0), 'environment/p0_contextual_response_reserve_opportunities': np.float64(0.0), 'environment/p1_contextual_response_reserve_opportunities': np.float64(0.0), 'environment/n': np.float64(1.096774193548387), 'environment/deckbuild/completed': np.float64(1.0), 'environment/azk_step_deckbuild/completed': np.float64(1.0), 'environment/deckbuild/picks': np.float64(51.0), 'environment/azk_step_deckbuild/picks': np.float64(51.0), 'environment/deckbuild/main_count': np.float64(50.0), 'environment/azk_step_deckbuild/main_count': np.float64(50.0), 'environment/deckbuild/main_unique': np.float64(37.29838709677419), 'environment/azk_step_deckbuild/main_unique': np.float64(37.29838709677419), 'environment/deckbuild/main_unique_share': np.float64(0.7459677419354839), 'environment/azk_step_deckbuild/main_unique_share': np.float64(0.7459677419354839), 'environment/deckbuild/main_avg_copies_per_unique': np.float64(1.3441458252211471), 'environment/azk_step_deckbuild/main_avg_copies_per_unique': np.float64(1.3441458252211471), 'environment/deckbuild/main_max_copy_count': np.float64(3.1370967741935485), 'environment/azk_step_deckbuild/main_max_copy_count': np.float64(3.1370967741935485), 'environment/deckbuild/main_copy_entropy': np.float64(3.5360742917655594), 'environment/azk_step_deckbuild/main_copy_entropy': np.float64(3.5360742917655594), 'environment/deckbuild/main_copy_entropy_norm': np.float64(0.977424332515221), 'environment/azk_step_deckbuild/main_copy_entropy_norm': np.float64(0.977424332515221), 'environment/deckbuild/main_singleton_count': np.float64(26.717741935483872), 'environment/azk_step_deckbuild/main_singleton_count': np.float64(26.717741935483872), 'environment/deckbuild/main_pair_count': np.float64(8.693548387096774), 'environment/azk_step_deckbuild/main_pair_count': np.float64(8.693548387096774), 'environment/deckbuild/main_triplet_count': np.float64(1.653225806451613), 'environment/azk_step_deckbuild/main_triplet_count': np.float64(1.653225806451613), 'environment/deckbuild/main_quad_count': np.float64(0.23387096774193547), 'environment/azk_step_deckbuild/main_quad_count': np.float64(0.23387096774193547), 'environment/deckbuild/main_singleton_slot_share': np.float64(0.5343548387096775), 'environment/azk_step_deckbuild/main_singleton_slot_share': np.float64(0.5343548387096775), 'environment/deckbuild/main_pair_slot_share': np.float64(0.3477419354838709), 'environment/azk_step_deckbuild/main_pair_slot_share': np.float64(0.3477419354838709), 'environment/deckbuild/main_triplet_slot_share': np.float64(0.09919354838709678), 'environment/azk_step_deckbuild/main_triplet_slot_share': np.float64(0.09919354838709678), 'environment/deckbuild/main_quad_slot_share': np.float64(0.01870967741935484), 'environment/azk_step_deckbuild/main_quad_slot_share': np.float64(0.01870967741935484), 'environment/deckbuild/main_normal_share': np.float64(0.5914516129032257), 'environment/azk_step_deckbuild/main_normal_share': np.float64(0.5914516129032257), 'environment/deckbuild/main_gate_element_share': np.float64(0.4085483870967742), 'environment/azk_step_deckbuild/main_gate_element_share': np.float64(0.4085483870967742), 'environment/deckbuild/gate_match': np.float64(0.5645161290322581), 'environment/azk_step_deckbuild/gate_match': np.float64(0.5645161290322581), 'environment/deckbuild/gate/EARTH': np.float64(0.3951612903225806), 'environment/azk_step_deckbuild/gate/EARTH': np.float64(0.3951612903225806), 'environment/deckbuild/opponent_gate/EARTH': np.float64(0.3951612903225806), 'environment/azk_step_deckbuild/opponent_gate/EARTH': np.float64(0.3951612903225806), 'environment/deckbuild/leader/EARTH': np.float64(0.3951612903225806), 'environment/azk_step_deckbuild/leader/EARTH': np.float64(0.3951612903225806), 'environment/deckbuild/gate/FIRE': np.float64(0.03225806451612903), 'environment/azk_step_deckbuild/gate/FIRE': np.float64(0.03225806451612903), 'environment/deckbuild/opponent_gate/FIRE': np.float64(0.03225806451612903), 'environment/azk_step_deckbuild/opponent_gate/FIRE': np.float64(0.03225806451612903), 'environment/deckbuild/leader/FIRE': np.float64(0.03225806451612903), 'environment/azk_step_deckbuild/leader/FIRE': np.float64(0.03225806451612903), 'environment/deckbuild/gate/LIGHTNING': np.float64(0.1693548387096774), 'environment/azk_step_deckbuild/gate/LIGHTNING': np.float64(0.1693548387096774), 'environment/deckbuild/opponent_gate/LIGHTNING': np.float64(0.1693548387096774), 'environment/azk_step_deckbuild/opponent_gate/LIGHTNING': np.float64(0.1693548387096774), 'environment/deckbuild/leader/LIGHTNING': np.float64(0.1693548387096774), 'environment/azk_step_deckbuild/leader/LIGHTNING': np.float64(0.1693548387096774), 'environment/deckbuild/gate/WATER': np.float64(0.4032258064516129), 'environment/azk_step_deckbuild/gate/WATER': np.float64(0.4032258064516129), 'environment/deckbuild/opponent_gate/WATER': np.float64(0.4032258064516129), 'environment/azk_step_deckbuild/opponent_gate/WATER': np.float64(0.4032258064516129), 'environment/deckbuild/leader/WATER': np.float64(0.4032258064516129), 'environment/azk_step_deckbuild/leader/WATER': np.float64(0.4032258064516129), 'environment/deckbuild/main_type_count/ENTITY': np.float64(36.096774193548384), 'environment/azk_step_deckbuild/main_type_count/ENTITY': np.float64(36.096774193548384), 'environment/deckbuild/main_type_share/ENTITY': np.float64(0.7219354838709677), 'environment/azk_step_deckbuild/main_type_share/ENTITY': np.float64(0.7219354838709677), 'environment/deckbuild/main_type_count/SPELL': np.float64(10.92741935483871), 'environment/azk_step_deckbuild/main_type_count/SPELL': np.float64(10.92741935483871), 'environment/deckbuild/main_type_share/SPELL': np.float64(0.21854838709677424), 'environment/azk_step_deckbuild/main_type_share/SPELL': np.float64(0.21854838709677424), 'environment/deckbuild/main_type_count/WEAPON': np.float64(2.975806451612903), 'environment/azk_step_deckbuild/main_type_count/WEAPON': np.float64(2.975806451612903), 'environment/deckbuild/main_type_share/WEAPON': np.float64(0.059516129032258086), 'environment/azk_step_deckbuild/main_type_share/WEAPON': np.float64(0.059516129032258086), 'environment/deckbuild/main_element_count/EARTH': np.float64(8.556451612903226), 'environment/azk_step_deckbuild/main_element_count/EARTH': np.float64(8.556451612903226), 'environment/deckbuild/main_element_share/EARTH': np.float64(0.17112903225806447), 'environment/azk_step_deckbuild/main_element_share/EARTH': np.float64(0.17112903225806447), 'environment/deckbuild/main_element_count/FIRE': np.float64(0.6774193548387096), 'environment/azk_step_deckbuild/main_element_count/FIRE': np.float64(0.6774193548387096), 'environment/deckbuild/main_element_share/FIRE': np.float64(0.013548387096774195), 'environment/azk_step_deckbuild/main_element_share/FIRE': np.float64(0.013548387096774195), 'environment/deckbuild/main_element_count/LIGHTNING': np.float64(3.088709677419355), 'environment/azk_step_deckbuild/main_element_count/LIGHTNING': np.float64(3.088709677419355), 'environment/deckbuild/main_element_share/LIGHTNING': np.float64(0.0617741935483871), 'environment/azk_step_deckbuild/main_element_share/LIGHTNING': np.float64(0.0617741935483871), 'environment/deckbuild/main_element_count/NORMAL': np.float64(29.572580645161292), 'environment/azk_step_deckbuild/main_element_count/NORMAL': np.float64(29.572580645161292), 'environment/deckbuild/main_element_share/NORMAL': np.float64(0.5914516129032257), 'environment/azk_step_deckbuild/main_element_share/NORMAL': np.float64(0.5914516129032257), 'environment/deckbuild/main_element_count/WATER': np.float64(8.10483870967742), 'environment/azk_step_deckbuild/main_element_count/WATER': np.float64(8.10483870967742), 'environment/deckbuild/main_element_share/WATER': np.float64(0.16209677419354843), 'environment/azk_step_deckbuild/main_element_share/WATER': np.float64(0.16209677419354843), 'environment/deckbuild/main_avg_cost': np.float64(2.9737096774193548), 'environment/azk_step_deckbuild/main_avg_cost': np.float64(2.9737096774193548), 'environment/deckbuild/main_cost_share/0_1': np.float64(0.2533870967741935), 'environment/azk_step_deckbuild/main_cost_share/0_1': np.float64(0.2533870967741935), 'environment/deckbuild/main_cost_share/2_3': np.float64(0.39951612903225814), 'environment/azk_step_deckbuild/main_cost_share/2_3': np.float64(0.39951612903225814), 'environment/deckbuild/main_cost_share/4_5': np.float64(0.2559677419354839), 'environment/azk_step_deckbuild/main_cost_share/4_5': np.float64(0.2559677419354839), 'environment/deckbuild/main_cost_share/6_plus': np.float64(0.09112903225806451), 'environment/azk_step_deckbuild/main_cost_share/6_plus': np.float64(0.09112903225806451), 'environment/deckbuild/leader_card/STT03-001': np.float64(1.0), 'environment/azk_step_deckbuild/leader_card/STT03-001': np.float64(1.0), 'environment/deckbuild_gatecard/AZK01-124/game': np.float64(1.0), 'environment/azk_step_deckbuild_gatecard/AZK01-124/game': np.float64(1.0), 'environment/deckbuild_gatecard/AZK01-124/avg_cost': np.float64(3.1284615384615386), 'environment/azk_step_deckbuild_gatecard/AZK01-124/avg_cost': np.float64(3.1284615384615386), 'environment/deckbuild_gatecard/AZK01-124/main_unique': np.float64(37.57692307692308), 'environment/azk_step_deckbuild_gatecard/AZK01-124/main_unique': np.float64(37.57692307692308), 'environment/deckbuild_gatecard/AZK01-124/copy_entropy_norm': np.float64(0.9775459835680402), 'environment/azk_step_deckbuild_gatecard/AZK01-124/copy_entropy_norm': np.float64(0.9775459835680402), 'environment/deckbuild_gatecard/AZK01-124/gate_element_share': np.float64(0.42692307692307696), 'environment/azk_step_deckbuild_gatecard/AZK01-124/gate_element_share': np.float64(0.42692307692307696), 'environment/deckbuild_gatecard/AZK01-124/type_share/ENTITY': np.float64(0.7384615384615384), 'environment/azk_step_deckbuild_gatecard/AZK01-124/type_share/ENTITY': np.float64(0.7384615384615384), 'environment/deckbuild_gatecard/AZK01-124/type_share/SPELL': np.float64(0.21461538461538468), 'environment/azk_step_deckbuild_gatecard/AZK01-124/type_share/SPELL': np.float64(0.21461538461538468), 'environment/deckbuild_gatecard/AZK01-124/type_share/WEAPON': np.float64(0.046923076923076915), 'environment/azk_step_deckbuild_gatecard/AZK01-124/type_share/WEAPON': np.float64(0.046923076923076915), 'environment/deckbuild_gatecard/AZK01-124/cost_share/0_1': np.float64(0.22846153846153852), 'environment/azk_step_deckbuild_gatecard/AZK01-124/cost_share/0_1': np.float64(0.22846153846153852), 'environment/deckbuild_gatecard/AZK01-124/cost_share/2_3': np.float64(0.38923076923076927), 'environment/azk_step_deckbuild_gatecard/AZK01-124/cost_share/2_3': np.float64(0.38923076923076927), 'environment/deckbuild_gatecard/AZK01-124/cost_share/4_5': np.float64(0.27384615384615385), 'environment/azk_step_deckbuild_gatecard/AZK01-124/cost_share/4_5': np.float64(0.27384615384615385), 'environment/deckbuild_gatecard/AZK01-124/cost_share/6_plus': np.float64(0.10846153846153847), 'environment/azk_step_deckbuild_gatecard/AZK01-124/cost_share/6_plus': np.float64(0.10846153846153847), 'environment/deckbuild_gatecard/AZK01-124/leader/STT03-001': np.float64(1.0), 'environment/azk_step_deckbuild_gatecard/AZK01-124/leader/STT03-001': np.float64(1.0), 'environment/deckbuild_result/game': np.float64(1.0), 'environment/deckbuild_result/win': np.float64(0.5), 'environment/deckbuild_result/gate_match': np.float64(0.5645161290322581), 'environment/deckbuild_result/gate_match_win_joint': np.float64(0.28225806451612906), 'environment/deckbuild_result/gate_mismatch': np.float64(0.43548387096774194), 'environment/deckbuild_result/gate_mismatch_win_joint': np.float64(0.21774193548387097), 'environment/deckbuild_result/gate/EARTH/game': np.float64(1.0), 'environment/deckbuild_result/gate/EARTH/win': np.float64(0.6145833333333333), 'environment/deckbuild_result/gate_pair/EARTH_vs_FIRE/game': np.float64(1.0), 'environment/deckbuild_result/gate_pair/EARTH_vs_FIRE/win': np.float64(1.0), 'environment/deckbuild_result/gate_pair_unordered/EARTH_vs_FIRE/game': np.float64(1.0), 'environment/deckbuild_result/gate_pair_unordered/EARTH_vs_FIRE/win': np.float64(0.5), 'environment/deckbuild_result/gate_mismatch/game': np.float64(1.0), 'environment/deckbuild_result/gate_mismatch/win': np.float64(0.5), 'environment/deckbuild_result/gate_freq/EARTH': np.float64(0.3951612903225806), 'environment/deckbuild_result/gate_win_joint/EARTH': np.float64(0.22580645161290322), 'environment/deckbuild_result/gate_freq/FIRE': np.float64(0.03225806451612903), 'environment/deckbuild_result/gate_win_joint/FIRE': np.float64(0.016129032258064516), 'environment/deckbuild_result/gate_freq/LIGHTNING': np.float64(0.1693548387096774), 'environment/deckbuild_result/gate_win_joint/LIGHTNING': np.float64(0.0967741935483871), 'environment/deckbuild_result/gate_freq/WATER': np.float64(0.4032258064516129), 'environment/deckbuild_result/gate_win_joint/WATER': np.float64(0.16129032258064516), 'environment/deckbuild_result/gate_pair_freq/EARTH_vs_EARTH': np.float64(0.27419354838709675), 'environment/deckbuild_result/gate_pair_win_joint/EARTH_vs_EARTH': np.float64(0.13709677419354838), 'environment/deckbuild_result/gate_pair_freq/EARTH_vs_FIRE': np.float64(0.016129032258064516), 'environment/deckbuild_result/gate_pair_win_joint/EARTH_vs_FIRE': np.float64(0.016129032258064516), 'environment/deckbuild_result/gate_pair_freq/EARTH_vs_LIGHTNING': np.float64(0.024193548387096774), 'environment/deckbuild_result/gate_pair_win_joint/EARTH_vs_LIGHTNING': np.float64(0.024193548387096774), 'environment/deckbuild_result/gate_pair_freq/EARTH_vs_WATER': np.float64(0.08064516129032258), 'environment/deckbuild_result/gate_pair_win_joint/EARTH_vs_WATER': np.float64(0.04838709677419355), 'environment/deckbuild_result/gate_pair_freq/FIRE_vs_EARTH': np.float64(0.016129032258064516), 'environment/deckbuild_result/gate_pair_win_joint/FIRE_vs_EARTH': np.float64(0.0), 'environment/deckbuild_result/gate_pair_freq/FIRE_vs_FIRE': np.float64(0.0), 'environment/deckbuild_result/gate_pair_win_joint/FIRE_vs_FIRE': np.float64(0.0), 'environment/deckbuild_result/gate_pair_freq/FIRE_vs_LIGHTNING': np.float64(0.0), 'environment/deckbuild_result/gate_pair_win_joint/FIRE_vs_LIGHTNING': np.float64(0.0), 'environment/deckbuild_result/gate_pair_freq/FIRE_vs_WATER': np.float64(0.016129032258064516), 'environment/deckbuild_result/gate_pair_win_joint/FIRE_vs_WATER': np.float64(0.016129032258064516), 'environment/deckbuild_result/gate_pair_freq/LIGHTNING_vs_EARTH': np.float64(0.024193548387096774), 'environment/deckbuild_result/gate_pair_win_joint/LIGHTNING_vs_EARTH': np.float64(0.0), 'environment/deckbuild_result/gate_pair_freq/LIGHTNING_vs_FIRE': np.float64(0.0), 'environment/deckbuild_result/gate_pair_win_joint/LIGHTNING_vs_FIRE': np.float64(0.0), 'environment/deckbuild_result/gate_pair_freq/LIGHTNING_vs_LIGHTNING': np.float64(0.06451612903225806), 'environment/deckbuild_result/gate_pair_win_joint/LIGHTNING_vs_LIGHTNING': np.float64(0.03225806451612903), 'environment/deckbuild_result/gate_pair_freq/LIGHTNING_vs_WATER': np.float64(0.08064516129032258), 'environment/deckbuild_result/gate_pair_win_joint/LIGHTNING_vs_WATER': np.float64(0.06451612903225806), 'environment/deckbuild_result/gate_pair_freq/WATER_vs_EARTH': np.float64(0.08064516129032258), 'environment/deckbuild_result/gate_pair_win_joint/WATER_vs_EARTH': np.float64(0.03225806451612903), 'environment/deckbuild_result/gate_pair_freq/WATER_vs_FIRE': np.float64(0.016129032258064516), 'environment/deckbuild_result/gate_pair_win_joint/WATER_vs_FIRE': np.float64(0.0), 'environment/deckbuild_result/gate_pair_freq/WATER_vs_LIGHTNING': np.float64(0.08064516129032258), 'environment/deckbuild_result/gate_pair_win_joint/WATER_vs_LIGHTNING': np.float64(0.016129032258064516), 'environment/deckbuild_result/gate_pair_freq/WATER_vs_WATER': np.float64(0.22580645161290322), 'environment/deckbuild_result/gate_pair_win_joint/WATER_vs_WATER': np.float64(0.11290322580645161), 'environment/deckbuild_result/gate_pair_unordered_freq/EARTH_vs_EARTH': np.float64(0.27419354838709675), 'environment/deckbuild_result/gate_pair_unordered_win_joint/EARTH_vs_EARTH': np.float64(0.13709677419354838), 'environment/deckbuild_result/gate_pair_unordered_freq/EARTH_vs_FIRE': np.float64(0.03225806451612903), 'environment/deckbuild_result/gate_pair_unordered_win_joint/EARTH_vs_FIRE': np.float64(0.016129032258064516), 'environment/deckbuild_result/gate_pair_unordered_freq/EARTH_vs_LIGHTNING': np.float64(0.04838709677419355), 'environment/deckbuild_result/gate_pair_unordered_win_joint/EARTH_vs_LIGHTNING': np.float64(0.024193548387096774), 'environment/deckbuild_result/gate_pair_unordered_freq/EARTH_vs_WATER': np.float64(0.16129032258064516), 'environment/deckbuild_result/gate_pair_unordered_win_joint/EARTH_vs_WATER': np.float64(0.08064516129032258), 'environment/deckbuild_result/gate_pair_unordered_freq/FIRE_vs_FIRE': np.float64(0.0), 'environment/deckbuild_result/gate_pair_unordered_win_joint/FIRE_vs_FIRE': np.float64(0.0), 'environment/deckbuild_result/gate_pair_unordered_freq/FIRE_vs_LIGHTNING': np.float64(0.0), 'environment/deckbuild_result/gate_pair_unordered_win_joint/FIRE_vs_LIGHTNING': np.float64(0.0), 'environment/deckbuild_result/gate_pair_unordered_freq/FIRE_vs_WATER': np.float64(0.03225806451612903), 'environment/deckbuild_result/gate_pair_unordered_win_joint/FIRE_vs_WATER': np.float64(0.016129032258064516), 'environment/deckbuild_result/gate_pair_unordered_freq/LIGHTNING_vs_LIGHTNING': np.float64(0.06451612903225806), 'environment/deckbuild_result/gate_pair_unordered_win_joint/LIGHTNING_vs_LIGHTNING': np.float64(0.03225806451612903), 'environment/deckbuild_result/gate_pair_unordered_freq/LIGHTNING_vs_WATER': np.float64(0.16129032258064516), 'environment/deckbuild_result/gate_pair_unordered_win_joint/LIGHTNING_vs_WATER': np.float64(0.08064516129032258), 'environment/deckbuild_result/gate_pair_unordered_freq/WATER_vs_WATER': np.float64(0.22580645161290322), 'environment/deckbuild_result/gate_pair_unordered_win_joint/WATER_vs_WATER': np.float64(0.11290322580645161), 'environment/deckbuild_result/gatecard/AZK01-124/game': np.float64(1.0), 'environment/deckbuild_result/gatecard/AZK01-124/win': np.float64(0.5769230769230769), 'environment/deckbuild_result/gatecard/AZK01-124/attack_rate': np.float64(0.18695347011089325), 'environment/deckbuild_result/gatecard/AZK01-124/spell_rate': np.float64(0.043860981778170056), 'environment/deckbuild_result/gatecard/AZK01-124/weapon_rate': np.float64(0.01011982298671053), 'environment/deckbuild_result/gatecard/AZK01-124/portal_rate': np.float64(0.08967313829522866), 'environment/deckbuild_result/gatecard/AZK01-124/play_entity_rate': np.float64(0.3111568849820357), 'environment/deckbuild_result/gatecard/AZK01-124/noop_rate': np.float64(0.20229092354957873), 'environment/deckbuild_result/gatecard/AZK01-124/episode_length': np.float64(177.15384615384616), 'environment/deckbuild_result/gatecard/AZK01-124/leader_health': np.float64(0.2865384645186938), 'environment/deckbuild_result/gatecard/AZK01-124/ability_rate': np.float64(0.06367046414659573), 'environment/deckbuild/leader_card/AZK01-121': np.float64(1.0), 'environment/azk_step_deckbuild/leader_card/AZK01-121': np.float64(1.0), 'environment/deckbuild_gatecard/STT04-002/game': np.float64(1.0), 'environment/azk_step_deckbuild_gatecard/STT04-002/game': np.float64(1.0), 'environment/deckbuild_gatecard/STT04-002/avg_cost': np.float64(2.77), 'environment/azk_step_deckbuild_gatecard/STT04-002/avg_cost': np.float64(2.77), 'environment/deckbuild_gatecard/STT04-002/main_unique': np.float64(38.0), 'environment/azk_step_deckbuild_gatecard/STT04-002/main_unique': np.float64(38.0), 'environment/deckbuild_gatecard/STT04-002/copy_entropy_norm': np.float64(0.9785838846574584), 'environment/azk_step_deckbuild_gatecard/STT04-002/copy_entropy_norm': np.float64(0.9785838846574584), 'environment/deckbuild_gatecard/STT04-002/gate_element_share': np.float64(0.42000000000000004), 'environment/azk_step_deckbuild_gatecard/STT04-002/gate_element_share': np.float64(0.42000000000000004), 'environment/deckbuild_gatecard/STT04-002/type_share/ENTITY': np.float64(0.79), 'environment/azk_step_deckbuild_gatecard/STT04-002/type_share/ENTITY': np.float64(0.79), 'environment/deckbuild_gatecard/STT04-002/type_share/SPELL': np.float64(0.19), 'environment/azk_step_deckbuild_gatecard/STT04-002/type_share/SPELL': np.float64(0.19), 'environment/deckbuild_gatecard/STT04-002/type_share/WEAPON': np.float64(0.02), 'environment/azk_step_deckbuild_gatecard/STT04-002/type_share/WEAPON': np.float64(0.02), 'environment/deckbuild_gatecard/STT04-002/cost_share/0_1': np.float64(0.29), 'environment/azk_step_deckbuild_gatecard/STT04-002/cost_share/0_1': np.float64(0.29), 'environment/deckbuild_gatecard/STT04-002/cost_share/2_3': np.float64(0.4), 'environment/azk_step_deckbuild_gatecard/STT04-002/cost_share/2_3': np.float64(0.4), 'environment/deckbuild_gatecard/STT04-002/cost_share/4_5': np.float64(0.24), 'environment/azk_step_deckbuild_gatecard/STT04-002/cost_share/4_5': np.float64(0.24), 'environment/deckbuild_gatecard/STT04-002/cost_share/6_plus': np.float64(0.07), 'environment/azk_step_deckbuild_gatecard/STT04-002/cost_share/6_plus': np.float64(0.07), 'environment/deckbuild_gatecard/STT04-002/leader/AZK01-121': np.float64(1.0), 'environment/azk_step_deckbuild_gatecard/STT04-002/leader/AZK01-121': np.float64(1.0), 'environment/deckbuild_result/gate/FIRE/game': np.float64(1.0), 'environment/deckbuild_result/gate/FIRE/win': np.float64(0.5), 'environment/deckbuild_result/gate_pair/FIRE_vs_EARTH/game': np.float64(1.0), 'environment/deckbuild_result/gate_pair/FIRE_vs_EARTH/win': np.float64(0.0), 'environment/deckbuild_result/gatecard/STT04-002/game': np.float64(1.0), 'environment/deckbuild_result/gatecard/STT04-002/win': np.float64(0.5), 'environment/deckbuild_result/gatecard/STT04-002/attack_rate': np.float64(0.21833675354719162), 'environment/deckbuild_result/gatecard/STT04-002/spell_rate': np.float64(0.04841316305100918), 'environment/deckbuild_result/gatecard/STT04-002/weapon_rate': np.float64(0.012121656909584999), 'environment/deckbuild_result/gatecard/STT04-002/portal_rate': np.float64(0.11511901021003723), 'environment/deckbuild_result/gatecard/STT04-002/play_entity_rate': np.float64(0.3756244331598282), 'environment/deckbuild_result/gatecard/STT04-002/noop_rate': np.float64(0.17580075562000275), 'environment/deckbuild_result/gatecard/STT04-002/episode_length': np.float64(171.0), 'environment/deckbuild_result/gatecard/STT04-002/leader_health': np.float64(0.02500000037252903), 'environment/deckbuild_result/gatecard/STT04-002/ability_rate': np.float64(0.03026740998029709), 'environment/ref_seat_rate': np.float64(0.0), 'environment/deckbuild_result/gate_pair/EARTH_vs_EARTH/game': np.float64(1.0), 'environment/deckbuild_result/gate_pair/EARTH_vs_EARTH/win': np.float64(0.5), 'environment/deckbuild_result/gate_pair_unordered/EARTH_vs_EARTH/game': np.float64(1.0), 'environment/deckbuild_result/gate_pair_unordered/EARTH_vs_EARTH/win': np.float64(0.5), 'environment/deckbuild_result/gate_match/game': np.float64(1.0), 'environment/deckbuild_result/gate_match/win': np.float64(0.5), 'environment/deckbuild/leader_card/AZK01-123': np.float64(1.0), 'environment/azk_step_deckbuild/leader_card/AZK01-123': np.float64(1.0), 'environment/deckbuild_gatecard/STT03-002/game': np.float64(1.0), 'environment/azk_step_deckbuild_gatecard/STT03-002/game': np.float64(1.0), 'environment/deckbuild_gatecard/STT03-002/avg_cost': np.float64(3.177), 'environment/azk_step_deckbuild_gatecard/STT03-002/avg_cost': np.float64(3.177), 'environment/deckbuild_gatecard/STT03-002/main_unique': np.float64(37.65), 'environment/azk_step_deckbuild_gatecard/STT03-002/main_unique': np.float64(37.65), 'environment/deckbuild_gatecard/STT03-002/copy_entropy_norm': np.float64(0.9766213333095383), 'environment/azk_step_deckbuild_gatecard/STT03-002/copy_entropy_norm': np.float64(0.9766213333095383), 'environment/deckbuild_gatecard/STT03-002/gate_element_share': np.float64(0.437), 'environment/azk_step_deckbuild_gatecard/STT03-002/gate_element_share': np.float64(0.437), 'environment/deckbuild_gatecard/STT03-002/type_share/ENTITY': np.float64(0.758), 'environment/azk_step_deckbuild_gatecard/STT03-002/type_share/ENTITY': np.float64(0.758), 'environment/deckbuild_gatecard/STT03-002/type_share/SPELL': np.float64(0.20800000000000002), 'environment/azk_step_deckbuild_gatecard/STT03-002/type_share/SPELL': np.float64(0.20800000000000002), 'environment/deckbuild_gatecard/STT03-002/type_share/WEAPON': np.float64(0.033999999999999996), 'environment/azk_step_deckbuild_gatecard/STT03-002/type_share/WEAPON': np.float64(0.033999999999999996), 'environment/deckbuild_gatecard/STT03-002/cost_share/0_1': np.float64(0.233), 'environment/azk_step_deckbuild_gatecard/STT03-002/cost_share/0_1': np.float64(0.233), 'environment/deckbuild_gatecard/STT03-002/cost_share/2_3': np.float64(0.362), 'environment/azk_step_deckbuild_gatecard/STT03-002/cost_share/2_3': np.float64(0.362), 'environment/deckbuild_gatecard/STT03-002/cost_share/4_5': np.float64(0.299), 'environment/azk_step_deckbuild_gatecard/STT03-002/cost_share/4_5': np.float64(0.299), 'environment/deckbuild_gatecard/STT03-002/cost_share/6_plus': np.float64(0.10600000000000001), 'environment/azk_step_deckbuild_gatecard/STT03-002/cost_share/6_plus': np.float64(0.10600000000000001), 'environment/deckbuild_gatecard/STT03-002/leader/AZK01-123': np.float64(1.0), 'environment/azk_step_deckbuild_gatecard/STT03-002/leader/AZK01-123': np.float64(1.0), 'environment/deckbuild_result/gatecard/STT03-002/game': np.float64(1.0), 'environment/deckbuild_result/gatecard/STT03-002/win': np.float64(0.55), 'environment/deckbuild_result/gatecard/STT03-002/attack_rate': np.float64(0.16708335764706134), 'environment/deckbuild_result/gatecard/STT03-002/spell_rate': np.float64(0.04081960842013359), 'environment/deckbuild_result/gatecard/STT03-002/weapon_rate': np.float64(0.00799901019781828), 'environment/deckbuild_result/gatecard/STT03-002/portal_rate': np.float64(0.093521673604846), 'environment/deckbuild_result/gatecard/STT03-002/play_entity_rate': np.float64(0.30641369968652726), 'environment/deckbuild_result/gatecard/STT03-002/noop_rate': np.float64(0.20979987382888793), 'environment/deckbuild_result/gatecard/STT03-002/episode_length': np.float64(178.5), 'environment/deckbuild_result/gatecard/STT03-002/leader_health': np.float64(0.2974999964237213), 'environment/deckbuild_result/gatecard/STT03-002/ability_rate': np.float64(0.0636016247794032), 'environment/deckbuild/leader_card/STT02-001': np.float64(1.0), 'environment/azk_step_deckbuild/leader_card/STT02-001': np.float64(1.0), 'environment/deckbuild_gatecard/STT02-002/game': np.float64(1.0), 'environment/azk_step_deckbuild_gatecard/STT02-002/game': np.float64(1.0), 'environment/deckbuild_gatecard/STT02-002/avg_cost': np.float64(2.911666666666667), 'environment/azk_step_deckbuild_gatecard/STT02-002/avg_cost': np.float64(2.911666666666667), 'environment/deckbuild_gatecard/STT02-002/main_unique': np.float64(36.833333333333336), 'environment/azk_step_deckbuild_gatecard/STT02-002/main_unique': np.float64(36.833333333333336), 'environment/deckbuild_gatecard/STT02-002/copy_entropy_norm': np.float64(0.978448465354138), 'environment/azk_step_deckbuild_gatecard/STT02-002/copy_entropy_norm': np.float64(0.978448465354138), 'environment/deckbuild_gatecard/STT02-002/gate_element_share': np.float64(0.4108333333333334), 'environment/azk_step_deckbuild_gatecard/STT02-002/gate_element_share': np.float64(0.4108333333333334), 'environment/deckbuild_gatecard/STT02-002/type_share/ENTITY': np.float64(0.6891666666666666), 'environment/azk_step_deckbuild_gatecard/STT02-002/type_share/ENTITY': np.float64(0.6891666666666666), 'environment/deckbuild_gatecard/STT02-002/type_share/SPELL': np.float64(0.25000000000000006), 'environment/azk_step_deckbuild_gatecard/STT02-002/type_share/SPELL': np.float64(0.25000000000000006), 'environment/deckbuild_gatecard/STT02-002/type_share/WEAPON': np.float64(0.06083333333333334), 'environment/azk_step_deckbuild_gatecard/STT02-002/type_share/WEAPON': np.float64(0.06083333333333334), 'environment/deckbuild_gatecard/STT02-002/cost_share/0_1': np.float64(0.265), 'environment/azk_step_deckbuild_gatecard/STT02-002/cost_share/0_1': np.float64(0.265), 'environment/deckbuild_gatecard/STT02-002/cost_share/2_3': np.float64(0.4116666666666667), 'environment/azk_step_deckbuild_gatecard/STT02-002/cost_share/2_3': np.float64(0.4116666666666667), 'environment/deckbuild_gatecard/STT02-002/cost_share/4_5': np.float64(0.23916666666666667), 'environment/azk_step_deckbuild_gatecard/STT02-002/cost_share/4_5': np.float64(0.23916666666666667), 'environment/deckbuild_gatecard/STT02-002/cost_share/6_plus': np.float64(0.08416666666666667), 'environment/azk_step_deckbuild_gatecard/STT02-002/cost_share/6_plus': np.float64(0.08416666666666667), 'environment/deckbuild_gatecard/STT02-002/leader/STT02-001': np.float64(1.0), 'environment/azk_step_deckbuild_gatecard/STT02-002/leader/STT02-001': np.float64(1.0), 'environment/deckbuild_result/gate/WATER/game': np.float64(1.0), 'environment/deckbuild_result/gate/WATER/win': np.float64(0.39473684210526316), 'environment/deckbuild_result/gate_pair/WATER_vs_EARTH/game': np.float64(1.0), 'environment/deckbuild_result/gate_pair/WATER_vs_EARTH/win': np.float64(0.5), 'environment/deckbuild_result/gate_pair_unordered/EARTH_vs_WATER/game': np.float64(1.0), 'environment/deckbuild_result/gate_pair_unordered/EARTH_vs_WATER/win': np.float64(0.5), 'environment/deckbuild_result/gatecard/STT02-002/game': np.float64(1.0), 'environment/deckbuild_result/gatecard/STT02-002/win': np.float64(0.5416666666666666), 'environment/deckbuild_result/gatecard/STT02-002/attack_rate': np.float64(0.18568769997606674), 'environment/deckbuild_result/gatecard/STT02-002/spell_rate': np.float64(0.04465169715695083), 'environment/deckbuild_result/gatecard/STT02-002/weapon_rate': np.float64(0.00919944397173822), 'environment/deckbuild_result/gatecard/STT02-002/portal_rate': np.float64(0.0923080660092334), 'environment/deckbuild_result/gatecard/STT02-002/play_entity_rate': np.float64(0.3117385630806287), 'environment/deckbuild_result/gatecard/STT02-002/noop_rate': np.float64(0.22933440345029035), 'environment/deckbuild_result/gatecard/STT02-002/episode_length': np.float64(177.41666666666666), 'environment/deckbuild_result/gatecard/STT02-002/leader_health': np.float64(0.22291666781529784), 'environment/deckbuild_result/gatecard/STT02-002/ability_rate': np.float64(0.06747508211992681), 'environment/deckbuild_gatecard/AZK01-124/leader/AZK01-123': np.float64(1.0), 'environment/azk_step_deckbuild_gatecard/AZK01-124/leader/AZK01-123': np.float64(1.0), 'environment/deckbuild_result/gate_pair/EARTH_vs_WATER/game': np.float64(1.0), 'environment/deckbuild_result/gate_pair/EARTH_vs_WATER/win': np.float64(0.5), 'environment/deckbuild/leader_card/AZK01-119': np.float64(1.0), 'environment/azk_step_deckbuild/leader_card/AZK01-119': np.float64(1.0), 'environment/deckbuild_gatecard/STT01-002/game': np.float64(1.0), 'environment/azk_step_deckbuild_gatecard/STT01-002/game': np.float64(1.0), 'environment/deckbuild_gatecard/STT01-002/avg_cost': np.float64(2.912), 'environment/azk_step_deckbuild_gatecard/STT01-002/avg_cost': np.float64(2.912), 'environment/deckbuild_gatecard/STT01-002/main_unique': np.float64(38.0), 'environment/azk_step_deckbuild_gatecard/STT01-002/main_unique': np.float64(38.0), 'environment/deckbuild_gatecard/STT01-002/copy_entropy_norm': np.float64(0.9782486428095195), 'environment/azk_step_deckbuild_gatecard/STT01-002/copy_entropy_norm': np.float64(0.9782486428095195), 'environment/deckbuild_gatecard/STT01-002/gate_element_share': np.float64(0.384), 'environment/azk_step_deckbuild_gatecard/STT01-002/gate_element_share': np.float64(0.384), 'environment/deckbuild_gatecard/STT01-002/type_share/ENTITY': np.float64(0.692), 'environment/azk_step_deckbuild_gatecard/STT01-002/type_share/ENTITY': np.float64(0.692), 'environment/deckbuild_gatecard/STT01-002/type_share/SPELL': np.float64(0.192), 'environment/azk_step_deckbuild_gatecard/STT01-002/type_share/SPELL': np.float64(0.192), 'environment/deckbuild_gatecard/STT01-002/type_share/WEAPON': np.float64(0.11600000000000002), 'environment/azk_step_deckbuild_gatecard/STT01-002/type_share/WEAPON': np.float64(0.11600000000000002), 'environment/deckbuild_gatecard/STT01-002/cost_share/0_1': np.float64(0.23199999999999998), 'environment/azk_step_deckbuild_gatecard/STT01-002/cost_share/0_1': np.float64(0.23199999999999998), 'environment/deckbuild_gatecard/STT01-002/cost_share/2_3': np.float64(0.40800000000000003), 'environment/azk_step_deckbuild_gatecard/STT01-002/cost_share/2_3': np.float64(0.40800000000000003), 'environment/deckbuild_gatecard/STT01-002/cost_share/4_5': np.float64(0.31600000000000006), 'environment/azk_step_deckbuild_gatecard/STT01-002/cost_share/4_5': np.float64(0.31600000000000006), 'environment/deckbuild_gatecard/STT01-002/cost_share/6_plus': np.float64(0.044000000000000004), 'environment/azk_step_deckbuild_gatecard/STT01-002/cost_share/6_plus': np.float64(0.044000000000000004), 'environment/deckbuild_gatecard/STT01-002/leader/AZK01-119': np.float64(1.0), 'environment/azk_step_deckbuild_gatecard/STT01-002/leader/AZK01-119': np.float64(1.0), 'environment/deckbuild_result/gate/LIGHTNING/game': np.float64(1.0), 'environment/deckbuild_result/gate/LIGHTNING/win': np.float64(0.5555555555555556), 'environment/deckbuild_result/gate_pair/LIGHTNING_vs_WATER/game': np.float64(1.0), 'environment/deckbuild_result/gate_pair/LIGHTNING_vs_WATER/win': np.float64(0.8), 'environment/deckbuild_result/gate_pair_unordered/LIGHTNING_vs_WATER/game': np.float64(1.0), 'environment/deckbuild_result/gate_pair_unordered/LIGHTNING_vs_WATER/win': np.float64(0.5), 'environment/deckbuild_result/gatecard/STT01-002/game': np.float64(1.0), 'environment/deckbuild_result/gatecard/STT01-002/win': np.float64(1.0), 'environment/deckbuild_result/gatecard/STT01-002/attack_rate': np.float64(0.24032635390758514), 'environment/deckbuild_result/gatecard/STT01-002/spell_rate': np.float64(0.03062506876885891), 'environment/deckbuild_result/gatecard/STT01-002/weapon_rate': np.float64(0.03495008908212185), 'environment/deckbuild_result/gatecard/STT01-002/portal_rate': np.float64(0.09441205710172654), 'environment/deckbuild_result/gatecard/STT01-002/play_entity_rate': np.float64(0.32360124588012695), 'environment/deckbuild_result/gatecard/STT01-002/noop_rate': np.float64(0.20488038063049316), 'environment/deckbuild_result/gatecard/STT01-002/episode_length': np.float64(176.8), 'environment/deckbuild_result/gatecard/STT01-002/leader_health': np.float64(0.22999999970197677), 'environment/deckbuild_result/gatecard/STT01-002/ability_rate': np.float64(0.013555149734020232), 'environment/deckbuild/leader_card/AZK01-125': np.float64(1.0), 'environment/azk_step_deckbuild/leader_card/AZK01-125': np.float64(1.0), 'environment/deckbuild_gatecard/AZK01-126/game': np.float64(1.0), 'environment/azk_step_deckbuild_gatecard/AZK01-126/game': np.float64(1.0), 'environment/deckbuild_gatecard/AZK01-126/avg_cost': np.float64(2.8290909090909095), 'environment/azk_step_deckbuild_gatecard/AZK01-126/avg_cost': np.float64(2.8290909090909095), 'environment/deckbuild_gatecard/AZK01-126/main_unique': np.float64(36.81818181818182), 'environment/azk_step_deckbuild_gatecard/AZK01-126/main_unique': np.float64(36.81818181818182), 'environment/deckbuild_gatecard/AZK01-126/copy_entropy_norm': np.float64(0.9767488732758803), 'environment/azk_step_deckbuild_gatecard/AZK01-126/copy_entropy_norm': np.float64(0.9767488732758803), 'environment/deckbuild_gatecard/AZK01-126/gate_element_share': np.float64(0.3812121212121212), 'environment/azk_step_deckbuild_gatecard/AZK01-126/gate_element_share': np.float64(0.3812121212121212), 'environment/deckbuild_gatecard/AZK01-126/type_share/ENTITY': np.float64(0.6939393939393939), 'environment/azk_step_deckbuild_gatecard/AZK01-126/type_share/ENTITY': np.float64(0.6939393939393939), 'environment/deckbuild_gatecard/AZK01-126/type_share/SPELL': np.float64(0.2563636363636363), 'environment/azk_step_deckbuild_gatecard/AZK01-126/type_share/SPELL': np.float64(0.2563636363636363), 'environment/deckbuild_gatecard/AZK01-126/type_share/WEAPON': np.float64(0.049696969696969705), 'environment/azk_step_deckbuild_gatecard/AZK01-126/type_share/WEAPON': np.float64(0.049696969696969705), 'environment/deckbuild_gatecard/AZK01-126/cost_share/0_1': np.float64(0.2896969696969697), 'environment/azk_step_deckbuild_gatecard/AZK01-126/cost_share/0_1': np.float64(0.2896969696969697), 'environment/deckbuild_gatecard/AZK01-126/cost_share/2_3': np.float64(0.41151515151515156), 'environment/azk_step_deckbuild_gatecard/AZK01-126/cost_share/2_3': np.float64(0.41151515151515156), 'environment/deckbuild_gatecard/AZK01-126/cost_share/4_5': np.float64(0.2), 'environment/azk_step_deckbuild_gatecard/AZK01-126/cost_share/4_5': np.float64(0.2), 'environment/deckbuild_gatecard/AZK01-126/cost_share/6_plus': np.float64(0.09878787878787881), 'environment/azk_step_deckbuild_gatecard/AZK01-126/cost_share/6_plus': np.float64(0.09878787878787881), 'environment/deckbuild_gatecard/AZK01-126/leader/AZK01-125': np.float64(1.0), 'environment/azk_step_deckbuild_gatecard/AZK01-126/leader/AZK01-125': np.float64(1.0), 'environment/deckbuild_result/gate_pair/WATER_vs_LIGHTNING/game': np.float64(1.0), 'environment/deckbuild_result/gate_pair/WATER_vs_LIGHTNING/win': np.float64(0.2), 'environment/deckbuild_result/gatecard/AZK01-126/game': np.float64(1.0), 'environment/deckbuild_result/gatecard/AZK01-126/win': np.float64(0.2424242424242424), 'environment/deckbuild_result/gatecard/AZK01-126/attack_rate': np.float64(0.16259065586509128), 'environment/deckbuild_result/gatecard/AZK01-126/spell_rate': np.float64(0.06456405646873242), 'environment/deckbuild_result/gatecard/AZK01-126/weapon_rate': np.float64(0.006365136158737269), 'environment/deckbuild_result/gatecard/AZK01-126/portal_rate': np.float64(0.08574597142411), 'environment/deckbuild_result/gatecard/AZK01-126/play_entity_rate': np.float64(0.3302276766661442), 'environment/deckbuild_result/gatecard/AZK01-126/noop_rate': np.float64(0.19968926906585693), 'environment/deckbuild_result/gatecard/AZK01-126/episode_length': np.float64(179.1818181818182), 'environment/deckbuild_result/gatecard/AZK01-126/leader_health': np.float64(0.11060606146400626), 'environment/deckbuild_result/gatecard/AZK01-126/ability_rate': np.float64(0.0423564382856994), 'environment/deckbuild_gatecard/STT02-002/leader/AZK01-125': np.float64(1.0), 'environment/azk_step_deckbuild_gatecard/STT02-002/leader/AZK01-125': np.float64(1.0), 'environment/deckbuild_result/gate_pair/WATER_vs_WATER/game': np.float64(1.0), 'environment/deckbuild_result/gate_pair/WATER_vs_WATER/win': np.float64(0.5), 'environment/deckbuild_result/gate_pair_unordered/WATER_vs_WATER/game': np.float64(1.0), 'environment/deckbuild_result/gate_pair_unordered/WATER_vs_WATER/win': np.float64(0.5), 'environment/deckbuild_result/gate_pair/WATER_vs_FIRE/game': np.float64(1.0), 'environment/deckbuild_result/gate_pair/WATER_vs_FIRE/win': np.float64(0.0), 'environment/deckbuild_result/gate_pair_unordered/FIRE_vs_WATER/game': np.float64(1.0), 'environment/deckbuild_result/gate_pair_unordered/FIRE_vs_WATER/win': np.float64(0.5), 'environment/deckbuild_result/gate_pair/FIRE_vs_WATER/game': np.float64(1.0), 'environment/deckbuild_result/gate_pair/FIRE_vs_WATER/win': np.float64(1.0), 'environment/deckbuild_gatecard/AZK01-126/leader/STT02-001': np.float64(1.0), 'environment/azk_step_deckbuild_gatecard/AZK01-126/leader/STT02-001': np.float64(1.0), 'environment/deckbuild/leader_card/STT01-001': np.float64(1.0), 'environment/azk_step_deckbuild/leader_card/STT01-001': np.float64(1.0), 'environment/deckbuild_gatecard/STT01-002/leader/STT01-001': np.float64(1.0), 'environment/azk_step_deckbuild_gatecard/STT01-002/leader/STT01-001': np.float64(1.0), 'environment/deckbuild_result/gate_pair/LIGHTNING_vs_LIGHTNING/game': np.float64(1.0), 'environment/deckbuild_result/gate_pair/LIGHTNING_vs_LIGHTNING/win': np.float64(0.5), 'environment/deckbuild_result/gate_pair_unordered/LIGHTNING_vs_LIGHTNING/game': np.float64(1.0), 'environment/deckbuild_result/gate_pair_unordered/LIGHTNING_vs_LIGHTNING/win': np.float64(0.5), 'environment/deckbuild_gatecard/AZK01-120/game': np.float64(1.0), 'environment/azk_step_deckbuild_gatecard/AZK01-120/game': np.float64(1.0), 'environment/deckbuild_gatecard/AZK01-120/avg_cost': np.float64(2.73), 'environment/azk_step_deckbuild_gatecard/AZK01-120/avg_cost': np.float64(2.73), 'environment/deckbuild_gatecard/AZK01-120/main_unique': np.float64(38.0), 'environment/azk_step_deckbuild_gatecard/AZK01-120/main_unique': np.float64(38.0), 'environment/deckbuild_gatecard/AZK01-120/copy_entropy_norm': np.float64(0.9776707011163497), 'environment/azk_step_deckbuild_gatecard/AZK01-120/copy_entropy_norm': np.float64(0.9776707011163497), 'environment/deckbuild_gatecard/AZK01-120/gate_element_share': np.float64(0.3433333333333333), 'environment/azk_step_deckbuild_gatecard/AZK01-120/gate_element_share': np.float64(0.3433333333333333), 'environment/deckbuild_gatecard/AZK01-120/type_share/ENTITY': np.float64(0.7133333333333334), 'environment/azk_step_deckbuild_gatecard/AZK01-120/type_share/ENTITY': np.float64(0.7133333333333334), 'environment/deckbuild_gatecard/AZK01-120/type_share/SPELL': np.float64(0.17), 'environment/azk_step_deckbuild_gatecard/AZK01-120/type_share/SPELL': np.float64(0.17), 'environment/deckbuild_gatecard/AZK01-120/type_share/WEAPON': np.float64(0.11666666666666665), 'environment/azk_step_deckbuild_gatecard/AZK01-120/type_share/WEAPON': np.float64(0.11666666666666665), 'environment/deckbuild_gatecard/AZK01-120/cost_share/0_1': np.float64(0.26666666666666666), 'environment/azk_step_deckbuild_gatecard/AZK01-120/cost_share/0_1': np.float64(0.26666666666666666), 'environment/deckbuild_gatecard/AZK01-120/cost_share/2_3': np.float64(0.42999999999999994), 'environment/azk_step_deckbuild_gatecard/AZK01-120/cost_share/2_3': np.float64(0.42999999999999994), 'environment/deckbuild_gatecard/AZK01-120/cost_share/4_5': np.float64(0.25), 'environment/azk_step_deckbuild_gatecard/AZK01-120/cost_share/4_5': np.float64(0.25), 'environment/deckbuild_gatecard/AZK01-120/cost_share/6_plus': np.float64(0.05333333333333334), 'environment/azk_step_deckbuild_gatecard/AZK01-120/cost_share/6_plus': np.float64(0.05333333333333334), 'environment/deckbuild_gatecard/AZK01-120/leader/STT01-001': np.float64(1.0), 'environment/azk_step_deckbuild_gatecard/AZK01-120/leader/STT01-001': np.float64(1.0), 'environment/deckbuild_result/gatecard/AZK01-120/game': np.float64(1.0), 'environment/deckbuild_result/gatecard/AZK01-120/win': np.float64(0.16666666666666666), 'environment/deckbuild_result/gatecard/AZK01-120/attack_rate': np.float64(0.21209470431009927), 'environment/deckbuild_result/gatecard/AZK01-120/spell_rate': np.float64(0.03850175021216273), 'environment/deckbuild_result/gatecard/AZK01-120/weapon_rate': np.float64(0.027778190560638905), 'environment/deckbuild_result/gatecard/AZK01-120/portal_rate': np.float64(0.10176173473397891), 'environment/deckbuild_result/gatecard/AZK01-120/play_entity_rate': np.float64(0.35872167845567066), 'environment/deckbuild_result/gatecard/AZK01-120/noop_rate': np.float64(0.20874284207820892), 'environment/deckbuild_result/gatecard/AZK01-120/episode_length': np.float64(179.66666666666666), 'environment/deckbuild_result/gatecard/AZK01-120/leader_health': np.float64(0.06666666766007741), 'environment/deckbuild_result/gatecard/AZK01-120/ability_rate': np.float64(0.013801326354344686), 'environment/deckbuild_gatecard/STT03-002/leader/STT03-001': np.float64(1.0), 'environment/azk_step_deckbuild_gatecard/STT03-002/leader/STT03-001': np.float64(1.0), 'environment/deckbuild_gatecard/AZK01-120/leader/AZK01-119': np.float64(1.0), 'environment/azk_step_deckbuild_gatecard/AZK01-120/leader/AZK01-119': np.float64(1.0), 'environment/deckbuild_result/gate_pair/LIGHTNING_vs_EARTH/game': np.float64(1.0), 'environment/deckbuild_result/gate_pair/LIGHTNING_vs_EARTH/win': np.float64(0.0), 'environment/deckbuild_result/gate_pair_unordered/EARTH_vs_LIGHTNING/game': np.float64(1.0), 'environment/deckbuild_result/gate_pair_unordered/EARTH_vs_LIGHTNING/win': np.float64(0.5), 'environment/deckbuild_result/gate_pair/EARTH_vs_LIGHTNING/game': np.float64(1.0), 'environment/deckbuild_result/gate_pair/EARTH_vs_LIGHTNING/win': np.float64(1.0), 'losses/policy_loss': 0.004283682908862829, 'losses/value_loss': 0.07926617562770844, 'losses/value_loss_total': 0.07926617562770844, 'losses/entropy': 1.184858798980713, 'losses/old_approx_kl': 7.883877515268978e-06, 'losses/approx_kl': 8.636113193460915e-07, 'losses/clipfrac': 0.0, 'losses/importance': 0.999993085861206, 'losses/win_prob_aux_loss': 0.69140625, 'losses/win_prob_aux_labeled_frac': 0.1796875, 'losses/explained_variance': 0.05148226022720337, 'losses/win_prob_aux_accuracy': 0.67578125, 'losses/win_prob_aux_brier': 0.24609375, 'losses/win_prob_aux_pred_mean': 0.49609375, 'losses/win_prob_aux_target_mean': 0.5, 'performance/eval': 22.292821407318115, 'performance/train': 23.861221075057983, 'performance/eval_forward': 21.706587076187134, 'performance/env': 0.07550716400146484, 'performance/eval_copy': 0.44376134872436523, 'performance/eval_misc': 0.06683468818664551, 'performance/train_forward': 4.918789863586426, 'performance/learn_backward': 9.252855777740479, 'performance/learn_opt': 9.539103507995605, 'performance/train_copy': 0.007479190826416016, 'performance/train_misc': 0.14286518096923828}
[0;0H╭──────────────────────────────────────────────────────────────────────────────╮
│  PufferLib 4.0  🐡              CPU:     GPU: 0.0%  DRAM: 8.8%   VRAM: 0.0%  │
│                                 82.4%                                        │
│                                                                              │
│  Summary          Value    Evaluate     22s  46%    Losses            Value  │
│  Env        azuki_local      Forwa…     21s  45%    policy_loss      -0.006  │
│  Params           90.2M      Env         0s   0%    value_loss        0.044  │
│  Steps           291.8K      Copy        0s   1%    value_loss_to…    0.044  │
│  SPS               1.0K      Misc        0s   0%    entropy           1.305  │
│  Epoch               19    Train        23s  53%    old_approx_kl     0.000  │
│  Uptime          1m 54s      Forwa…      4s  10%    approx_kl         0.000  │
│  Remaini…           14s      Backw…      9s  20%    clipfrac          0.000  │
│                              Optim…      9s  21%    importance        1.000  │
│                              Copy        0s   0%    win_prob_aux_…    0.691  │
│                              Misc        0s   0%    win_prob_aux_…    0.083  │
│                                                     explained_var…    0.046  │
│                                                     win_prob_aux_…    0.770  │
│                                                     win_prob_aux_…    0.248  │
│                                                     win_prob_aux_…    0.498  │
│                                                     win_prob_aux_…    0.508  │
│                                                                              │
│  User Stats                    Value    User Stats                    Value  │
│  league/active                 1.000    sampler/subaction_tem…        1.200  │
│  sampler/smoothing_eps         0.050    anneal/ent_coef               0.002  │
│  perf                          0.000    score                         0.000  │
│  episode_return               -0.701    episode_length              194.000  │
│  p0_episode_return            -0.701    p1_episode_return             0.701  │
│  p0_winrate                    0.444    p1_winrate                    0.556  │
│  p0_start_rate                 0.583    p1_start_rate                 0.417  │
│  draw_rate                     0.000    timeout_truncation_ra…        0.000  │
│  auto_tick_truncation_…        0.000    zero_legal_action_tru…        0.000  │
│  gameover_terminal_rate        1.000    winner_terminal_rate          1.000  │
│  curriculum_episode_cap        0.000    reward_shaping_scale          1.000  │
│  completed_episodes            1.000    p0_noop_selected_rate         0.204  │
│  p1_noop_selected_rate         0.203    p0_attack_selected_ra…        0.189  │
│  p1_attack_selected_ra…        0.187    p0_attach_weapon_from…        0.011  │
│  p1_attach_weapon_from…        0.007    p0_play_spell_from_ha…        0.039  │
╰──────────────────────────────────────────────────────────────────────────────╯

[epoch 19] {'SPS': 1027.9358216606083, 'agent_steps': 291840, 'uptime': 114.66777992248535, 'epoch': 19, 'learning_rate': 1.8467489107293523e-05, 'environment/league/active': np.float64(1.0), 'environment/sampler/subaction_temperature': np.float64(1.2), 'environment/sampler/smoothing_eps': np.float64(0.05), 'environment/anneal/ent_coef': np.float64(0.002), 'environment/perf': np.float64(0.0), 'environment/score': np.float64(0.0), 'environment/episode_return': np.float64(-0.701237678527832), 'environment/episode_length': np.float64(194.0), 'environment/p0_episode_return': np.float64(-0.701237678527832), 'environment/p1_episode_return': np.float64(0.701237678527832), 'environment/p0_winrate': np.float64(0.4444444444444444), 'environment/p1_winrate': np.float64(0.5555555555555556), 'environment/p0_start_rate': np.float64(0.5833333333333334), 'environment/p1_start_rate': np.float64(0.4166666666666667), 'environment/draw_rate': np.float64(0.0), 'environment/timeout_truncation_rate': np.float64(0.0), 'environment/auto_tick_truncation_rate': np.float64(0.0), 'environment/zero_legal_action_truncation_rate': np.float64(0.0), 'environment/gameover_terminal_rate': np.float64(1.0), 'environment/winner_terminal_rate': np.float64(1.0), 'environment/curriculum_episode_cap': np.float64(0.0), 'environment/reward_shaping_scale': np.float64(1.0), 'environment/completed_episodes': np.float64(1.0), 'environment/p0_noop_selected_rate': np.float64(0.20355665766530567), 'environment/p1_noop_selected_rate': np.float64(0.20333199285798603), 'environment/p0_attack_selected_rate': np.float64(0.1889959623416265), 'environment/p1_attack_selected_rate': np.float64(0.18730792237652671), 'environment/p0_attach_weapon_from_hand_selected_rate': np.float64(0.011249311992691623), 'environment/p1_attach_weapon_from_hand_selected_rate': np.float64(0.006943076021141476), 'environment/p0_play_spell_from_hand_selected_rate': np.float64(0.038574377799199686), 'environment/p1_play_spell_from_hand_selected_rate': np.float64(0.046092602838244706), 'environment/p0_activate_garden_or_leader_ability_selected_rate': np.float64(0.054619540512147874), 'environment/p1_activate_garden_or_leader_ability_selected_rate': np.float64(0.04478568951081899), 'environment/p0_activate_alley_ability_selected_rate': np.float64(0.0035220081659240853), 'environment/p1_activate_alley_ability_selected_rate': np.float64(0.004246134569661485), 'environment/p0_gate_portal_selected_rate': np.float64(0.09539618177546395), 'environment/p1_gate_portal_selected_rate': np.float64(0.09178186228705777), 'environment/p0_play_entity_to_alley_selected_rate': np.float64(0.10566554301314884), 'environment/p1_play_entity_to_alley_selected_rate': np.float64(0.10238285424808662), 'environment/p0_play_entity_to_garden_selected_rate': np.float64(0.06453021988272667), 'environment/p1_play_entity_to_garden_selected_rate': np.float64(0.06729177706357506), 'environment/p0_play_selected_rate': np.float64(0.3154156357049942), 'environment/p1_play_selected_rate': np.float64(0.3144921710093816), 'environment/p0_ability_selected_rate': np.float64(0.0777034862484369), 'environment/p1_ability_selected_rate': np.float64(0.06695935844133298), 'environment/p0_target_selected_rate': np.float64(0.2132930573489931), 'environment/p1_target_selected_rate': np.float64(0.22377921806441414), 'environment/p0_avg_leader_health': np.float64(0.18472222487131754), 'environment/p1_avg_leader_health': np.float64(0.21944444792138207), 'environment/p0_entity_damage_dealt': np.float64(0.0), 'environment/p1_entity_damage_dealt': np.float64(0.0), 'environment/p0_entity_damage_taken': np.float64(0.0), 'environment/p1_entity_damage_taken': np.float64(0.0), 'environment/p0_generated_ikz_created': np.float64(0.0), 'environment/p1_generated_ikz_created': np.float64(0.0), 'environment/p0_generated_ikz_converted': np.float64(0.0), 'environment/p1_generated_ikz_converted': np.float64(0.0), 'environment/p0_generated_ikz_conversion_rate': np.float64(0.0), 'environment/p1_generated_ikz_conversion_rate': np.float64(0.0), 'environment/p0_temporary_charge_realized': np.float64(0.0), 'environment/p1_temporary_charge_realized': np.float64(0.0), 'environment/p0_temporary_attack_damage_realized': np.float64(0.0), 'environment/p1_temporary_attack_damage_realized': np.float64(0.0), 'environment/p0_contextual_response_reserve_opportunities': np.float64(0.0), 'environment/p1_contextual_response_reserve_opportunities': np.float64(0.0), 'environment/n': np.float64(1.0555555555555556), 'environment/deckbuild/completed': np.float64(1.0), 'environment/azk_step_deckbuild/completed': np.float64(1.0), 'environment/deckbuild/picks': np.float64(51.0), 'environment/azk_step_deckbuild/picks': np.float64(51.0), 'environment/deckbuild/main_count': np.float64(50.0), 'environment/azk_step_deckbuild/main_count': np.float64(50.0), 'environment/deckbuild/main_unique': np.float64(37.513888888888886), 'environment/azk_step_deckbuild/main_unique': np.float64(37.513888888888886), 'environment/deckbuild/main_unique_share': np.float64(0.7502777777777778), 'environment/azk_step_deckbuild/main_unique_share': np.float64(0.7502777777777778), 'environment/deckbuild/main_avg_copies_per_unique': np.float64(1.33971056557746), 'environment/azk_step_deckbuild/main_avg_copies_per_unique': np.float64(1.33971056557746), 'environment/deckbuild/main_max_copy_count': np.float64(3.2222222222222223), 'environment/azk_step_deckbuild/main_max_copy_count': np.float64(3.2222222222222223), 'environment/deckbuild/main_copy_entropy': np.float64(3.538867764654208), 'environment/azk_step_deckbuild/main_copy_entropy': np.float64(3.538867764654208), 'environment/deckbuild/main_copy_entropy_norm': np.float64(0.9769199352593838), 'environment/azk_step_deckbuild/main_copy_entropy_norm': np.float64(0.9769199352593838), 'environment/deckbuild/main_singleton_count': np.float64(27.36111111111111), 'environment/azk_step_deckbuild/main_singleton_count': np.float64(27.36111111111111), 'environment/deckbuild/main_pair_count': np.float64(8.194444444444445), 'environment/azk_step_deckbuild/main_pair_count': np.float64(8.194444444444445), 'environment/deckbuild/main_triplet_count': np.float64(1.5833333333333333), 'environment/azk_step_deckbuild/main_triplet_count': np.float64(1.5833333333333333), 'environment/deckbuild/main_quad_count': np.float64(0.375), 'environment/azk_step_deckbuild/main_quad_count': np.float64(0.375), 'environment/deckbuild/main_singleton_slot_share': np.float64(0.5472222222222223), 'environment/azk_step_deckbuild/main_singleton_slot_share': np.float64(0.5472222222222223), 'environment/deckbuild/main_pair_slot_share': np.float64(0.32777777777777783), 'environment/azk_step_deckbuild/main_pair_slot_share': np.float64(0.32777777777777783), 'environment/deckbuild/main_triplet_slot_share': np.float64(0.095), 'environment/azk_step_deckbuild/main_triplet_slot_share': np.float64(0.095), 'environment/deckbuild/main_quad_slot_share': np.float64(0.030000000000000002), 'environment/azk_step_deckbuild/main_quad_slot_share': np.float64(0.030000000000000002), 'environment/deckbuild/main_normal_share': np.float64(0.5855555555555555), 'environment/azk_step_deckbuild/main_normal_share': np.float64(0.5855555555555555), 'environment/deckbuild/main_gate_element_share': np.float64(0.41444444444444445), 'environment/azk_step_deckbuild/main_gate_element_share': np.float64(0.41444444444444445), 'environment/deckbuild/gate_match': np.float64(0.6666666666666666), 'environment/azk_step_deckbuild/gate_match': np.float64(0.6666666666666666), 'environment/deckbuild/gate/EARTH': np.float64(0.3888888888888889), 'environment/azk_step_deckbuild/gate/EARTH': np.float64(0.3888888888888889), 'environment/deckbuild/opponent_gate/EARTH': np.float64(0.3888888888888889), 'environment/azk_step_deckbuild/opponent_gate/EARTH': np.float64(0.3888888888888889), 'environment/deckbuild/leader/EARTH': np.float64(0.3888888888888889), 'environment/azk_step_deckbuild/leader/EARTH': np.float64(0.3888888888888889), 'environment/deckbuild/gate/FIRE': np.float64(0.0), 'environment/azk_step_deckbuild/gate/FIRE': np.float64(0.0), 'environment/deckbuild/opponent_gate/FIRE': np.float64(0.0), 'environment/azk_step_deckbuild/opponent_gate/FIRE': np.float64(0.0), 'environment/deckbuild/leader/FIRE': np.float64(0.0), 'environment/azk_step_deckbuild/leader/FIRE': np.float64(0.0), 'environment/deckbuild/gate/LIGHTNING': np.float64(0.05555555555555555), 'environment/azk_step_deckbuild/gate/LIGHTNING': np.float64(0.05555555555555555), 'environment/deckbuild/opponent_gate/LIGHTNING': np.float64(0.05555555555555555), 'environment/azk_step_deckbuild/opponent_gate/LIGHTNING': np.float64(0.05555555555555555), 'environment/deckbuild/leader/LIGHTNING': np.float64(0.05555555555555555), 'environment/azk_step_deckbuild/leader/LIGHTNING': np.float64(0.05555555555555555), 'environment/deckbuild/gate/WATER': np.float64(0.5555555555555556), 'environment/azk_step_deckbuild/gate/WATER': np.float64(0.5555555555555556), 'environment/deckbuild/opponent_gate/WATER': np.float64(0.5555555555555556), 'environment/azk_step_deckbuild/opponent_gate/WATER': np.float64(0.5555555555555556), 'environment/deckbuild/leader/WATER': np.float64(0.5555555555555556), 'environment/azk_step_deckbuild/leader/WATER': np.float64(0.5555555555555556), 'environment/deckbuild/main_type_count/ENTITY': np.float64(35.90277777777778), 'environment/azk_step_deckbuild/main_type_count/ENTITY': np.float64(35.90277777777778), 'environment/deckbuild/main_type_share/ENTITY': np.float64(0.7180555555555556), 'environment/azk_step_deckbuild/main_type_share/ENTITY': np.float64(0.7180555555555556), 'environment/deckbuild/main_type_count/SPELL': np.float64(11.527777777777779), 'environment/azk_step_deckbuild/main_type_count/SPELL': np.float64(11.527777777777779), 'environment/deckbuild/main_type_share/SPELL': np.float64(0.23055555555555557), 'environment/azk_step_deckbuild/main_type_share/SPELL': np.float64(0.23055555555555557), 'environment/deckbuild/main_type_count/WEAPON': np.float64(2.5694444444444446), 'environment/azk_step_deckbuild/main_type_count/WEAPON': np.float64(2.5694444444444446), 'environment/deckbuild/main_type_share/WEAPON': np.float64(0.051388888888888894), 'environment/azk_step_deckbuild/main_type_share/WEAPON': np.float64(0.051388888888888894), 'environment/deckbuild/main_element_count/EARTH': np.float64(8.916666666666666), 'environment/azk_step_deckbuild/main_element_count/EARTH': np.float64(8.916666666666666), 'environment/deckbuild/main_element_share/EARTH': np.float64(0.17833333333333334), 'environment/azk_step_deckbuild/main_element_share/EARTH': np.float64(0.17833333333333334), 'environment/deckbuild/main_element_count/FIRE': np.float64(0.0), 'environment/azk_step_deckbuild/main_element_count/FIRE': np.float64(0.0), 'environment/deckbuild/main_element_share/FIRE': np.float64(0.0), 'environment/azk_step_deckbuild/main_element_share/FIRE': np.float64(0.0), 'environment/deckbuild/main_element_count/LIGHTNING': np.float64(1.0277777777777777), 'environment/azk_step_deckbuild/main_element_count/LIGHTNING': np.float64(1.0277777777777777), 'environment/deckbuild/main_element_share/LIGHTNING': np.float64(0.020555555555555556), 'environment/azk_step_deckbuild/main_element_share/LIGHTNING': np.float64(0.020555555555555556), 'environment/deckbuild/main_element_count/NORMAL': np.float64(29.27777777777778), 'environment/azk_step_deckbuild/main_element_count/NORMAL': np.float64(29.27777777777778), 'environment/deckbuild/main_element_share/NORMAL': np.float64(0.5855555555555555), 'environment/azk_step_deckbuild/main_element_share/NORMAL': np.float64(0.5855555555555555), 'environment/deckbuild/main_element_count/WATER': np.float64(10.777777777777779), 'environment/azk_step_deckbuild/main_element_count/WATER': np.float64(10.777777777777779), 'environment/deckbuild/main_element_share/WATER': np.float64(0.21555555555555556), 'environment/azk_step_deckbuild/main_element_share/WATER': np.float64(0.21555555555555556), 'environment/deckbuild/main_avg_cost': np.float64(2.9658333333333338), 'environment/azk_step_deckbuild/main_avg_cost': np.float64(2.9658333333333338), 'environment/deckbuild/main_cost_share/0_1': np.float64(0.2611111111111112), 'environment/azk_step_deckbuild/main_cost_share/0_1': np.float64(0.2611111111111112), 'environment/deckbuild/main_cost_share/2_3': np.float64(0.3891666666666666), 'environment/azk_step_deckbuild/main_cost_share/2_3': np.float64(0.3891666666666666), 'environment/deckbuild/main_cost_share/4_5': np.float64(0.25722222222222224), 'environment/azk_step_deckbuild/main_cost_share/4_5': np.float64(0.25722222222222224), 'environment/deckbuild/main_cost_share/6_plus': np.float64(0.0925), 'environment/azk_step_deckbuild/main_cost_share/6_plus': np.float64(0.0925), 'environment/deckbuild/leader_card/STT02-001': np.float64(1.0), 'environment/azk_step_deckbuild/leader_card/STT02-001': np.float64(1.0), 'environment/deckbuild_gatecard/STT02-002/game': np.float64(1.0), 'environment/azk_step_deckbuild_gatecard/STT02-002/game': np.float64(1.0), 'environment/deckbuild_gatecard/STT02-002/avg_cost': np.float64(2.751111111111111), 'environment/azk_step_deckbuild_gatecard/STT02-002/avg_cost': np.float64(2.751111111111111), 'environment/deckbuild_gatecard/STT02-002/main_unique': np.float64(36.388888888888886), 'environment/azk_step_deckbuild_gatecard/STT02-002/main_unique': np.float64(36.388888888888886), 'environment/deckbuild_gatecard/STT02-002/copy_entropy_norm': np.float64(0.9751391051236892), 'environment/azk_step_deckbuild_gatecard/STT02-002/copy_entropy_norm': np.float64(0.9751391051236892), 'environment/deckbuild_gatecard/STT02-002/gate_element_share': np.float64(0.3655555555555556), 'environment/azk_step_deckbuild_gatecard/STT02-002/gate_element_share': np.float64(0.3655555555555556), 'environment/deckbuild_gatecard/STT02-002/type_share/ENTITY': np.float64(0.6977777777777777), 'environment/azk_step_deckbuild_gatecard/STT02-002/type_share/ENTITY': np.float64(0.6977777777777777), 'environment/deckbuild_gatecard/STT02-002/type_share/SPELL': np.float64(0.25333333333333335), 'environment/azk_step_deckbuild_gatecard/STT02-002/type_share/SPELL': np.float64(0.25333333333333335), 'environment/deckbuild_gatecard/STT02-002/type_share/WEAPON': np.float64(0.04888888888888889), 'environment/azk_step_deckbuild_gatecard/STT02-002/type_share/WEAPON': np.float64(0.04888888888888889), 'environment/deckbuild_gatecard/STT02-002/cost_share/0_1': np.float64(0.2988888888888888), 'environment/azk_step_deckbuild_gatecard/STT02-002/cost_share/0_1': np.float64(0.2988888888888888), 'environment/deckbuild_gatecard/STT02-002/cost_share/2_3': np.float64(0.4066666666666667), 'environment/azk_step_deckbuild_gatecard/STT02-002/cost_share/2_3': np.float64(0.4066666666666667), 'environment/deckbuild_gatecard/STT02-002/cost_share/4_5': np.float64(0.2122222222222222), 'environment/azk_step_deckbuild_gatecard/STT02-002/cost_share/4_5': np.float64(0.2122222222222222), 'environment/deckbuild_gatecard/STT02-002/cost_share/6_plus': np.float64(0.08222222222222222), 'environment/azk_step_deckbuild_gatecard/STT02-002/cost_share/6_plus': np.float64(0.08222222222222222), 'environment/deckbuild_gatecard/STT02-002/leader/STT02-001': np.float64(1.0), 'environment/azk_step_deckbuild_gatecard/STT02-002/leader/STT02-001': np.float64(1.0), 'environment/deckbuild_result/game': np.float64(1.0), 'environment/deckbuild_result/win': np.float64(0.5), 'environment/deckbuild_result/gate_match': np.float64(0.6666666666666666), 'environment/deckbuild_result/gate_match_win_joint': np.float64(0.3333333333333333), 'environment/deckbuild_result/gate_mismatch': np.float64(0.3333333333333333), 'environment/deckbuild_result/gate_mismatch_win_joint': np.float64(0.16666666666666666), 'environment/deckbuild_result/gate/WATER/game': np.float64(1.0), 'environment/deckbuild_result/gate/WATER/win': np.float64(0.5), 'environment/deckbuild_result/gate_pair/WATER_vs_WATER/game': np.float64(1.0), 'environment/deckbuild_result/gate_pair/WATER_vs_WATER/win': np.float64(0.5), 'environment/deckbuild_result/gate_pair_unordered/WATER_vs_WATER/game': np.float64(1.0), 'environment/deckbuild_result/gate_pair_unordered/WATER_vs_WATER/win': np.float64(0.5), 'environment/deckbuild_result/gate_match/game': np.float64(1.0), 'environment/deckbuild_result/gate_match/win': np.float64(0.5), 'environment/deckbuild_result/gate_freq/EARTH': np.float64(0.3888888888888889), 'environment/deckbuild_result/gate_win_joint/EARTH': np.float64(0.19444444444444445), 'environment/deckbuild_result/gate_freq/FIRE': np.float64(0.0), 'environment/deckbuild_result/gate_win_joint/FIRE': np.float64(0.0), 'environment/deckbuild_result/gate_freq/LIGHTNING': np.float64(0.05555555555555555), 'environment/deckbuild_result/gate_win_joint/LIGHTNING': np.float64(0.027777777777777776), 'environment/deckbuild_result/gate_freq/WATER': np.float64(0.5555555555555556), 'environment/deckbuild_result/gate_win_joint/WATER': np.float64(0.2777777777777778), 'environment/deckbuild_result/gate_pair_freq/EARTH_vs_EARTH': np.float64(0.2777777777777778), 'environment/deckbuild_result/gate_pair_win_joint/EARTH_vs_EARTH': np.float64(0.1388888888888889), 'environment/deckbuild_result/gate_pair_freq/EARTH_vs_FIRE': np.float64(0.0), 'environment/deckbuild_result/gate_pair_win_joint/EARTH_vs_FIRE': np.float64(0.0), 'environment/deckbuild_result/gate_pair_freq/EARTH_vs_LIGHTNING': np.float64(0.0), 'environment/deckbuild_result/gate_pair_win_joint/EARTH_vs_LIGHTNING': np.float64(0.0), 'environment/deckbuild_result/gate_pair_freq/EARTH_vs_WATER': np.float64(0.1111111111111111), 'environment/deckbuild_result/gate_pair_win_joint/EARTH_vs_WATER': np.float64(0.05555555555555555), 'environment/deckbuild_result/gate_pair_freq/FIRE_vs_EARTH': np.float64(0.0), 'environment/deckbuild_result/gate_pair_win_joint/FIRE_vs_EARTH': np.float64(0.0), 'environment/deckbuild_result/gate_pair_freq/FIRE_vs_FIRE': np.float64(0.0), 'environment/deckbuild_result/gate_pair_win_joint/FIRE_vs_FIRE': np.float64(0.0), 'environment/deckbuild_result/gate_pair_freq/FIRE_vs_LIGHTNING': np.float64(0.0), 'environment/deckbuild_result/gate_pair_win_joint/FIRE_vs_LIGHTNING': np.float64(0.0), 'environment/deckbuild_result/gate_pair_freq/FIRE_vs_WATER': np.float64(0.0), 'environment/deckbuild_result/gate_pair_win_joint/FIRE_vs_WATER': np.float64(0.0), 'environment/deckbuild_result/gate_pair_freq/LIGHTNING_vs_EARTH': np.float64(0.0), 'environment/deckbuild_result/gate_pair_win_joint/LIGHTNING_vs_EARTH': np.float64(0.0), 'environment/deckbuild_result/gate_pair_freq/LIGHTNING_vs_FIRE': np.float64(0.0), 'environment/deckbuild_result/gate_pair_win_joint/LIGHTNING_vs_FIRE': np.float64(0.0), 'environment/deckbuild_result/gate_pair_freq/LIGHTNING_vs_LIGHTNING': np.float64(0.0), 'environment/deckbuild_result/gate_pair_win_joint/LIGHTNING_vs_LIGHTNING': np.float64(0.0), 'environment/deckbuild_result/gate_pair_freq/LIGHTNING_vs_WATER': np.float64(0.05555555555555555), 'environment/deckbuild_result/gate_pair_win_joint/LIGHTNING_vs_WATER': np.float64(0.027777777777777776), 'environment/deckbuild_result/gate_pair_freq/WATER_vs_EARTH': np.float64(0.1111111111111111), 'environment/deckbuild_result/gate_pair_win_joint/WATER_vs_EARTH': np.float64(0.05555555555555555), 'environment/deckbuild_result/gate_pair_freq/WATER_vs_FIRE': np.float64(0.0), 'environment/deckbuild_result/gate_pair_win_joint/WATER_vs_FIRE': np.float64(0.0), 'environment/deckbuild_result/gate_pair_freq/WATER_vs_LIGHTNING': np.float64(0.05555555555555555), 'environment/deckbuild_result/gate_pair_win_joint/WATER_vs_LIGHTNING': np.float64(0.027777777777777776), 'environment/deckbuild_result/gate_pair_freq/WATER_vs_WATER': np.float64(0.3888888888888889), 'environment/deckbuild_result/gate_pair_win_joint/WATER_vs_WATER': np.float64(0.19444444444444445), 'environment/deckbuild_result/gate_pair_unordered_freq/EARTH_vs_EARTH': np.float64(0.2777777777777778), 'environment/deckbuild_result/gate_pair_unordered_win_joint/EARTH_vs_EARTH': np.float64(0.1388888888888889), 'environment/deckbuild_result/gate_pair_unordered_freq/EARTH_vs_FIRE': np.float64(0.0), 'environment/deckbuild_result/gate_pair_unordered_win_joint/EARTH_vs_FIRE': np.float64(0.0), 'environment/deckbuild_result/gate_pair_unordered_freq/EARTH_vs_LIGHTNING': np.float64(0.0), 'environment/deckbuild_result/gate_pair_unordered_win_joint/EARTH_vs_LIGHTNING': np.float64(0.0), 'environment/deckbuild_result/gate_pair_unordered_freq/EARTH_vs_WATER': np.float64(0.2222222222222222), 'environment/deckbuild_result/gate_pair_unordered_win_joint/EARTH_vs_WATER': np.float64(0.1111111111111111), 'environment/deckbuild_result/gate_pair_unordered_freq/FIRE_vs_FIRE': np.float64(0.0), 'environment/deckbuild_result/gate_pair_unordered_win_joint/FIRE_vs_FIRE': np.float64(0.0), 'environment/deckbuild_result/gate_pair_unordered_freq/FIRE_vs_LIGHTNING': np.float64(0.0), 'environment/deckbuild_result/gate_pair_unordered_win_joint/FIRE_vs_LIGHTNING': np.float64(0.0), 'environment/deckbuild_result/gate_pair_unordered_freq/FIRE_vs_WATER': np.float64(0.0), 'environment/deckbuild_result/gate_pair_unordered_win_joint/FIRE_vs_WATER': np.float64(0.0), 'environment/deckbuild_result/gate_pair_unordered_freq/LIGHTNING_vs_LIGHTNING': np.float64(0.0), 'environment/deckbuild_result/gate_pair_unordered_win_joint/LIGHTNING_vs_LIGHTNING': np.float64(0.0), 'environment/deckbuild_result/gate_pair_unordered_freq/LIGHTNING_vs_WATER': np.float64(0.1111111111111111), 'environment/deckbuild_result/gate_pair_unordered_win_joint/LIGHTNING_vs_WATER': np.float64(0.05555555555555555), 'environment/deckbuild_result/gate_pair_unordered_freq/WATER_vs_WATER': np.float64(0.3888888888888889), 'environment/deckbuild_result/gate_pair_unordered_win_joint/WATER_vs_WATER': np.float64(0.19444444444444445), 'environment/deckbuild_result/gatecard/STT02-002/game': np.float64(1.0), 'environment/deckbuild_result/gatecard/STT02-002/win': np.float64(0.5555555555555556), 'environment/deckbuild_result/gatecard/STT02-002/attack_rate': np.float64(0.20401298171944088), 'environment/deckbuild_result/gatecard/STT02-002/spell_rate': np.float64(0.03364316808680693), 'environment/deckbuild_result/gatecard/STT02-002/weapon_rate': np.float64(0.009985937116046747), 'environment/deckbuild_result/gatecard/STT02-002/portal_rate': np.float64(0.09990101390414768), 'environment/deckbuild_result/gatecard/STT02-002/play_entity_rate': np.float64(0.3272936873965793), 'environment/deckbuild_result/gatecard/STT02-002/noop_rate': np.float64(0.19733515795734194), 'environment/deckbuild_result/gatecard/STT02-002/episode_length': np.float64(194.0), 'environment/deckbuild_result/gatecard/STT02-002/leader_health': np.float64(0.2972222285138236), 'environment/deckbuild_result/gatecard/STT02-002/ability_rate': np.float64(0.040222537962512836), 'environment/deckbuild_gatecard/AZK01-126/game': np.float64(1.0), 'environment/azk_step_deckbuild_gatecard/AZK01-126/game': np.float64(1.0), 'environment/deckbuild_gatecard/AZK01-126/avg_cost': np.float64(2.832), 'environment/azk_step_deckbuild_gatecard/AZK01-126/avg_cost': np.float64(2.832), 'environment/deckbuild_gatecard/AZK01-126/main_unique': np.float64(38.4), 'environment/azk_step_deckbuild_gatecard/AZK01-126/main_unique': np.float64(38.4), 'environment/deckbuild_gatecard/AZK01-126/copy_entropy_norm': np.float64(0.9789862939095968), 'environment/azk_step_deckbuild_gatecard/AZK01-126/copy_entropy_norm': np.float64(0.9789862939095968), 'environment/deckbuild_gatecard/AZK01-126/gate_element_share': np.float64(0.41200000000000003), 'environment/azk_step_deckbuild_gatecard/AZK01-126/gate_element_share': np.float64(0.41200000000000003), 'environment/deckbuild_gatecard/AZK01-126/type_share/ENTITY': np.float64(0.705), 'environment/azk_step_deckbuild_gatecard/AZK01-126/type_share/ENTITY': np.float64(0.705), 'environment/deckbuild_gatecard/AZK01-126/type_share/SPELL': np.float64(0.246), 'environment/azk_step_deckbuild_gatecard/AZK01-126/type_share/SPELL': np.float64(0.246), 'environment/deckbuild_gatecard/AZK01-126/type_share/WEAPON': np.float64(0.049), 'environment/azk_step_deckbuild_gatecard/AZK01-126/type_share/WEAPON': np.float64(0.049), 'environment/deckbuild_gatecard/AZK01-126/cost_share/0_1': np.float64(0.283), 'environment/azk_step_deckbuild_gatecard/AZK01-126/cost_share/0_1': np.float64(0.283), 'environment/deckbuild_gatecard/AZK01-126/cost_share/2_3': np.float64(0.40800000000000003), 'environment/azk_step_deckbuild_gatecard/AZK01-126/cost_share/2_3': np.float64(0.40800000000000003), 'environment/deckbuild_gatecard/AZK01-126/cost_share/4_5': np.float64(0.21900000000000003), 'environment/azk_step_deckbuild_gatecard/AZK01-126/cost_share/4_5': np.float64(0.21900000000000003), 'environment/deckbuild_gatecard/AZK01-126/cost_share/6_plus': np.float64(0.09000000000000001), 'environment/azk_step_deckbuild_gatecard/AZK01-126/cost_share/6_plus': np.float64(0.09000000000000001), 'environment/deckbuild_gatecard/AZK01-126/leader/STT02-001': np.float64(1.0), 'environment/azk_step_deckbuild_gatecard/AZK01-126/leader/STT02-001': np.float64(1.0), 'environment/deckbuild_result/gatecard/AZK01-126/game': np.float64(1.0), 'environment/deckbuild_result/gatecard/AZK01-126/win': np.float64(0.45), 'environment/deckbuild_result/gatecard/AZK01-126/attack_rate': np.float64(0.16423547267913818), 'environment/deckbuild_result/gatecard/AZK01-126/spell_rate': np.float64(0.06385005693882703), 'environment/deckbuild_result/gatecard/AZK01-126/weapon_rate': np.float64(0.008916575415059923), 'environment/deckbuild_result/gatecard/AZK01-126/portal_rate': np.float64(0.08193871416151524), 'environment/deckbuild_result/gatecard/AZK01-126/play_entity_rate': np.float64(0.3132139012217522), 'environment/deckbuild_result/gatecard/AZK01-126/noop_rate': np.float64(0.2001762442290783), 'environment/deckbuild_result/gatecard/AZK01-126/episode_length': np.float64(192.9), 'environment/deckbuild_result/gatecard/AZK01-126/leader_health': np.float64(0.1375000024214387), 'environment/deckbuild_result/gatecard/AZK01-126/ability_rate': np.float64(0.04226672258228063), 'environment/ref_seat_rate': np.float64(0.0), 'environment/deckbuild/leader_card/AZK01-125': np.float64(1.0), 'environment/azk_step_deckbuild/leader_card/AZK01-125': np.float64(1.0), 'environment/deckbuild_gatecard/AZK01-126/leader/AZK01-125': np.float64(1.0), 'environment/azk_step_deckbuild_gatecard/AZK01-126/leader/AZK01-125': np.float64(1.0), 'environment/deckbuild_result/gate_pair/WATER_vs_LIGHTNING/game': np.float64(1.0), 'environment/deckbuild_result/gate_pair/WATER_vs_LIGHTNING/win': np.float64(0.5), 'environment/deckbuild_result/gate_pair_unordered/LIGHTNING_vs_WATER/game': np.float64(1.0), 'environment/deckbuild_result/gate_pair_unordered/LIGHTNING_vs_WATER/win': np.float64(0.5), 'environment/deckbuild_result/gate_mismatch/game': np.float64(1.0), 'environment/deckbuild_result/gate_mismatch/win': np.float64(0.5), 'environment/deckbuild/leader_card/AZK01-119': np.float64(1.0), 'environment/azk_step_deckbuild/leader_card/AZK01-119': np.float64(1.0), 'environment/deckbuild_gatecard/STT01-002/game': np.float64(1.0), 'environment/azk_step_deckbuild_gatecard/STT01-002/game': np.float64(1.0), 'environment/deckbuild_gatecard/STT01-002/avg_cost': np.float64(2.7), 'environment/azk_step_deckbuild_gatecard/STT01-002/avg_cost': np.float64(2.7), 'environment/deckbuild_gatecard/STT01-002/main_unique': np.float64(39.0), 'environment/azk_step_deckbuild_gatecard/STT01-002/main_unique': np.float64(39.0), 'environment/deckbuild_gatecard/STT01-002/copy_entropy_norm': np.float64(0.9788584625073026), 'environment/azk_step_deckbuild_gatecard/STT01-002/copy_entropy_norm': np.float64(0.9788584625073026), 'environment/deckbuild_gatecard/STT01-002/gate_element_share': np.float64(0.34), 'environment/azk_step_deckbuild_gatecard/STT01-002/gate_element_share': np.float64(0.34), 'environment/deckbuild_gatecard/STT01-002/type_share/ENTITY': np.float64(0.82), 'environment/azk_step_deckbuild_gatecard/STT01-002/type_share/ENTITY': np.float64(0.82), 'environment/deckbuild_gatecard/STT01-002/type_share/SPELL': np.float64(0.1), 'environment/azk_step_deckbuild_gatecard/STT01-002/type_share/SPELL': np.float64(0.1), 'environment/deckbuild_gatecard/STT01-002/type_share/WEAPON': np.float64(0.08), 'environment/azk_step_deckbuild_gatecard/STT01-002/type_share/WEAPON': np.float64(0.08), 'environment/deckbuild_gatecard/STT01-002/cost_share/0_1': np.float64(0.22), 'environment/azk_step_deckbuild_gatecard/STT01-002/cost_share/0_1': np.float64(0.22), 'environment/deckbuild_gatecard/STT01-002/cost_share/2_3': np.float64(0.52), 'environment/azk_step_deckbuild_gatecard/STT01-002/cost_share/2_3': np.float64(0.52), 'environment/deckbuild_gatecard/STT01-002/cost_share/4_5': np.float64(0.2), 'environment/azk_step_deckbuild_gatecard/STT01-002/cost_share/4_5': np.float64(0.2), 'environment/deckbuild_gatecard/STT01-002/cost_share/6_plus': np.float64(0.06), 'environment/azk_step_deckbuild_gatecard/STT01-002/cost_share/6_plus': np.float64(0.06), 'environment/deckbuild_gatecard/STT01-002/leader/AZK01-119': np.float64(1.0), 'environment/azk_step_deckbuild_gatecard/STT01-002/leader/AZK01-119': np.float64(1.0), 'environment/deckbuild_result/gate/LIGHTNING/game': np.float64(1.0), 'environment/deckbuild_result/gate/LIGHTNING/win': np.float64(0.5), 'environment/deckbuild_result/gate_pair/LIGHTNING_vs_WATER/game': np.float64(1.0), 'environment/deckbuild_result/gate_pair/LIGHTNING_vs_WATER/win': np.float64(0.5), 'environment/deckbuild_result/gatecard/STT01-002/game': np.float64(1.0), 'environment/deckbuild_result/gatecard/STT01-002/win': np.float64(1.0), 'environment/deckbuild_result/gatecard/STT01-002/attack_rate': np.float64(0.30000001192092896), 'environment/deckbuild_result/gatecard/STT01-002/spell_rate': np.float64(0.02500000037252903), 'environment/deckbuild_result/gatecard/STT01-002/weapon_rate': np.float64(0.0), 'environment/deckbuild_result/gatecard/STT01-002/portal_rate': np.float64(0.125), 'environment/deckbuild_result/gatecard/STT01-002/play_entity_rate': np.float64(0.36250001192092896), 'environment/deckbuild_result/gatecard/STT01-002/noop_rate': np.float64(0.1875), 'environment/deckbuild_result/gatecard/STT01-002/episode_length': np.float64(189.0), 'environment/deckbuild_result/gatecard/STT01-002/leader_health': np.float64(0.550000011920929), 'environment/deckbuild_result/gatecard/STT01-002/ability_rate': np.float64(0.0), 'environment/deckbuild/leader_card/STT03-001': np.float64(1.0), 'environment/azk_step_deckbuild/leader_card/STT03-001': np.float64(1.0), 'environment/deckbuild_gatecard/AZK01-124/game': np.float64(1.0), 'environment/azk_step_deckbuild_gatecard/AZK01-124/game': np.float64(1.0), 'environment/deckbuild_gatecard/AZK01-124/avg_cost': np.float64(3.1775), 'environment/azk_step_deckbuild_gatecard/AZK01-124/avg_cost': np.float64(3.1775), 'environment/deckbuild_gatecard/AZK01-124/main_unique': np.float64(38.75), 'environment/azk_step_deckbuild_gatecard/AZK01-124/main_unique': np.float64(38.75), 'environment/deckbuild_gatecard/AZK01-124/copy_entropy_norm': np.float64(0.976353055893031), 'environment/azk_step_deckbuild_gatecard/AZK01-124/copy_entropy_norm': np.float64(0.976353055893031), 'environment/deckbuild_gatecard/AZK01-124/gate_element_share': np.float64(0.45499999999999996), 'environment/azk_step_deckbuild_gatecard/AZK01-124/gate_element_share': np.float64(0.45499999999999996), 'environment/deckbuild_gatecard/AZK01-124/type_share/ENTITY': np.float64(0.7575000000000001), 'environment/azk_step_deckbuild_gatecard/AZK01-124/type_share/ENTITY': np.float64(0.7575000000000001), 'environment/deckbuild_gatecard/AZK01-124/type_share/SPELL': np.float64(0.2025), 'environment/azk_step_deckbuild_gatecard/AZK01-124/type_share/SPELL': np.float64(0.2025), 'environment/deckbuild_gatecard/AZK01-124/type_share/WEAPON': np.float64(0.04), 'environment/azk_step_deckbuild_gatecard/AZK01-124/type_share/WEAPON': np.float64(0.04), 'environment/deckbuild_gatecard/AZK01-124/cost_share/0_1': np.float64(0.23249999999999998), 'environment/azk_step_deckbuild_gatecard/AZK01-124/cost_share/0_1': np.float64(0.23249999999999998), 'environment/deckbuild_gatecard/AZK01-124/cost_share/2_3': np.float64(0.35), 'environment/azk_step_deckbuild_gatecard/AZK01-124/cost_share/2_3': np.float64(0.35), 'environment/deckbuild_gatecard/AZK01-124/cost_share/4_5': np.float64(0.3175), 'environment/azk_step_deckbuild_gatecard/AZK01-124/cost_share/4_5': np.float64(0.3175), 'environment/deckbuild_gatecard/AZK01-124/cost_share/6_plus': np.float64(0.1), 'environment/azk_step_deckbuild_gatecard/AZK01-124/cost_share/6_plus': np.float64(0.1), 'environment/deckbuild_gatecard/AZK01-124/leader/STT03-001': np.float64(1.0), 'environment/azk_step_deckbuild_gatecard/AZK01-124/leader/STT03-001': np.float64(1.0), 'environment/deckbuild_result/gate/EARTH/game': np.float64(1.0), 'environment/deckbuild_result/gate/EARTH/win': np.float64(0.5), 'environment/deckbuild_result/gate_pair/EARTH_vs_EARTH/game': np.float64(1.0), 'environment/deckbuild_result/gate_pair/EARTH_vs_EARTH/win': np.float64(0.5), 'environment/deckbuild_result/gate_pair_unordered/EARTH_vs_EARTH/game': np.float64(1.0), 'environment/deckbuild_result/gate_pair_unordered/EARTH_vs_EARTH/win': np.float64(0.5), 'environment/deckbuild_result/gatecard/AZK01-124/game': np.float64(1.0), 'environment/deckbuild_result/gatecard/AZK01-124/win': np.float64(0.625), 'environment/deckbuild_result/gatecard/AZK01-124/attack_rate': np.float64(0.18735112436115742), 'environment/deckbuild_result/gatecard/AZK01-124/spell_rate': np.float64(0.028020738041959703), 'environment/deckbuild_result/gatecard/AZK01-124/weapon_rate': np.float64(0.00807203573640436), 'environment/deckbuild_result/gatecard/AZK01-124/portal_rate': np.float64(0.09571089316159487), 'environment/deckbuild_result/gatecard/AZK01-124/play_entity_rate': np.float64(0.3000091724097729), 'environment/deckbuild_result/gatecard/AZK01-124/noop_rate': np.float64(0.20760592259466648), 'environment/deckbuild_result/gatecard/AZK01-124/episode_length': np.float64(194.5), 'environment/deckbuild_result/gatecard/AZK01-124/leader_health': np.float64(0.28125), 'environment/deckbuild_result/gatecard/AZK01-124/ability_rate': np.float64(0.07720383442938328), 'environment/deckbuild/leader_card/AZK01-123': np.float64(1.0), 'environment/azk_step_deckbuild/leader_card/AZK01-123': np.float64(1.0), 'environment/deckbuild_gatecard/STT03-002/game': np.float64(1.0), 'environment/azk_step_deckbuild_gatecard/STT03-002/game': np.float64(1.0), 'environment/deckbuild_gatecard/STT03-002/avg_cost': np.float64(3.3066666666666666), 'environment/azk_step_deckbuild_gatecard/STT03-002/avg_cost': np.float64(3.3066666666666666), 'environment/deckbuild_gatecard/STT03-002/main_unique': np.float64(36.0), 'environment/azk_step_deckbuild_gatecard/STT03-002/main_unique': np.float64(36.0), 'environment/deckbuild_gatecard/STT03-002/copy_entropy_norm': np.float64(0.9773834410438034), 'environment/azk_step_deckbuild_gatecard/STT03-002/copy_entropy_norm': np.float64(0.9773834410438034), 'environment/deckbuild_gatecard/STT03-002/gate_element_share': np.float64(0.4633333333333333), 'environment/azk_step_deckbuild_gatecard/STT03-002/gate_element_share': np.float64(0.4633333333333333), 'environment/deckbuild_gatecard/STT03-002/type_share/ENTITY': np.float64(0.7000000000000001), 'environment/azk_step_deckbuild_gatecard/STT03-002/type_share/ENTITY': np.float64(0.7000000000000001), 'environment/deckbuild_gatecard/STT03-002/type_share/SPELL': np.float64(0.25), 'environment/azk_step_deckbuild_gatecard/STT03-002/type_share/SPELL': np.float64(0.25), 'environment/deckbuild_gatecard/STT03-002/type_share/WEAPON': np.float64(0.049999999999999996), 'environment/azk_step_deckbuild_gatecard/STT03-002/type_share/WEAPON': np.float64(0.049999999999999996), 'environment/deckbuild_gatecard/STT03-002/cost_share/0_1': np.float64(0.2133333333333333), 'environment/azk_step_deckbuild_gatecard/STT03-002/cost_share/0_1': np.float64(0.2133333333333333), 'environment/deckbuild_gatecard/STT03-002/cost_share/2_3': np.float64(0.35333333333333333), 'environment/azk_step_deckbuild_gatecard/STT03-002/cost_share/2_3': np.float64(0.35333333333333333), 'environment/deckbuild_gatecard/STT03-002/cost_share/4_5': np.float64(0.3166666666666667), 'environment/azk_step_deckbuild_gatecard/STT03-002/cost_share/4_5': np.float64(0.3166666666666667), 'environment/deckbuild_gatecard/STT03-002/cost_share/6_plus': np.float64(0.11666666666666668), 'environment/azk_step_deckbuild_gatecard/STT03-002/cost_share/6_plus': np.float64(0.11666666666666668), 'environment/deckbuild_gatecard/STT03-002/leader/AZK01-123': np.float64(1.0), 'environment/azk_step_deckbuild_gatecard/STT03-002/leader/AZK01-123': np.float64(1.0), 'environment/deckbuild_result/gatecard/STT03-002/game': np.float64(1.0), 'environment/deckbuild_result/gatecard/STT03-002/win': np.float64(0.3333333333333333), 'environment/deckbuild_result/gatecard/STT03-002/attack_rate': np.float64(0.17763286580642065), 'environment/deckbuild_result/gatecard/STT03-002/spell_rate': np.float64(0.044874573747316994), 'environment/deckbuild_result/gatecard/STT03-002/weapon_rate': np.float64(0.006504930245379607), 'environment/deckbuild_result/gatecard/STT03-002/portal_rate': np.float64(0.09406781444946925), 'environment/deckbuild_result/gatecard/STT03-002/play_entity_rate': np.float64(0.3031655550003052), 'environment/deckbuild_result/gatecard/STT03-002/noop_rate': np.float64(0.21298378705978394), 'environment/deckbuild_result/gatecard/STT03-002/episode_length': np.float64(195.33333333333334), 'environment/deckbuild_result/gatecard/STT03-002/leader_health': np.float64(0.058333334823449455), 'environment/deckbuild_result/gatecard/STT03-002/ability_rate': np.float64(0.07919571734964848), 'environment/deckbuild_gatecard/STT02-002/leader/AZK01-125': np.float64(1.0), 'environment/azk_step_deckbuild_gatecard/STT02-002/leader/AZK01-125': np.float64(1.0), 'environment/deckbuild_result/gate_pair/WATER_vs_EARTH/game': np.float64(1.0), 'environment/deckbuild_result/gate_pair/WATER_vs_EARTH/win': np.float64(0.5), 'environment/deckbuild_result/gate_pair_unordered/EARTH_vs_WATER/game': np.float64(1.0), 'environment/deckbuild_result/gate_pair_unordered/EARTH_vs_WATER/win': np.float64(0.5), 'environment/deckbuild_gatecard/AZK01-124/leader/AZK01-123': np.float64(1.0), 'environment/azk_step_deckbuild_gatecard/AZK01-124/leader/AZK01-123': np.float64(1.0), 'environment/deckbuild_result/gate_pair/EARTH_vs_WATER/game': np.float64(1.0), 'environment/deckbuild_result/gate_pair/EARTH_vs_WATER/win': np.float64(0.5), 'environment/deckbuild/leader_card/STT01-001': np.float64(1.0), 'environment/azk_step_deckbuild/leader_card/STT01-001': np.float64(1.0), 'environment/deckbuild_gatecard/AZK01-120/game': np.float64(1.0), 'environment/azk_step_deckbuild_gatecard/AZK01-120/game': np.float64(1.0), 'environment/deckbuild_gatecard/AZK01-120/avg_cost': np.float64(2.9), 'environment/azk_step_deckbuild_gatecard/AZK01-120/avg_cost': np.float64(2.9), 'environment/deckbuild_gatecard/AZK01-120/main_unique': np.float64(35.0), 'environment/azk_step_deckbuild_gatecard/AZK01-120/main_unique': np.float64(35.0), 'environment/deckbuild_gatecard/AZK01-120/copy_entropy_norm': np.float64(0.9696600232931833), 'environment/azk_step_deckbuild_gatecard/AZK01-120/copy_entropy_norm': np.float64(0.9696600232931833), 'environment/deckbuild_gatecard/AZK01-120/gate_element_share': np.float64(0.4), 'environment/azk_step_deckbuild_gatecard/AZK01-120/gate_element_share': np.float64(0.4), 'environment/deckbuild_gatecard/AZK01-120/type_share/ENTITY': np.float64(0.78), 'environment/azk_step_deckbuild_gatecard/AZK01-120/type_share/ENTITY': np.float64(0.78), 'environment/deckbuild_gatecard/AZK01-120/type_share/SPELL': np.float64(0.08), 'environment/azk_step_deckbuild_gatecard/AZK01-120/type_share/SPELL': np.float64(0.08), 'environment/deckbuild_gatecard/AZK01-120/type_share/WEAPON': np.float64(0.14), 'environment/azk_step_deckbuild_gatecard/AZK01-120/type_share/WEAPON': np.float64(0.14), 'environment/deckbuild_gatecard/AZK01-120/cost_share/0_1': np.float64(0.22), 'environment/azk_step_deckbuild_gatecard/AZK01-120/cost_share/0_1': np.float64(0.22), 'environment/deckbuild_gatecard/AZK01-120/cost_share/2_3': np.float64(0.42), 'environment/azk_step_deckbuild_gatecard/AZK01-120/cost_share/2_3': np.float64(0.42), 'environment/deckbuild_gatecard/AZK01-120/cost_share/4_5': np.float64(0.34), 'environment/azk_step_deckbuild_gatecard/AZK01-120/cost_share/4_5': np.float64(0.34), 'environment/deckbuild_gatecard/AZK01-120/cost_share/6_plus': np.float64(0.02), 'environment/azk_step_deckbuild_gatecard/AZK01-120/cost_share/6_plus': np.float64(0.02), 'environment/deckbuild_gatecard/AZK01-120/leader/STT01-001': np.float64(1.0), 'environment/azk_step_deckbuild_gatecard/AZK01-120/leader/STT01-001': np.float64(1.0), 'environment/deckbuild_result/gatecard/AZK01-120/game': np.float64(1.0), 'environment/deckbuild_result/gatecard/AZK01-120/win': np.float64(0.0), 'environment/deckbuild_result/gatecard/AZK01-120/attack_rate': np.float64(0.24705882370471954), 'environment/deckbuild_result/gatecard/AZK01-120/spell_rate': np.float64(0.0235294122248888), 'environment/deckbuild_result/gatecard/AZK01-120/weapon_rate': np.float64(0.03529411926865578), 'environment/deckbuild_result/gatecard/AZK01-120/portal_rate': np.float64(0.10588235408067703), 'environment/deckbuild_result/gatecard/AZK01-120/play_entity_rate': np.float64(0.364705890417099), 'environment/deckbuild_result/gatecard/AZK01-120/noop_rate': np.float64(0.23529411852359772), 'environment/deckbuild_result/gatecard/AZK01-120/episode_length': np.float64(191.0), 'environment/deckbuild_result/gatecard/AZK01-120/leader_health': np.float64(0.0), 'environment/deckbuild_result/gatecard/AZK01-120/ability_rate': np.float64(0.0117647061124444), 'environment/deckbuild_gatecard/STT03-002/leader/STT03-001': np.float64(1.0), 'environment/azk_step_deckbuild_gatecard/STT03-002/leader/STT03-001': np.float64(1.0), 'losses/policy_loss': 0.008387379348278046, 'losses/value_loss': 0.06172706559300423, 'losses/value_loss_total': 0.06172706559300423, 'losses/entropy': 1.3561125993728638, 'losses/old_approx_kl': -1.5782205082359724e-05, 'losses/approx_kl': 2.7058075602326426e-07, 'losses/clipfrac': 0.0, 'losses/importance': 1.0000160932540894, 'losses/win_prob_aux_loss': 0.6953125, 'losses/win_prob_aux_labeled_frac': 0.1376953125, 'losses/explained_variance': 0.04453045129776001, 'losses/win_prob_aux_accuracy': 0.65234375, 'losses/win_prob_aux_brier': 0.25, 'losses/win_prob_aux_pred_mean': 0.498046875, 'losses/win_prob_aux_target_mean': 0.50390625, 'performance/eval': 22.292821407318115, 'performance/train': 23.861221075057983, 'performance/eval_forward': 21.706587076187134, 'performance/env': 0.07550716400146484, 'performance/eval_copy': 0.44376134872436523, 'performance/eval_misc': 0.06683468818664551, 'performance/train_forward': 4.918789863586426, 'performance/learn_backward': 9.252855777740479, 'performance/learn_opt': 9.539103507995605, 'performance/train_copy': 0.007479190826416016, 'performance/train_misc': 0.14286518096923828}
[0;0H╭──────────────────────────────────────────────────────────────────────────────╮
│  PufferLib 4.0 🐡               CPU:     GPU: 0.0%  DRAM: 8.9%   VRAM: 0.0%  │
│                                 81.8%                                        │
│                                                                              │
│  Summary          Value    Evaluate     29s  46%    Losses            Value  │
│  Env        azuki_local      Forwa…     28s  45%    policy_loss      -0.010  │
│  Params           90.2M      Env         0s   0%    value_loss        0.037  │
│  Steps           307.2K      Copy        0s   1%    value_loss_to…    0.037  │
│  SPS               5.1K      Misc        0s   0%    entropy           1.162  │
│  Epoch               20    Train        31s  53%    old_approx_kl    -0.000  │
│  Uptime          1m 57s      Forwa…      6s  10%    approx_kl         0.000  │
│  Remaini…            0s      Backw…     12s  20%    clipfrac          0.000  │
│                              Optim…     12s  21%    importance        1.000  │
│                              Copy        0s   0%    win_prob_aux_…    0.691  │
│                              Misc        0s   0%    win_prob_aux_…    0.052  │
│                                                     explained_var…    0.046  │
│                                                     win_prob_aux_…    0.555  │
│                                                     win_prob_aux_…    0.247  │
│                                                     win_prob_aux_…    0.494  │
│                                                     win_prob_aux_…    0.488  │
│                                                                              │
│  User Stats                    Value    User Stats                    Value  │
│  league/active                 1.000    sampler/subaction_tem…        1.200  │
│  sampler/smoothing_eps         0.050    anneal/ent_coef               0.002  │
│  perf                          0.000    score                         0.000  │
│  episode_return               -1.871    episode_length              208.533  │
│  p0_episode_return            -1.871    p1_episode_return             1.871  │
│  p0_winrate                    0.333    p1_winrate                    0.667  │
│  p0_start_rate                 0.333    p1_start_rate                 0.667  │
│  draw_rate                     0.000    timeout_truncation_ra…        0.000  │
│  auto_tick_truncation_…        0.000    zero_legal_action_tru…        0.000  │
│  gameover_terminal_rate        1.000    winner_terminal_rate          1.000  │
│  curriculum_episode_cap        0.000    reward_shaping_scale          1.000  │
│  completed_episodes            1.000    p0_noop_selected_rate         0.203  │
│  p1_noop_selected_rate         0.195    p0_attack_selected_ra…        0.169  │
│  p1_attack_selected_ra…        0.188    p0_attach_weapon_from…        0.010  │
│  p1_attach_weapon_from…        0.013    p0_play_spell_from_ha…        0.042  │
╰──────────────────────────────────────────────────────────────────────────────╯

[checkpoint] parity verified: path=experiments/azuki_local_178416566656/model_azuki_local_000020.pt, rewritten=False, max_abs_diff=0, max_abs_diff_key=<none>
[epoch 20] {'SPS': 5079.173781440364, 'agent_steps': 307200, 'uptime': 117.70418643951416, 'epoch': 20, 'learning_rate': 0.0, 'environment/league/active': np.float64(1.0), 'environment/sampler/subaction_temperature': np.float64(1.2), 'environment/sampler/smoothing_eps': np.float64(0.05), 'environment/anneal/ent_coef': np.float64(0.002), 'environment/perf': np.float64(0.0), 'environment/score': np.float64(0.0), 'environment/episode_return': np.float64(-1.8713316917419434), 'environment/episode_length': np.float64(208.53333333333333), 'environment/p0_episode_return': np.float64(-1.8713316917419434), 'environment/p1_episode_return': np.float64(1.8713316917419434), 'environment/p0_winrate': np.float64(0.3333333333333333), 'environment/p1_winrate': np.float64(0.6666666666666666), 'environment/p0_start_rate': np.float64(0.3333333333333333), 'environment/p1_start_rate': np.float64(0.6666666666666666), 'environment/draw_rate': np.float64(0.0), 'environment/timeout_truncation_rate': np.float64(0.0), 'environment/auto_tick_truncation_rate': np.float64(0.0), 'environment/zero_legal_action_truncation_rate': np.float64(0.0), 'environment/gameover_terminal_rate': np.float64(1.0), 'environment/winner_terminal_rate': np.float64(1.0), 'environment/curriculum_episode_cap': np.float64(0.0), 'environment/reward_shaping_scale': np.float64(1.0), 'environment/completed_episodes': np.float64(1.0), 'environment/p0_noop_selected_rate': np.float64(0.20275003115336102), 'environment/p1_noop_selected_rate': np.float64(0.19499729971090954), 'environment/p0_attack_selected_rate': np.float64(0.16889991313219072), 'environment/p1_attack_selected_rate': np.float64(0.18819679816563925), 'environment/p0_attach_weapon_from_hand_selected_rate': np.float64(0.010218713991343975), 'environment/p1_attach_weapon_from_hand_selected_rate': np.float64(0.012813337271412213), 'environment/p0_play_spell_from_hand_selected_rate': np.float64(0.042422795419891676), 'environment/p1_play_spell_from_hand_selected_rate': np.float64(0.040391549840569495), 'environment/p0_activate_garden_or_leader_ability_selected_rate': np.float64(0.05811870340257883), 'environment/p1_activate_garden_or_leader_ability_selected_rate': np.float64(0.036309099197387694), 'environment/p0_activate_alley_ability_selected_rate': np.float64(0.0038483075176676115), 'environment/p1_activate_alley_ability_selected_rate': np.float64(0.0039070652176936465), 'environment/p0_gate_portal_selected_rate': np.float64(0.08892391497890155), 'environment/p1_gate_portal_selected_rate': np.float64(0.08936725407838822), 'environment/p0_play_entity_to_alley_selected_rate': np.float64(0.10350753044088681), 'environment/p1_play_entity_to_alley_selected_rate': np.float64(0.10865063071250916), 'environment/p0_play_entity_to_garden_selected_rate': np.float64(0.06933871718744437), 'environment/p1_play_entity_to_garden_selected_rate': np.float64(0.07573354666431745), 'environment/p0_play_selected_rate': np.float64(0.31441167294979094), 'environment/p1_play_selected_rate': np.float64(0.32695631782213846), 'environment/p0_ability_selected_rate': np.float64(0.07596859969198703), 'environment/p1_ability_selected_rate': np.float64(0.05951742175966501), 'environment/p0_target_selected_rate': np.float64(0.23669995069503785), 'environment/p1_target_selected_rate': np.float64(0.22728989521662393), 'environment/p0_avg_leader_health': np.float64(0.05333333387970925), 'environment/p1_avg_leader_health': np.float64(0.2600000031292439), 'environment/p0_entity_damage_dealt': np.float64(0.0), 'environment/p1_entity_damage_dealt': np.float64(0.0), 'environment/p0_entity_damage_taken': np.float64(0.0), 'environment/p1_entity_damage_taken': np.float64(0.0), 'environment/p0_generated_ikz_created': np.float64(0.0), 'environment/p1_generated_ikz_created': np.float64(0.0), 'environment/p0_generated_ikz_converted': np.float64(0.0), 'environment/p1_generated_ikz_converted': np.float64(0.0), 'environment/p0_generated_ikz_conversion_rate': np.float64(0.0), 'environment/p1_generated_ikz_conversion_rate': np.float64(0.0), 'environment/p0_temporary_charge_realized': np.float64(0.0), 'environment/p1_temporary_charge_realized': np.float64(0.0), 'environment/p0_temporary_attack_damage_realized': np.float64(0.0), 'environment/p1_temporary_attack_damage_realized': np.float64(0.0), 'environment/p0_contextual_response_reserve_opportunities': np.float64(0.0), 'environment/p1_contextual_response_reserve_opportunities': np.float64(0.0), 'environment/n': np.float64(1.0), 'environment/deckbuild/completed': np.float64(1.0), 'environment/azk_step_deckbuild/completed': np.float64(1.0), 'environment/deckbuild/picks': np.float64(51.0), 'environment/azk_step_deckbuild/picks': np.float64(51.0), 'environment/deckbuild/main_count': np.float64(50.0), 'environment/azk_step_deckbuild/main_count': np.float64(50.0), 'environment/deckbuild/main_unique': np.float64(36.7), 'environment/azk_step_deckbuild/main_unique': np.float64(36.7), 'environment/deckbuild/main_unique_share': np.float64(0.734), 'environment/azk_step_deckbuild/main_unique_share': np.float64(0.734), 'environment/deckbuild/main_avg_copies_per_unique': np.float64(1.3674721591222823), 'environment/azk_step_deckbuild/main_avg_copies_per_unique': np.float64(1.3674721591222823), 'environment/deckbuild/main_max_copy_count': np.float64(3.1666666666666665), 'environment/azk_step_deckbuild/main_max_copy_count': np.float64(3.1666666666666665), 'environment/deckbuild/main_copy_entropy': np.float64(3.514981345782709), 'environment/azk_step_deckbuild/main_copy_entropy': np.float64(3.514981345782709), 'environment/deckbuild/main_copy_entropy_norm': np.float64(0.9760452237733671), 'environment/azk_step_deckbuild/main_copy_entropy_norm': np.float64(0.9760452237733671), 'environment/deckbuild/main_singleton_count': np.float64(25.8), 'environment/azk_step_deckbuild/main_singleton_count': np.float64(25.8), 'environment/deckbuild/main_pair_count': np.float64(8.966666666666667), 'environment/azk_step_deckbuild/main_pair_count': np.float64(8.966666666666667), 'environment/deckbuild/main_triplet_count': np.float64(1.4666666666666666), 'environment/azk_step_deckbuild/main_triplet_count': np.float64(1.4666666666666666), 'environment/deckbuild/main_quad_count': np.float64(0.4666666666666667), 'environment/azk_step_deckbuild/main_quad_count': np.float64(0.4666666666666667), 'environment/deckbuild/main_singleton_slot_share': np.float64(0.516), 'environment/azk_step_deckbuild/main_singleton_slot_share': np.float64(0.516), 'environment/deckbuild/main_pair_slot_share': np.float64(0.35866666666666663), 'environment/azk_step_deckbuild/main_pair_slot_share': np.float64(0.35866666666666663), 'environment/deckbuild/main_triplet_slot_share': np.float64(0.08800000000000002), 'environment/azk_step_deckbuild/main_triplet_slot_share': np.float64(0.08800000000000002), 'environment/deckbuild/main_quad_slot_share': np.float64(0.037333333333333336), 'environment/azk_step_deckbuild/main_quad_slot_share': np.float64(0.037333333333333336), 'environment/deckbuild/main_normal_share': np.float64(0.5533333333333333), 'environment/azk_step_deckbuild/main_normal_share': np.float64(0.5533333333333333), 'environment/deckbuild/main_gate_element_share': np.float64(0.4466666666666667), 'environment/azk_step_deckbuild/main_gate_element_share': np.float64(0.4466666666666667), 'environment/deckbuild/gate_match': np.float64(0.5333333333333333), 'environment/azk_step_deckbuild/gate_match': np.float64(0.5333333333333333), 'environment/deckbuild/gate/EARTH': np.float64(0.36666666666666664), 'environment/azk_step_deckbuild/gate/EARTH': np.float64(0.36666666666666664), 'environment/deckbuild/opponent_gate/EARTH': np.float64(0.36666666666666664), 'environment/azk_step_deckbuild/opponent_gate/EARTH': np.float64(0.36666666666666664), 'environment/deckbuild/leader/EARTH': np.float64(0.36666666666666664), 'environment/azk_step_deckbuild/leader/EARTH': np.float64(0.36666666666666664), 'environment/deckbuild/gate/FIRE': np.float64(0.0), 'environment/azk_step_deckbuild/gate/FIRE': np.float64(0.0), 'environment/deckbuild/opponent_gate/FIRE': np.float64(0.0), 'environment/azk_step_deckbuild/opponent_gate/FIRE': np.float64(0.0), 'environment/deckbuild/leader/FIRE': np.float64(0.0), 'environment/azk_step_deckbuild/leader/FIRE': np.float64(0.0), 'environment/deckbuild/gate/LIGHTNING': np.float64(0.16666666666666666), 'environment/azk_step_deckbuild/gate/LIGHTNING': np.float64(0.16666666666666666), 'environment/deckbuild/opponent_gate/LIGHTNING': np.float64(0.16666666666666666), 'environment/azk_step_deckbuild/opponent_gate/LIGHTNING': np.float64(0.16666666666666666), 'environment/deckbuild/leader/LIGHTNING': np.float64(0.16666666666666666), 'environment/azk_step_deckbuild/leader/LIGHTNING': np.float64(0.16666666666666666), 'environment/deckbuild/gate/WATER': np.float64(0.4666666666666667), 'environment/azk_step_deckbuild/gate/WATER': np.float64(0.4666666666666667), 'environment/deckbuild/opponent_gate/WATER': np.float64(0.4666666666666667), 'environment/azk_step_deckbuild/opponent_gate/WATER': np.float64(0.4666666666666667), 'environment/deckbuild/leader/WATER': np.float64(0.4666666666666667), 'environment/azk_step_deckbuild/leader/WATER': np.float64(0.4666666666666667), 'environment/deckbuild/main_type_count/ENTITY': np.float64(35.96666666666667), 'environment/azk_step_deckbuild/main_type_count/ENTITY': np.float64(35.96666666666667), 'environment/deckbuild/main_type_share/ENTITY': np.float64(0.7193333333333333), 'environment/azk_step_deckbuild/main_type_share/ENTITY': np.float64(0.7193333333333333), 'environment/deckbuild/main_type_count/SPELL': np.float64(10.966666666666667), 'environment/azk_step_deckbuild/main_type_count/SPELL': np.float64(10.966666666666667), 'environment/deckbuild/main_type_share/SPELL': np.float64(0.21933333333333332), 'environment/azk_step_deckbuild/main_type_share/SPELL': np.float64(0.21933333333333332), 'environment/deckbuild/main_type_count/WEAPON': np.float64(3.066666666666667), 'environment/azk_step_deckbuild/main_type_count/WEAPON': np.float64(3.066666666666667), 'environment/deckbuild/main_type_share/WEAPON': np.float64(0.06133333333333334), 'environment/azk_step_deckbuild/main_type_share/WEAPON': np.float64(0.06133333333333334), 'environment/deckbuild/main_element_count/EARTH': np.float64(8.4), 'environment/azk_step_deckbuild/main_element_count/EARTH': np.float64(8.4), 'environment/deckbuild/main_element_share/EARTH': np.float64(0.168), 'environment/azk_step_deckbuild/main_element_share/EARTH': np.float64(0.168), 'environment/deckbuild/main_element_count/FIRE': np.float64(0.0), 'environment/azk_step_deckbuild/main_element_count/FIRE': np.float64(0.0), 'environment/deckbuild/main_element_share/FIRE': np.float64(0.0), 'environment/azk_step_deckbuild/main_element_share/FIRE': np.float64(0.0), 'environment/deckbuild/main_element_count/LIGHTNING': np.float64(3.1333333333333333), 'environment/azk_step_deckbuild/main_element_count/LIGHTNING': np.float64(3.1333333333333333), 'environment/deckbuild/main_element_share/LIGHTNING': np.float64(0.06266666666666666), 'environment/azk_step_deckbuild/main_element_share/LIGHTNING': np.float64(0.06266666666666666), 'environment/deckbuild/main_element_count/NORMAL': np.float64(27.666666666666668), 'environment/azk_step_deckbuild/main_element_count/NORMAL': np.float64(27.666666666666668), 'environment/deckbuild/main_element_share/NORMAL': np.float64(0.5533333333333333), 'environment/azk_step_deckbuild/main_element_share/NORMAL': np.float64(0.5533333333333333), 'environment/deckbuild/main_element_count/WATER': np.float64(10.8), 'environment/azk_step_deckbuild/main_element_count/WATER': np.float64(10.8), 'environment/deckbuild/main_element_share/WATER': np.float64(0.21600000000000003), 'environment/azk_step_deckbuild/main_element_share/WATER': np.float64(0.21600000000000003), 'environment/deckbuild/main_avg_cost': np.float64(2.997333333333333), 'environment/azk_step_deckbuild/main_avg_cost': np.float64(2.997333333333333), 'environment/deckbuild/main_cost_share/0_1': np.float64(0.2406666666666667), 'environment/azk_step_deckbuild/main_cost_share/0_1': np.float64(0.2406666666666667), 'environment/deckbuild/main_cost_share/2_3': np.float64(0.4173333333333334), 'environment/azk_step_deckbuild/main_cost_share/2_3': np.float64(0.4173333333333334), 'environment/deckbuild/main_cost_share/4_5': np.float64(0.25), 'environment/azk_step_deckbuild/main_cost_share/4_5': np.float64(0.25), 'environment/deckbuild/main_cost_share/6_plus': np.float64(0.09200000000000001), 'environment/azk_step_deckbuild/main_cost_share/6_plus': np.float64(0.09200000000000001), 'environment/deckbuild/leader_card/AZK01-123': np.float64(1.0), 'environment/azk_step_deckbuild/leader_card/AZK01-123': np.float64(1.0), 'environment/deckbuild_gatecard/AZK01-124/game': np.float64(1.0), 'environment/azk_step_deckbuild_gatecard/AZK01-124/game': np.float64(1.0), 'environment/deckbuild_gatecard/AZK01-124/avg_cost': np.float64(3.3049999999999997), 'environment/azk_step_deckbuild_gatecard/AZK01-124/avg_cost': np.float64(3.3049999999999997), 'environment/deckbuild_gatecard/AZK01-124/main_unique': np.float64(36.0), 'environment/azk_step_deckbuild_gatecard/AZK01-124/main_unique': np.float64(36.0), 'environment/deckbuild_gatecard/AZK01-124/copy_entropy_norm': np.float64(0.9727098412113863), 'environment/azk_step_deckbuild_gatecard/AZK01-124/copy_entropy_norm': np.float64(0.9727098412113863), 'environment/deckbuild_gatecard/AZK01-124/gate_element_share': np.float64(0.48), 'environment/azk_step_deckbuild_gatecard/AZK01-124/gate_element_share': np.float64(0.48), 'environment/deckbuild_gatecard/AZK01-124/type_share/ENTITY': np.float64(0.7849999999999999), 'environment/azk_step_deckbuild_gatecard/AZK01-124/type_share/ENTITY': np.float64(0.7849999999999999), 'environment/deckbuild_gatecard/AZK01-124/type_share/SPELL': np.float64(0.17), 'environment/azk_step_deckbuild_gatecard/AZK01-124/type_share/SPELL': np.float64(0.17), 'environment/deckbuild_gatecard/AZK01-124/type_share/WEAPON': np.float64(0.045000000000000005), 'environment/azk_step_deckbuild_gatecard/AZK01-124/type_share/WEAPON': np.float64(0.045000000000000005), 'environment/deckbuild_gatecard/AZK01-124/cost_share/0_1': np.float64(0.16), 'environment/azk_step_deckbuild_gatecard/AZK01-124/cost_share/0_1': np.float64(0.16), 'environment/deckbuild_gatecard/AZK01-124/cost_share/2_3': np.float64(0.44), 'environment/azk_step_deckbuild_gatecard/AZK01-124/cost_share/2_3': np.float64(0.44), 'environment/deckbuild_gatecard/AZK01-124/cost_share/4_5': np.float64(0.30000000000000004), 'environment/azk_step_deckbuild_gatecard/AZK01-124/cost_share/4_5': np.float64(0.30000000000000004), 'environment/deckbuild_gatecard/AZK01-124/cost_share/6_plus': np.float64(0.1), 'environment/azk_step_deckbuild_gatecard/AZK01-124/cost_share/6_plus': np.float64(0.1), 'environment/deckbuild_gatecard/AZK01-124/leader/AZK01-123': np.float64(1.0), 'environment/azk_step_deckbuild_gatecard/AZK01-124/leader/AZK01-123': np.float64(1.0), 'environment/deckbuild_result/game': np.float64(1.0), 'environment/deckbuild_result/win': np.float64(0.5), 'environment/deckbuild_result/gate_match': np.float64(0.5333333333333333), 'environment/deckbuild_result/gate_match_win_joint': np.float64(0.26666666666666666), 'environment/deckbuild_result/gate_mismatch': np.float64(0.4666666666666667), 'environment/deckbuild_result/gate_mismatch_win_joint': np.float64(0.23333333333333334), 'environment/deckbuild_result/gate/EARTH/game': np.float64(1.0), 'environment/deckbuild_result/gate/EARTH/win': np.float64(0.8125), 'environment/deckbuild_result/gate_pair/EARTH_vs_LIGHTNING/game': np.float64(1.0), 'environment/deckbuild_result/gate_pair/EARTH_vs_LIGHTNING/win': np.float64(1.0), 'environment/deckbuild_result/gate_pair_unordered/EARTH_vs_LIGHTNING/game': np.float64(1.0), 'environment/deckbuild_result/gate_pair_unordered/EARTH_vs_LIGHTNING/win': np.float64(0.5), 'environment/deckbuild_result/gate_mismatch/game': np.float64(1.0), 'environment/deckbuild_result/gate_mismatch/win': np.float64(0.5), 'environment/deckbuild_result/gate_freq/EARTH': np.float64(0.36666666666666664), 'environment/deckbuild_result/gate_win_joint/EARTH': np.float64(0.26666666666666666), 'environment/deckbuild_result/gate_freq/FIRE': np.float64(0.0), 'environment/deckbuild_result/gate_win_joint/FIRE': np.float64(0.0), 'environment/deckbuild_result/gate_freq/LIGHTNING': np.float64(0.16666666666666666), 'environment/deckbuild_result/gate_win_joint/LIGHTNING': np.float64(0.0), 'environment/deckbuild_result/gate_freq/WATER': np.float64(0.4666666666666667), 'environment/deckbuild_result/gate_win_joint/WATER': np.float64(0.23333333333333334), 'environment/deckbuild_result/gate_pair_freq/EARTH_vs_EARTH': np.float64(0.2), 'environment/deckbuild_result/gate_pair_win_joint/EARTH_vs_EARTH': np.float64(0.1), 'environment/deckbuild_result/gate_pair_freq/EARTH_vs_FIRE': np.float64(0.0), 'environment/deckbuild_result/gate_pair_win_joint/EARTH_vs_FIRE': np.float64(0.0), 'environment/deckbuild_result/gate_pair_freq/EARTH_vs_LIGHTNING': np.float64(0.1), 'environment/deckbuild_result/gate_pair_win_joint/EARTH_vs_LIGHTNING': np.float64(0.1), 'environment/deckbuild_result/gate_pair_freq/EARTH_vs_WATER': np.float64(0.06666666666666667), 'environment/deckbuild_result/gate_pair_win_joint/EARTH_vs_WATER': np.float64(0.06666666666666667), 'environment/deckbuild_result/gate_pair_freq/FIRE_vs_EARTH': np.float64(0.0), 'environment/deckbuild_result/gate_pair_win_joint/FIRE_vs_EARTH': np.float64(0.0), 'environment/deckbuild_result/gate_pair_freq/FIRE_vs_FIRE': np.float64(0.0), 'environment/deckbuild_result/gate_pair_win_joint/FIRE_vs_FIRE': np.float64(0.0), 'environment/deckbuild_result/gate_pair_freq/FIRE_vs_LIGHTNING': np.float64(0.0), 'environment/deckbuild_result/gate_pair_win_joint/FIRE_vs_LIGHTNING': np.float64(0.0), 'environment/deckbuild_result/gate_pair_freq/FIRE_vs_WATER': np.float64(0.0), 'environment/deckbuild_result/gate_pair_win_joint/FIRE_vs_WATER': np.float64(0.0), 'environment/deckbuild_result/gate_pair_freq/LIGHTNING_vs_EARTH': np.float64(0.1), 'environment/deckbuild_result/gate_pair_win_joint/LIGHTNING_vs_EARTH': np.float64(0.0), 'environment/deckbuild_result/gate_pair_freq/LIGHTNING_vs_FIRE': np.float64(0.0), 'environment/deckbuild_result/gate_pair_win_joint/LIGHTNING_vs_FIRE': np.float64(0.0), 'environment/deckbuild_result/gate_pair_freq/LIGHTNING_vs_LIGHTNING': np.float64(0.0), 'environment/deckbuild_result/gate_pair_win_joint/LIGHTNING_vs_LIGHTNING': np.float64(0.0), 'environment/deckbuild_result/gate_pair_freq/LIGHTNING_vs_WATER': np.float64(0.06666666666666667), 'environment/deckbuild_result/gate_pair_win_joint/LIGHTNING_vs_WATER': np.float64(0.0), 'environment/deckbuild_result/gate_pair_freq/WATER_vs_EARTH': np.float64(0.06666666666666667), 'environment/deckbuild_result/gate_pair_win_joint/WATER_vs_EARTH': np.float64(0.0), 'environment/deckbuild_result/gate_pair_freq/WATER_vs_FIRE': np.float64(0.0), 'environment/deckbuild_result/gate_pair_win_joint/WATER_vs_FIRE': np.float64(0.0), 'environment/deckbuild_result/gate_pair_freq/WATER_vs_LIGHTNING': np.float64(0.06666666666666667), 'environment/deckbuild_result/gate_pair_win_joint/WATER_vs_LIGHTNING': np.float64(0.06666666666666667), 'environment/deckbuild_result/gate_pair_freq/WATER_vs_WATER': np.float64(0.3333333333333333), 'environment/deckbuild_result/gate_pair_win_joint/WATER_vs_WATER': np.float64(0.16666666666666666), 'environment/deckbuild_result/gate_pair_unordered_freq/EARTH_vs_EARTH': np.float64(0.2), 'environment/deckbuild_result/gate_pair_unordered_win_joint/EARTH_vs_EARTH': np.float64(0.1), 'environment/deckbuild_result/gate_pair_unordered_freq/EARTH_vs_FIRE': np.float64(0.0), 'environment/deckbuild_result/gate_pair_unordered_win_joint/EARTH_vs_FIRE': np.float64(0.0), 'environment/deckbuild_result/gate_pair_unordered_freq/EARTH_vs_LIGHTNING': np.float64(0.2), 'environment/deckbuild_result/gate_pair_unordered_win_joint/EARTH_vs_LIGHTNING': np.float64(0.1), 'environment/deckbuild_result/gate_pair_unordered_freq/EARTH_vs_WATER': np.float64(0.13333333333333333), 'environment/deckbuild_result/gate_pair_unordered_win_joint/EARTH_vs_WATER': np.float64(0.06666666666666667), 'environment/deckbuild_result/gate_pair_unordered_freq/FIRE_vs_FIRE': np.float64(0.0), 'environment/deckbuild_result/gate_pair_unordered_win_joint/FIRE_vs_FIRE': np.float64(0.0), 'environment/deckbuild_result/gate_pair_unordered_freq/FIRE_vs_LIGHTNING': np.float64(0.0), 'environment/deckbuild_result/gate_pair_unordered_win_joint/FIRE_vs_LIGHTNING': np.float64(0.0), 'environment/deckbuild_result/gate_pair_unordered_freq/FIRE_vs_WATER': np.float64(0.0), 'environment/deckbuild_result/gate_pair_unordered_win_joint/FIRE_vs_WATER': np.float64(0.0), 'environment/deckbuild_result/gate_pair_unordered_freq/LIGHTNING_vs_LIGHTNING': np.float64(0.0), 'environment/deckbuild_result/gate_pair_unordered_win_joint/LIGHTNING_vs_LIGHTNING': np.float64(0.0), 'environment/deckbuild_result/gate_pair_unordered_freq/LIGHTNING_vs_WATER': np.float64(0.13333333333333333), 'environment/deckbuild_result/gate_pair_unordered_win_joint/LIGHTNING_vs_WATER': np.float64(0.06666666666666667), 'environment/deckbuild_result/gate_pair_unordered_freq/WATER_vs_WATER': np.float64(0.3333333333333333), 'environment/deckbuild_result/gate_pair_unordered_win_joint/WATER_vs_WATER': np.float64(0.16666666666666666), 'environment/deckbuild_result/gatecard/AZK01-124/game': np.float64(1.0), 'environment/deckbuild_result/gatecard/AZK01-124/win': np.float64(1.0), 'environment/deckbuild_result/gatecard/AZK01-124/attack_rate': np.float64(0.18683555722236633), 'environment/deckbuild_result/gatecard/AZK01-124/spell_rate': np.float64(0.022752423537895083), 'environment/deckbuild_result/gatecard/AZK01-124/weapon_rate': np.float64(0.002577319508418441), 'environment/deckbuild_result/gatecard/AZK01-124/portal_rate': np.float64(0.08834566548466682), 'environment/deckbuild_result/gatecard/AZK01-124/play_entity_rate': np.float64(0.2941778376698494), 'environment/deckbuild_result/gatecard/AZK01-124/noop_rate': np.float64(0.2180968075990677), 'environment/deckbuild_result/gatecard/AZK01-124/episode_length': np.float64(209.5), 'environment/deckbuild_result/gatecard/AZK01-124/leader_health': np.float64(0.22500000335276127), 'environment/deckbuild_result/gatecard/AZK01-124/ability_rate': np.float64(0.04897239105775952), 'environment/deckbuild/leader_card/STT01-001': np.float64(1.0), 'environment/azk_step_deckbuild/leader_card/STT01-001': np.float64(1.0), 'environment/deckbuild_gatecard/AZK01-120/game': np.float64(1.0), 'environment/azk_step_deckbuild_gatecard/AZK01-120/game': np.float64(1.0), 'environment/deckbuild_gatecard/AZK01-120/avg_cost': np.float64(2.6133333333333333), 'environment/azk_step_deckbuild_gatecard/AZK01-120/avg_cost': np.float64(2.6133333333333333), 'environment/deckbuild_gatecard/AZK01-120/main_unique': np.float64(37.333333333333336), 'environment/azk_step_deckbuild_gatecard/AZK01-120/main_unique': np.float64(37.333333333333336), 'environment/deckbuild_gatecard/AZK01-120/copy_entropy_norm': np.float64(0.9777205816454586), 'environment/azk_step_deckbuild_gatecard/AZK01-120/copy_entropy_norm': np.float64(0.9777205816454586), 'environment/deckbuild_gatecard/AZK01-120/gate_element_share': np.float64(0.3466666666666667), 'environment/azk_step_deckbuild_gatecard/AZK01-120/gate_element_share': np.float64(0.3466666666666667), 'environment/deckbuild_gatecard/AZK01-120/type_share/ENTITY': np.float64(0.7000000000000001), 'environment/azk_step_deckbuild_gatecard/AZK01-120/type_share/ENTITY': np.float64(0.7000000000000001), 'environment/deckbuild_gatecard/AZK01-120/type_share/SPELL': np.float64(0.16), 'environment/azk_step_deckbuild_gatecard/AZK01-120/type_share/SPELL': np.float64(0.16), 'environment/deckbuild_gatecard/AZK01-120/type_share/WEAPON': np.float64(0.13999999999999999), 'environment/azk_step_deckbuild_gatecard/AZK01-120/type_share/WEAPON': np.float64(0.13999999999999999), 'environment/deckbuild_gatecard/AZK01-120/cost_share/0_1': np.float64(0.28), 'environment/azk_step_deckbuild_gatecard/AZK01-120/cost_share/0_1': np.float64(0.28), 'environment/deckbuild_gatecard/AZK01-120/cost_share/2_3': np.float64(0.45999999999999996), 'environment/azk_step_deckbuild_gatecard/AZK01-120/cost_share/2_3': np.float64(0.45999999999999996), 'environment/deckbuild_gatecard/AZK01-120/cost_share/4_5': np.float64(0.2333333333333333), 'environment/azk_step_deckbuild_gatecard/AZK01-120/cost_share/4_5': np.float64(0.2333333333333333), 'environment/deckbuild_gatecard/AZK01-120/cost_share/6_plus': np.float64(0.02666666666666667), 'environment/azk_step_deckbuild_gatecard/AZK01-120/cost_share/6_plus': np.float64(0.02666666666666667), 'environment/deckbuild_gatecard/AZK01-120/leader/STT01-001': np.float64(1.0), 'environment/azk_step_deckbuild_gatecard/AZK01-120/leader/STT01-001': np.float64(1.0), 'environment/deckbuild_result/gate/LIGHTNING/game': np.float64(1.0), 'environment/deckbuild_result/gate/LIGHTNING/win': np.float64(0.0), 'environment/deckbuild_result/gate_pair/LIGHTNING_vs_EARTH/game': np.float64(1.0), 'environment/deckbuild_result/gate_pair/LIGHTNING_vs_EARTH/win': np.float64(0.0), 'environment/deckbuild_result/gatecard/AZK01-120/game': np.float64(1.0), 'environment/deckbuild_result/gatecard/AZK01-120/win': np.float64(0.0), 'environment/deckbuild_result/gatecard/AZK01-120/attack_rate': np.float64(0.2045982281366984), 'environment/deckbuild_result/gatecard/AZK01-120/spell_rate': np.float64(0.035396564130981766), 'environment/deckbuild_result/gatecard/AZK01-120/weapon_rate': np.float64(0.03535494953393936), 'environment/deckbuild_result/gatecard/AZK01-120/portal_rate': np.float64(0.11246183762947719), 'environment/deckbuild_result/gatecard/AZK01-120/play_entity_rate': np.float64(0.42185157537460327), 'environment/deckbuild_result/gatecard/AZK01-120/noop_rate': np.float64(0.21507927775382996), 'environment/deckbuild_result/gatecard/AZK01-120/episode_length': np.float64(204.66666666666666), 'environment/deckbuild_result/gatecard/AZK01-120/leader_health': np.float64(0.0), 'environment/deckbuild_result/gatecard/AZK01-120/ability_rate': np.float64(0.007407407586773236), 'environment/ref_seat_rate': np.float64(0.0), 'environment/deckbuild_result/gate_pair/LIGHTNING_vs_WATER/game': np.float64(1.0), 'environment/deckbuild_result/gate_pair/LIGHTNING_vs_WATER/win': np.float64(0.0), 'environment/deckbuild_result/gate_pair_unordered/LIGHTNING_vs_WATER/game': np.float64(1.0), 'environment/deckbuild_result/gate_pair_unordered/LIGHTNING_vs_WATER/win': np.float64(0.5), 'environment/deckbuild/leader_card/AZK01-125': np.float64(1.0), 'environment/azk_step_deckbuild/leader_card/AZK01-125': np.float64(1.0), 'environment/deckbuild_gatecard/AZK01-126/game': np.float64(1.0), 'environment/azk_step_deckbuild_gatecard/AZK01-126/game': np.float64(1.0), 'environment/deckbuild_gatecard/AZK01-126/avg_cost': np.float64(2.9950000000000006), 'environment/azk_step_deckbuild_gatecard/AZK01-126/avg_cost': np.float64(2.9950000000000006), 'environment/deckbuild_gatecard/AZK01-126/main_unique': np.float64(35.5), 'environment/azk_step_deckbuild_gatecard/AZK01-126/main_unique': np.float64(35.5), 'environment/deckbuild_gatecard/AZK01-126/copy_entropy_norm': np.float64(0.9721147986770933), 'environment/azk_step_deckbuild_gatecard/AZK01-126/copy_entropy_norm': np.float64(0.9721147986770933), 'environment/deckbuild_gatecard/AZK01-126/gate_element_share': np.float64(0.45166666666666666), 'environment/azk_step_deckbuild_gatecard/AZK01-126/gate_element_share': np.float64(0.45166666666666666), 'environment/deckbuild_gatecard/AZK01-126/type_share/ENTITY': np.float64(0.69), 'environment/azk_step_deckbuild_gatecard/AZK01-126/type_share/ENTITY': np.float64(0.69), 'environment/deckbuild_gatecard/AZK01-126/type_share/SPELL': np.float64(0.26666666666666666), 'environment/azk_step_deckbuild_gatecard/AZK01-126/type_share/SPELL': np.float64(0.26666666666666666), 'environment/deckbuild_gatecard/AZK01-126/type_share/WEAPON': np.float64(0.043333333333333335), 'environment/azk_step_deckbuild_gatecard/AZK01-126/type_share/WEAPON': np.float64(0.043333333333333335), 'environment/deckbuild_gatecard/AZK01-126/cost_share/0_1': np.float64(0.22666666666666668), 'environment/azk_step_deckbuild_gatecard/AZK01-126/cost_share/0_1': np.float64(0.22666666666666668), 'environment/deckbuild_gatecard/AZK01-126/cost_share/2_3': np.float64(0.4466666666666667), 'environment/azk_step_deckbuild_gatecard/AZK01-126/cost_share/2_3': np.float64(0.4466666666666667), 'environment/deckbuild_gatecard/AZK01-126/cost_share/4_5': np.float64(0.23), 'environment/azk_step_deckbuild_gatecard/AZK01-126/cost_share/4_5': np.float64(0.23), 'environment/deckbuild_gatecard/AZK01-126/cost_share/6_plus': np.float64(0.09666666666666666), 'environment/azk_step_deckbuild_gatecard/AZK01-126/cost_share/6_plus': np.float64(0.09666666666666666), 'environment/deckbuild_gatecard/AZK01-126/leader/AZK01-125': np.float64(1.0), 'environment/azk_step_deckbuild_gatecard/AZK01-126/leader/AZK01-125': np.float64(1.0), 'environment/deckbuild_result/gate/WATER/game': np.float64(1.0), 'environment/deckbuild_result/gate/WATER/win': np.float64(0.5), 'environment/deckbuild_result/gate_pair/WATER_vs_LIGHTNING/game': np.float64(1.0), 'environment/deckbuild_result/gate_pair/WATER_vs_LIGHTNING/win': np.float64(1.0), 'environment/deckbuild_result/gatecard/AZK01-126/game': np.float64(1.0), 'environment/deckbuild_result/gatecard/AZK01-126/win': np.float64(0.75), 'environment/deckbuild_result/gatecard/AZK01-126/attack_rate': np.float64(0.16898638879259428), 'environment/deckbuild_result/gatecard/AZK01-126/spell_rate': np.float64(0.06149893750747045), 'environment/deckbuild_result/gatecard/AZK01-126/weapon_rate': np.float64(0.0071178969616691274), 'environment/deckbuild_result/gatecard/AZK01-126/portal_rate': np.float64(0.08053654866913955), 'environment/deckbuild_result/gatecard/AZK01-126/play_entity_rate': np.float64(0.3230716238419215), 'environment/deckbuild_result/gatecard/AZK01-126/noop_rate': np.float64(0.19138900314768156), 'environment/deckbuild_result/gatecard/AZK01-126/episode_length': np.float64(207.0), 'environment/deckbuild_result/gatecard/AZK01-126/leader_health': np.float64(0.30833333792785805), 'environment/deckbuild_result/gatecard/AZK01-126/ability_rate': np.float64(0.04654732532799244), 'environment/deckbuild/leader_card/STT03-001': np.float64(1.0), 'environment/azk_step_deckbuild/leader_card/STT03-001': np.float64(1.0), 'environment/deckbuild_gatecard/STT03-002/game': np.float64(1.0), 'environment/azk_step_deckbuild_gatecard/STT03-002/game': np.float64(1.0), 'environment/deckbuild_gatecard/STT03-002/avg_cost': np.float64(3.0533333333333332), 'environment/azk_step_deckbuild_gatecard/STT03-002/avg_cost': np.float64(3.0533333333333332), 'environment/deckbuild_gatecard/STT03-002/main_unique': np.float64(37.916666666666664), 'environment/azk_step_deckbuild_gatecard/STT03-002/main_unique': np.float64(37.916666666666664), 'environment/deckbuild_gatecard/STT03-002/copy_entropy_norm': np.float64(0.9776422283619307), 'environment/azk_step_deckbuild_gatecard/STT03-002/copy_entropy_norm': np.float64(0.9776422283619307), 'environment/deckbuild_gatecard/STT03-002/gate_element_share': np.float64(0.44500000000000006), 'environment/azk_step_deckbuild_gatecard/STT03-002/gate_element_share': np.float64(0.44500000000000006), 'environment/deckbuild_gatecard/STT03-002/type_share/ENTITY': np.float64(0.7583333333333333), 'environment/azk_step_deckbuild_gatecard/STT03-002/type_share/ENTITY': np.float64(0.7583333333333333), 'environment/deckbuild_gatecard/STT03-002/type_share/SPELL': np.float64(0.20333333333333334), 'environment/azk_step_deckbuild_gatecard/STT03-002/type_share/SPELL': np.float64(0.20333333333333334), 'environment/deckbuild_gatecard/STT03-002/type_share/WEAPON': np.float64(0.03833333333333334), 'environment/azk_step_deckbuild_gatecard/STT03-002/type_share/WEAPON': np.float64(0.03833333333333334), 'environment/deckbuild_gatecard/STT03-002/cost_share/0_1': np.float64(0.27166666666666667), 'environment/azk_step_deckbuild_gatecard/STT03-002/cost_share/0_1': np.float64(0.27166666666666667), 'environment/deckbuild_gatecard/STT03-002/cost_share/2_3': np.float64(0.35000000000000003), 'environment/azk_step_deckbuild_gatecard/STT03-002/cost_share/2_3': np.float64(0.35000000000000003), 'environment/deckbuild_gatecard/STT03-002/cost_share/4_5': np.float64(0.2783333333333334), 'environment/azk_step_deckbuild_gatecard/STT03-002/cost_share/4_5': np.float64(0.2783333333333334), 'environment/deckbuild_gatecard/STT03-002/cost_share/6_plus': np.float64(0.10000000000000002), 'environment/azk_step_deckbuild_gatecard/STT03-002/cost_share/6_plus': np.float64(0.10000000000000002), 'environment/deckbuild_gatecard/STT03-002/leader/STT03-001': np.float64(1.0), 'environment/azk_step_deckbuild_gatecard/STT03-002/leader/STT03-001': np.float64(1.0), 'environment/deckbuild_result/gate_pair/EARTH_vs_WATER/game': np.float64(1.0), 'environment/deckbuild_result/gate_pair/EARTH_vs_WATER/win': np.float64(1.0), 'environment/deckbuild_result/gate_pair_unordered/EARTH_vs_WATER/game': np.float64(1.0), 'environment/deckbuild_result/gate_pair_unordered/EARTH_vs_WATER/win': np.float64(0.5), 'environment/deckbuild_result/gatecard/STT03-002/game': np.float64(1.0), 'environment/deckbuild_result/gatecard/STT03-002/win': np.float64(0.5833333333333334), 'environment/deckbuild_result/gatecard/STT03-002/attack_rate': np.float64(0.19359499340256056), 'environment/deckbuild_result/gatecard/STT03-002/spell_rate': np.float64(0.035544728549818196), 'environment/deckbuild_result/gatecard/STT03-002/weapon_rate': np.float64(0.004516346380114555), 'environment/deckbuild_result/gatecard/STT03-002/portal_rate': np.float64(0.08753477782011032), 'environment/deckbuild_result/gatecard/STT03-002/play_entity_rate': np.float64(0.28110535194476444), 'environment/deckbuild_result/gatecard/STT03-002/noop_rate': np.float64(0.18739491452773413), 'environment/deckbuild_result/gatecard/STT03-002/episode_length': np.float64(209.5), 'environment/deckbuild_result/gatecard/STT03-002/leader_health': np.float64(0.1666666679084301), 'environment/deckbuild_result/gatecard/STT03-002/ability_rate': np.float64(0.07074064823488395), 'environment/deckbuild/leader_card/STT02-001': np.float64(1.0), 'environment/azk_step_deckbuild/leader_card/STT02-001': np.float64(1.0), 'environment/deckbuild_gatecard/AZK01-126/leader/STT02-001': np.float64(1.0), 'environment/azk_step_deckbuild_gatecard/AZK01-126/leader/STT02-001': np.float64(1.0), 'environment/deckbuild_result/gate_pair/WATER_vs_EARTH/game': np.float64(1.0), 'environment/deckbuild_result/gate_pair/WATER_vs_EARTH/win': np.float64(0.0), 'environment/deckbuild_gatecard/STT02-002/game': np.float64(1.0), 'environment/azk_step_deckbuild_gatecard/STT02-002/game': np.float64(1.0), 'environment/deckbuild_gatecard/STT02-002/avg_cost': np.float64(2.9616666666666664), 'environment/azk_step_deckbuild_gatecard/STT02-002/avg_cost': np.float64(2.9616666666666664), 'environment/deckbuild_gatecard/STT02-002/main_unique': np.float64(36.75), 'environment/azk_step_deckbuild_gatecard/STT02-002/main_unique': np.float64(36.75), 'environment/deckbuild_gatecard/STT02-002/copy_entropy_norm': np.float64(0.977204835545365), 'environment/azk_step_deckbuild_gatecard/STT02-002/copy_entropy_norm': np.float64(0.977204835545365), 'environment/deckbuild_gatecard/STT02-002/gate_element_share': np.float64(0.445), 'environment/azk_step_deckbuild_gatecard/STT02-002/gate_element_share': np.float64(0.445), 'environment/deckbuild_gatecard/STT02-002/type_share/ENTITY': np.float64(0.6750000000000002), 'environment/azk_step_deckbuild_gatecard/STT02-002/type_share/ENTITY': np.float64(0.6750000000000002), 'environment/deckbuild_gatecard/STT02-002/type_share/SPELL': np.float64(0.2683333333333333), 'environment/azk_step_deckbuild_gatecard/STT02-002/type_share/SPELL': np.float64(0.2683333333333333), 'environment/deckbuild_gatecard/STT02-002/type_share/WEAPON': np.float64(0.05666666666666667), 'environment/azk_step_deckbuild_gatecard/STT02-002/type_share/WEAPON': np.float64(0.05666666666666667), 'environment/deckbuild_gatecard/STT02-002/cost_share/0_1': np.float64(0.24833333333333338), 'environment/azk_step_deckbuild_gatecard/STT02-002/cost_share/0_1': np.float64(0.24833333333333338), 'environment/deckbuild_gatecard/STT02-002/cost_share/2_3': np.float64(0.43999999999999995), 'environment/azk_step_deckbuild_gatecard/STT02-002/cost_share/2_3': np.float64(0.43999999999999995), 'environment/deckbuild_gatecard/STT02-002/cost_share/4_5': np.float64(0.18666666666666665), 'environment/azk_step_deckbuild_gatecard/STT02-002/cost_share/4_5': np.float64(0.18666666666666665), 'environment/deckbuild_gatecard/STT02-002/cost_share/6_plus': np.float64(0.125), 'environment/azk_step_deckbuild_gatecard/STT02-002/cost_share/6_plus': np.float64(0.125), 'environment/deckbuild_gatecard/STT02-002/leader/STT02-001': np.float64(1.0), 'environment/azk_step_deckbuild_gatecard/STT02-002/leader/STT02-001': np.float64(1.0), 'environment/deckbuild_result/gate_pair/WATER_vs_WATER/game': np.float64(1.0), 'environment/deckbuild_result/gate_pair/WATER_vs_WATER/win': np.float64(0.5), 'environment/deckbuild_result/gate_pair_unordered/WATER_vs_WATER/game': np.float64(1.0), 'environment/deckbuild_result/gate_pair_unordered/WATER_vs_WATER/win': np.float64(0.5), 'environment/deckbuild_result/gate_match/game': np.float64(1.0), 'environment/deckbuild_result/gate_match/win': np.float64(0.5), 'environment/deckbuild_result/gatecard/STT02-002/game': np.float64(1.0), 'environment/deckbuild_result/gatecard/STT02-002/win': np.float64(0.25), 'environment/deckbuild_result/gatecard/STT02-002/attack_rate': np.float64(0.16661385198434195), 'environment/deckbuild_result/gatecard/STT02-002/spell_rate': np.float64(0.041277671388039984), 'environment/deckbuild_result/gatecard/STT02-002/weapon_rate': np.float64(0.010635297745466232), 'environment/deckbuild_result/gatecard/STT02-002/portal_rate': np.float64(0.08505562071998914), 'environment/deckbuild_result/gatecard/STT02-002/play_entity_rate': np.float64(0.32229242225488025), 'environment/deckbuild_result/gatecard/STT02-002/noop_rate': np.float64(0.20492419600486755), 'environment/deckbuild_result/gatecard/STT02-002/episode_length': np.float64(207.66666666666666), 'environment/deckbuild_result/gatecard/STT02-002/leader_health': np.float64(0.02916666679084301), 'environment/deckbuild_result/gatecard/STT02-002/ability_rate': np.float64(0.06360431636373202), 'environment/deckbuild_gatecard/STT02-002/leader/AZK01-125': np.float64(1.0), 'environment/azk_step_deckbuild_gatecard/STT02-002/leader/AZK01-125': np.float64(1.0), 'environment/deckbuild_gatecard/STT03-002/leader/AZK01-123': np.float64(1.0), 'environment/azk_step_deckbuild_gatecard/STT03-002/leader/AZK01-123': np.float64(1.0), 'environment/deckbuild/leader_card/AZK01-119': np.float64(1.0), 'environment/azk_step_deckbuild/leader_card/AZK01-119': np.float64(1.0), 'environment/deckbuild_gatecard/AZK01-120/leader/AZK01-119': np.float64(1.0), 'environment/azk_step_deckbuild_gatecard/AZK01-120/leader/AZK01-119': np.float64(1.0), 'environment/deckbuild_result/gate_pair/EARTH_vs_EARTH/game': np.float64(1.0), 'environment/deckbuild_result/gate_pair/EARTH_vs_EARTH/win': np.float64(0.5), 'environment/deckbuild_result/gate_pair_unordered/EARTH_vs_EARTH/game': np.float64(1.0), 'environment/deckbuild_result/gate_pair_unordered/EARTH_vs_EARTH/win': np.float64(0.5), 'environment/deckbuild_gatecard/AZK01-124/leader/STT03-001': np.float64(1.0), 'environment/azk_step_deckbuild_gatecard/AZK01-124/leader/STT03-001': np.float64(1.0), 'environment/deckbuild_gatecard/STT01-002/game': np.float64(1.0), 'environment/azk_step_deckbuild_gatecard/STT01-002/game': np.float64(1.0), 'environment/deckbuild_gatecard/STT01-002/avg_cost': np.float64(2.91), 'environment/azk_step_deckbuild_gatecard/STT01-002/avg_cost': np.float64(2.91), 'environment/deckbuild_gatecard/STT01-002/main_unique': np.float64(37.5), 'environment/azk_step_deckbuild_gatecard/STT01-002/main_unique': np.float64(37.5), 'environment/deckbuild_gatecard/STT01-002/copy_entropy_norm': np.float64(0.9843377079511095), 'environment/azk_step_deckbuild_gatecard/STT01-002/copy_entropy_norm': np.float64(0.9843377079511095), 'environment/deckbuild_gatecard/STT01-002/gate_element_share': np.float64(0.42000000000000004), 'environment/azk_step_deckbuild_gatecard/STT01-002/gate_element_share': np.float64(0.42000000000000004), 'environment/deckbuild_gatecard/STT01-002/type_share/ENTITY': np.float64(0.6799999999999999), 'environment/azk_step_deckbuild_gatecard/STT01-002/type_share/ENTITY': np.float64(0.6799999999999999), 'environment/deckbuild_gatecard/STT01-002/type_share/SPELL': np.float64(0.16), 'environment/azk_step_deckbuild_gatecard/STT01-002/type_share/SPELL': np.float64(0.16), 'environment/deckbuild_gatecard/STT01-002/type_share/WEAPON': np.float64(0.16), 'environment/azk_step_deckbuild_gatecard/STT01-002/type_share/WEAPON': np.float64(0.16), 'environment/deckbuild_gatecard/STT01-002/cost_share/0_1': np.float64(0.25), 'environment/azk_step_deckbuild_gatecard/STT01-002/cost_share/0_1': np.float64(0.25), 'environment/deckbuild_gatecard/STT01-002/cost_share/2_3': np.float64(0.37), 'environment/azk_step_deckbuild_gatecard/STT01-002/cost_share/2_3': np.float64(0.37), 'environment/deckbuild_gatecard/STT01-002/cost_share/4_5': np.float64(0.33999999999999997), 'environment/azk_step_deckbuild_gatecard/STT01-002/cost_share/4_5': np.float64(0.33999999999999997), 'environment/deckbuild_gatecard/STT01-002/cost_share/6_plus': np.float64(0.04), 'environment/azk_step_deckbuild_gatecard/STT01-002/cost_share/6_plus': np.float64(0.04), 'environment/deckbuild_gatecard/STT01-002/leader/STT01-001': np.float64(1.0), 'environment/azk_step_deckbuild_gatecard/STT01-002/leader/STT01-001': np.float64(1.0), 'environment/deckbuild_result/gatecard/STT01-002/game': np.float64(1.0), 'environment/deckbuild_result/gatecard/STT01-002/win': np.float64(0.0), 'environment/deckbuild_result/gatecard/STT01-002/attack_rate': np.float64(0.1785825937986374), 'environment/deckbuild_result/gatecard/STT01-002/spell_rate': np.float64(0.035591455176472664), 'environment/deckbuild_result/gatecard/STT01-002/weapon_rate': np.float64(0.04054195061326027), 'environment/deckbuild_result/gatecard/STT01-002/portal_rate': np.float64(0.11698801070451736), 'environment/deckbuild_result/gatecard/STT01-002/play_entity_rate': np.float64(0.3670661896467209), 'environment/deckbuild_result/gatecard/STT01-002/noop_rate': np.float64(0.18322043120861053), 'environment/deckbuild_result/gatecard/STT01-002/episode_length': np.float64(213.0), 'environment/deckbuild_result/gatecard/STT01-002/leader_health': np.float64(0.0), 'environment/deckbuild_result/gatecard/STT01-002/ability_rate': np.float64(0.02631579153239727), 'environment/deckbuild_gatecard/STT01-002/leader/AZK01-119': np.float64(1.0), 'environment/azk_step_deckbuild_gatecard/STT01-002/leader/AZK01-119': np.float64(1.0), 'losses/policy_loss': -0.006273108534514904, 'losses/value_loss': 0.04382729530334473, 'losses/value_loss_total': 0.04382729530334473, 'losses/entropy': 1.3049192428588867, 'losses/old_approx_kl': 3.4261711334693246e-06, 'losses/approx_kl': 8.098626125274677e-08, 'losses/clipfrac': 0.0, 'losses/importance': 0.9999966621398926, 'losses/win_prob_aux_loss': 0.69140625, 'losses/win_prob_aux_labeled_frac': 0.08349609375, 'losses/explained_variance': 0.04620540142059326, 'losses/win_prob_aux_accuracy': 0.76953125, 'losses/win_prob_aux_brier': 0.248046875, 'losses/win_prob_aux_pred_mean': 0.498046875, 'losses/win_prob_aux_target_mean': 0.5078125, 'performance/eval': 29.503233432769775, 'performance/train': 31.75637125968933, 'performance/eval_forward': 28.717570304870605, 'performance/env': 0.09813308715820312, 'performance/eval_copy': 0.6036078929901123, 'performance/eval_misc': 0.08374929428100586, 'performance/train_forward': 6.549868583679199, 'performance/learn_backward': 12.336832284927368, 'performance/learn_opt': 12.671878337860107, 'performance/train_copy': 0.009955167770385742, 'performance/train_misc': 0.18767595291137695}
[0;0H╭──────────────────────────────────────────────────────────────────────────────╮
│  PufferLib 4.0          🐡      CPU:     GPU: 0.0%  DRAM: 9.0%   VRAM: 0.0%  │
│                                 68.9%                                        │
│                                                                              │
│  Summary          Value    Evaluate     29s  47%    Losses            Value  │
│  Env        azuki_local      Forwa…     28s  46%    policy_loss      -0.010  │
│  Params           90.2M      Env         0s   0%    value_loss        0.037  │
│  Steps           307.2K      Copy        0s   1%    value_loss_to…    0.037  │
│  SPS                  0      Misc        0s   0%    entropy           1.162  │
│  Epoch               20    Train        31s  52%    old_approx_kl    -0.000  │
│  Uptime           2m 0s      Forwa…      6s  10%    approx_kl         0.000  │
│  Remaini…   A hair past      Backw…     12s  20%    clipfrac          0.000  │
│               a freckle      Optim…     12s  20%    importance        1.000  │
│                              Copy        0s   0%    win_prob_aux_…    0.691  │
│                              Misc        0s   0%    win_prob_aux_…    0.052  │
│                                                     explained_var…    0.046  │
│                                                     win_prob_aux_…    0.555  │
│                                                     win_prob_aux_…    0.247  │
│                                                     win_prob_aux_…    0.494  │
│                                                     win_prob_aux_…    0.488  │
│                                                                              │
│  User Stats                    Value    User Stats                    Value  │
╰──────────────────────────────────────────────────────────────────────────────╯

[checkpoint] parity verified: path=experiments/azuki_local_178416566656/model_azuki_local_000020.pt, rewritten=False, max_abs_diff=0, max_abs_diff_key=<none>
[W715 18:36:31.945665865 AllocatorConfig.cpp:28] Warning: PYTORCH_CUDA_ALLOC_CONF is deprecated, use PYTORCH_ALLOC_CONF instead (function operator())
